Customer_ID,Age,Employment_Status,Income_USD,Credit_Score,Total_BNPL_Active_Loans,Total_BNPL_Debt_USD,Late_Payment_History,Shopping_Category_Most_Frequent,Average_Transaction_Value_USD,Default_Risk
C00001,29,Employed,73405.0,637.0,2,193,No,Fashion,118,Low
C00002,64,Employed,53732.0,815.0,0,0,No,Electronics,662,Low
C00003,26,Freelancer,69930.0,723.0,2,273,No,Fashion,76,Low
C00004,19,Employed,96941.0,716.0,3,421,No,Home/Furniture,449,Low
C00005,55,Student,15959.0,675.0,2,145,No,Travel,974,Low
C00006,20,Student,19759.0,488.0,3,513,Yes,Electronics,389,Medium
C00007,21,Student,7351.0,,2,50,No,Groceries/Essentials,61,Low
C00008,53,Freelancer,90887.0,730.0,4,773,No,Electronics,665,Low
C00009,42,Freelancer,51148.0,610.0,5,918,No,Electronics,681,Low
C00010,47,Employed,115871.0,723.0,2,185,No,Groceries/Essentials,54,Low
C00011,41,Unemployed,,621.0,2,377,No,Fashion,64,Medium
C00012,20,Employed,58476.0,774.0,1,181,No,Fashion,115,Low
C00013,18,Student,16857.0,474.0,2,298,Yes,Electronics,662,Medium
C00014,48,Employed,53800.0,708.0,2,170,No,Fashion,138,Low
C00015,23,Employed,54700.0,721.0,1,110,No,Fashion,154,Low
C00016,28,Employed,88759.0,667.0,0,0,No,Fashion,29,Low
C00017,22,Student,10051.0,539.0,2,356,Yes,Home/Furniture,391,Medium
C00018,19,Student,13543.0,552.0,2,329,No,Fashion,89,Low
C00019,28,Employed,29754.0,676.0,1,214,No,Home/Furniture,417,Low
C00020,24,Student,11350.0,719.0,0,0,No,Fashion,115,Low
C00021,34,Freelancer,54046.0,555.0,6,705,No,Travel,853,Low
C00022,49,Employed,78587.0,684.0,1,168,No,Electronics,384,Low
C00023,22,Employed,29426.0,660.0,5,572,No,Groceries/Essentials,38,Low
C00024,27,Freelancer,51881.0,529.0,1,62,Yes,Fashion,152,Low
C00025,36,Employed,47944.0,688.0,2,248,No,Electronics,698,Low
C00026,29,Employed,106596.0,647.0,4,599,No,Travel,926,Low
C00027,20,Employed,63301.0,755.0,3,157,No,Fashion,113,Low
C00028,30,Employed,38713.0,720.0,4,1083,No,Fashion,125,Low
C00029,46,Employed,37615.0,666.0,6,300,No,Home/Furniture,457,Low
C00030,57,Employed,,585.0,2,109,No,Electronics,561,Low
C00031,24,Student,18462.0,616.0,0,0,No,Electronics,528,Low
C00032,61,Employed,51287.0,643.0,2,265,No,Fashion,153,Low
C00033,53,Employed,59066.0,724.0,1,105,No,Electronics,635,Low
C00034,42,Employed,97341.0,544.0,1,153,No,Fashion,28,Low
C00035,47,Student,18993.0,545.0,3,176,Yes,Home/Furniture,489,Low
C00036,19,Employed,70898.0,647.0,1,255,Yes,Fashion,99,Low
C00037,27,Employed,55752.0,686.0,7,1825,No,Electronics,596,Low
C00038,26,Employed,22659.0,765.0,8,1428,No,Groceries/Essentials,29,High
C00039,22,Employed,59480.0,748.0,1,210,Yes,Groceries/Essentials,50,Low
C00040,53,Student,18748.0,547.0,3,203,No,Electronics,466,Low
C00041,39,Student,13311.0,765.0,0,0,Yes,Electronics,435,Low
C00042,23,Employed,81083.0,701.0,4,880,No,Fashion,45,Low
C00043,33,Employed,45971.0,627.0,0,0,No,Fashion,116,Low
C00044,24,Employed,67537.0,626.0,2,122,No,Groceries/Essentials,73,Low
C00045,22,Employed,76599.0,701.0,2,157,No,Home/Furniture,488,Low
C00046,47,Employed,82258.0,606.0,2,221,Yes,Fashion,85,Low
C00047,22,Employed,72305.0,743.0,1,101,No,Fashion,74,Low
C00048,49,Employed,90789.0,628.0,1,92,No,Fashion,68,Low
C00049,54,Employed,57299.0,691.0,1,144,No,Travel,1181,Low
C00050,47,Employed,74514.0,677.0,1,208,No,Electronics,402,Low
C00051,38,Employed,82051.0,662.0,2,276,No,Fashion,48,Low
C00052,52,Employed,70213.0,709.0,1,204,No,Home/Furniture,395,Low
C00053,29,Employed,60149.0,710.0,0,0,No,Electronics,612,Low
C00054,34,Student,14248.0,600.0,2,283,Yes,Electronics,608,Low
C00055,30,Employed,73911.0,682.0,1,39,No,Fashion,164,Low
C00056,18,Employed,62300.0,677.0,3,575,No,Groceries/Essentials,56,Low
C00057,24,Employed,70601.0,706.0,3,560,No,Electronics,412,Low
C00058,36,Employed,78906.0,642.0,1,194,No,Fashion,116,Low
C00059,27,Student,11230.0,676.0,1,158,No,Electronics,547,Low
C00060,31,Freelancer,70688.0,579.0,1,89,Yes,Home/Furniture,237,Low
C00061,37,Employed,68143.0,831.0,6,1187,No,Home/Furniture,382,Low
C00062,25,Employed,85468.0,666.0,1,116,No,Travel,691,Low
C00063,27,Unemployed,5000.0,677.0,0,0,No,Electronics,551,Low
C00064,21,Employed,94590.0,697.0,4,618,No,Electronics,663,Low
C00065,18,Employed,32526.0,752.0,3,411,No,Home/Furniture,442,Low
C00066,22,Employed,66867.0,733.0,5,106,No,Electronics,438,Low
C00067,22,Employed,56218.0,707.0,2,238,No,Travel,969,Low
C00068,34,Freelancer,105198.0,543.0,4,864,Yes,Travel,669,Low
C00069,44,Employed,70337.0,778.0,1,100,Yes,Fashion,106,Low
C00070,36,Employed,61097.0,630.0,1,101,No,Electronics,372,Low
C00071,52,Unemployed,17922.0,577.0,2,295,No,Fashion,124,Low
C00072,33,Employed,91200.0,678.0,1,65,No,Travel,1206,Low
C00073,45,Employed,69337.0,,3,292,No,Fashion,127,Low
C00074,38,Employed,108464.0,687.0,6,1314,No,Fashion,122,Low
C00075,36,Employed,64999.0,764.0,9,659,No,Home/Furniture,309,Low
C00076,38,Employed,70370.0,691.0,2,123,No,Fashion,66,Low
C00077,20,Employed,58321.0,690.0,1,249,No,Electronics,560,Low
C00078,30,Employed,67106.0,693.0,1,176,No,Electronics,588,Low
C00079,30,Employed,62896.0,745.0,8,0,No,Home/Furniture,319,Low
C00080,28,Employed,76569.0,654.0,3,679,No,Fashion,42,Low
C00081,53,Employed,53196.0,740.0,3,477,No,Groceries/Essentials,73,Low
C00082,62,Employed,121702.0,745.0,7,1436,No,Home/Furniture,559,Low
C00083,19,Employed,46460.0,702.0,1,132,No,Electronics,426,Low
C00084,34,Employed,47052.0,694.0,1,107,No,Fashion,10,Low
C00085,32,Student,11334.0,609.0,1,185,No,Fashion,99,Low
C00086,24,Freelancer,63252.0,632.0,1,141,Yes,Electronics,740,Low
C00087,42,Unemployed,8010.0,533.0,2,255,No,Fashion,160,Medium
C00088,21,Employed,90569.0,659.0,2,207,No,Electronics,297,Low
C00089,47,Freelancer,55208.0,585.0,1,148,No,Fashion,130,Low
C00090,42,Employed,34449.0,654.0,2,420,No,Fashion,74,Low
C00091,59,Student,16434.0,521.0,0,0,Yes,Fashion,50,Low
C00092,43,Employed,83785.0,655.0,2,408,No,Fashion,141,Low
C00093,24,Employed,32936.0,644.0,3,395,No,Travel,1022,Low
C00094,23,Employed,54980.0,640.0,2,397,Yes,Electronics,655,Low
C00095,24,Student,14170.0,462.0,2,387,Yes,Fashion,112,Medium
C00096,31,Employed,68432.0,792.0,1,139,No,Electronics,551,Low
C00097,45,Student,23543.0,694.0,7,971,No,Fashion,80,Medium
C00098,31,Employed,51291.0,619.0,1,185,No,Fashion,66,Low
C00099,37,Freelancer,92255.0,737.0,1,139,No,Electronics,763,Low
C00100,56,Employed,51439.0,635.0,1,236,No,Fashion,126,Low
C00101,19,Employed,62550.0,743.0,2,292,No,Fashion,156,Low
C00102,29,Student,15868.0,706.0,4,286,No,Electronics,502,Low
C00103,31,Employed,76697.0,639.0,1,68,Yes,Electronics,855,Low
C00104,33,Unemployed,5000.0,588.0,1,166,Yes,Fashion,51,Medium
C00105,64,Employed,55342.0,656.0,2,188,No,Fashion,174,Low
C00106,32,Employed,45979.0,683.0,1,109,No,Home/Furniture,285,Low
C00107,58,Student,18096.0,603.0,1,176,No,Travel,1111,Low
C00108,41,Employed,81066.0,596.0,1,134,Yes,Fashion,146,Low
C00109,21,Employed,53692.0,811.0,3,654,No,Travel,806,Low
C00110,22,Student,14805.0,641.0,2,310,No,Electronics,538,Low
C00111,47,Employed,74889.0,750.0,1,195,Yes,Fashion,67,Low
C00112,45,Employed,54550.0,660.0,1,61,No,Electronics,485,Low
C00113,55,Employed,87091.0,705.0,4,517,No,Fashion,140,Low
C00114,26,Student,19544.0,646.0,7,1405,Yes,Travel,714,High
C00115,54,Employed,52537.0,699.0,2,290,No,Home/Furniture,383,Low
C00116,46,Student,19179.0,558.0,0,0,No,Fashion,143,Low
C00117,20,Employed,60956.0,578.0,1,126,Yes,Electronics,594,Low
C00118,32,Freelancer,67617.0,644.0,4,1063,No,Home/Furniture,445,Low
C00119,24,Unemployed,15384.0,645.0,7,450,Yes,Fashion,74,Medium
C00120,23,Employed,63072.0,758.0,4,380,No,Travel,631,Low
C00121,28,Student,20120.0,599.0,2,490,No,Electronics,470,Low
C00122,30,Freelancer,63099.0,651.0,1,102,No,Home/Furniture,448,Low
C00123,18,Unemployed,5000.0,558.0,1,117,Yes,Electronics,545,Medium
C00124,25,Employed,38393.0,687.0,2,381,No,Home/Furniture,605,Low
C00125,34,Student,14791.0,677.0,1,89,No,Groceries/Essentials,38,Low
C00126,21,Employed,54619.0,629.0,1,204,Yes,Home/Furniture,422,Low
C00127,19,Student,15669.0,523.0,2,456,No,Fashion,89,Low
C00128,49,Student,11151.0,520.0,1,147,Yes,Home/Furniture,417,Low
C00129,25,Freelancer,101925.0,672.0,2,454,Yes,Electronics,346,Low
C00130,20,Employed,79164.0,686.0,1,143,No,Home/Furniture,387,Low
C00131,19,Unemployed,17688.0,487.0,1,163,Yes,Electronics,237,Low
C00132,53,Employed,34104.0,660.0,1,170,No,Fashion,101,Low
C00133,36,Employed,54830.0,730.0,4,463,No,Home/Furniture,365,Low
C00134,40,Employed,94429.0,697.0,4,889,No,Travel,778,Low
C00135,53,Student,17674.0,635.0,1,185,Yes,Fashion,78,Low
C00136,44,Employed,55930.0,703.0,1,172,No,Fashion,113,Low
C00137,45,Employed,61526.0,723.0,4,648,No,Travel,869,Low
C00138,18,Employed,63189.0,660.0,1,119,No,Fashion,58,Low
C00139,44,Freelancer,74197.0,683.0,2,205,No,Fashion,154,Low
C00140,49,Employed,54624.0,665.0,5,1061,No,Home/Furniture,231,Low
C00141,46,Employed,87355.0,790.0,2,401,No,Fashion,93,Low
C00142,61,Employed,121899.0,631.0,3,436,Yes,Electronics,610,Low
C00143,50,Student,6654.0,479.0,3,718,Yes,Fashion,119,High
C00144,59,Student,15794.0,723.0,2,60,No,Home/Furniture,389,Low
C00145,27,Student,9839.0,621.0,1,141,Yes,Electronics,422,Low
C00146,20,Freelancer,38332.0,764.0,1,81,No,Fashion,97,Low
C00147,31,Employed,51375.0,674.0,1,165,No,Fashion,135,Low
C00148,29,Student,13212.0,551.0,2,329,Yes,Home/Furniture,351,Medium
C00149,42,Employed,83584.0,680.0,2,230,No,Home/Furniture,410,Low
C00150,42,Employed,51312.0,668.0,5,589,Yes,Electronics,299,Medium
C00151,26,Employed,74171.0,756.0,4,541,No,Electronics,471,Low
C00152,18,Employed,61775.0,717.0,1,197,No,Home/Furniture,647,Low
C00153,26,Freelancer,25330.0,693.0,0,0,No,Groceries/Essentials,82,Low
C00154,21,Student,5000.0,642.0,4,649,No,Home/Furniture,319,High
C00155,22,Employed,59958.0,616.0,0,0,No,Fashion,66,Low
C00156,29,Employed,99736.0,740.0,0,0,No,Electronics,585,Low
C00157,53,Employed,58060.0,806.0,1,164,No,Fashion,141,Low
C00158,63,Employed,69255.0,780.0,2,292,Yes,Fashion,39,Low
C00159,64,Freelancer,32483.0,632.0,4,589,Yes,Travel,509,Low
C00160,25,Freelancer,59504.0,717.0,2,249,Yes,Groceries/Essentials,85,Low
C00161,60,Freelancer,43644.0,766.0,3,383,No,Fashion,74,Low
C00162,22,Employed,69001.0,614.0,3,372,Yes,Fashion,63,Low
C00163,22,Employed,59054.0,656.0,1,56,Yes,Home/Furniture,416,Low
C00164,33,Employed,69396.0,710.0,4,266,No,Electronics,378,Low
C00165,34,Employed,60212.0,708.0,1,153,No,Fashion,68,Low
C00166,41,Employed,53587.0,746.0,1,127,Yes,Home/Furniture,227,Low
C00167,22,Employed,72513.0,647.0,0,0,No,Electronics,181,Low
C00168,57,Employed,69716.0,645.0,2,387,No,Fashion,166,Low
C00169,32,Student,19511.0,558.0,0,0,No,Travel,840,Low
C00170,35,Freelancer,40979.0,677.0,3,375,No,Electronics,496,Low
C00171,34,Freelancer,39793.0,610.0,4,614,No,Fashion,68,Low
C00172,26,Freelancer,75163.0,594.0,2,196,No,Fashion,112,Low
C00173,42,Student,,650.0,0,0,No,Groceries/Essentials,73,Low
C00174,23,Employed,62433.0,695.0,4,596,Yes,Fashion,77,Low
C00175,33,Employed,78723.0,632.0,2,502,Yes,Electronics,215,Low
C00176,19,Employed,94071.0,603.0,2,215,No,Home/Furniture,283,Low
C00177,19,Employed,105039.0,719.0,1,76,No,Travel,807,Low
C00178,22,Employed,45062.0,649.0,2,262,No,Electronics,671,Low
C00179,50,Employed,73897.0,640.0,3,170,Yes,Electronics,472,Low
C00180,48,Employed,55571.0,709.0,1,94,No,Fashion,144,Low
C00181,29,Student,18896.0,663.0,5,480,No,Electronics,474,Low
C00182,61,Employed,91383.0,742.0,1,110,Yes,Fashion,153,Low
C00183,60,Unemployed,33377.0,,1,200,Yes,Fashion,47,Low
C00184,31,Employed,40239.0,676.0,3,676,No,Fashion,60,Low
C00185,63,Student,16648.0,505.0,5,1027,Yes,Electronics,494,High
C00186,22,Employed,55349.0,654.0,2,382,No,Fashion,208,Low
C00187,18,Employed,56782.0,671.0,1,88,No,Home/Furniture,424,Low
C00188,58,Employed,66363.0,745.0,1,82,No,Electronics,649,Low
C00189,27,Student,16922.0,617.0,3,346,Yes,Fashion,162,Low
C00190,51,Employed,53377.0,723.0,1,151,No,Electronics,744,Low
C00191,20,Employed,33559.0,699.0,0,0,No,Groceries/Essentials,54,Low
C00192,24,Freelancer,60579.0,776.0,2,531,No,Fashion,89,Low
C00193,27,Employed,82129.0,615.0,5,764,Yes,Fashion,42,Low
C00194,55,Employed,88180.0,640.0,5,618,Yes,Home/Furniture,663,Low
C00195,21,Employed,78111.0,724.0,1,167,No,Travel,937,Low
C00196,54,Student,17189.0,621.0,1,145,Yes,Home/Furniture,482,Low
C00197,58,Employed,57085.0,744.0,0,0,Yes,Travel,732,Low
C00198,41,Freelancer,63008.0,696.0,2,131,No,Travel,1048,Low
C00199,39,Student,18052.0,594.0,1,138,Yes,Fashion,57,Low
C00200,32,Employed,63700.0,619.0,2,443,No,Home/Furniture,507,Low
C00201,44,Employed,47616.0,685.0,3,376,No,Fashion,146,Low
C00202,31,Freelancer,69476.0,704.0,1,158,No,Fashion,172,Low
C00203,32,Student,12808.0,,2,229,Yes,Electronics,355,Medium
C00204,28,Student,6115.0,665.0,1,131,No,Travel,767,Low
C00205,46,Student,16934.0,516.0,0,0,Yes,Fashion,87,Low
C00206,39,Employed,96256.0,,3,410,No,Travel,929,Low
C00207,38,Student,15703.0,596.0,2,376,No,Electronics,963,Low
C00208,28,Employed,41844.0,608.0,2,375,No,Home/Furniture,501,Low
C00209,22,Student,14830.0,625.0,3,666,No,Electronics,300,Medium
C00210,43,Student,17245.0,766.0,1,141,No,Fashion,83,Low
C00211,29,Employed,73310.0,,2,165,Yes,Groceries/Essentials,46,Low
C00212,28,Student,10288.0,555.0,0,0,No,Electronics,585,Low
C00213,52,Freelancer,60530.0,716.0,3,297,No,Fashion,95,Low
C00214,20,Employed,82153.0,628.0,1,135,Yes,Fashion,52,Low
C00215,33,Student,16536.0,596.0,1,106,Yes,Home/Furniture,499,Low
C00216,49,Employed,64625.0,737.0,4,273,No,Travel,846,Low
C00217,24,Employed,50939.0,783.0,4,418,No,Travel,983,Low
C00218,38,Employed,72645.0,692.0,3,265,No,Electronics,561,Low
C00219,18,Unemployed,23448.0,621.0,5,999,Yes,Home/Furniture,345,High
C00220,41,Student,6518.0,417.0,2,471,Yes,Travel,915,High
C00221,37,Student,,636.0,2,293,No,Home/Furniture,454,Low
C00222,41,Student,23319.0,646.0,4,819,Yes,Fashion,96,Medium
C00223,40,Employed,52832.0,693.0,2,135,No,Travel,946,Low
C00224,52,Employed,67443.0,749.0,3,438,No,Fashion,89,Low
C00225,51,Freelancer,88280.0,595.0,3,277,Yes,Electronics,303,Low
C00226,44,Student,14071.0,604.0,2,212,No,Fashion,112,Low
C00227,27,Employed,56062.0,767.0,3,640,No,Fashion,111,Low
C00228,41,Employed,62173.0,730.0,1,129,No,Fashion,97,Low
C00229,36,Employed,63446.0,690.0,1,88,No,Fashion,96,Low
C00230,31,Freelancer,82241.0,594.0,3,227,Yes,Travel,735,Low
C00231,26,Employed,37762.0,728.0,3,445,No,Electronics,649,Low
C00232,42,Unemployed,15332.0,533.0,2,377,Yes,Travel,936,Medium
C00233,55,Freelancer,76530.0,679.0,1,146,No,Electronics,734,Low
C00234,54,Employed,51558.0,713.0,2,404,No,Home/Furniture,233,Low
C00235,44,Unemployed,24322.0,,3,425,Yes,Fashion,148,Medium
C00236,28,Student,10700.0,704.0,3,591,No,Electronics,505,Medium
C00237,49,Employed,79077.0,664.0,3,283,No,Electronics,657,Low
C00238,20,Employed,49966.0,661.0,4,825,Yes,Electronics,599,Low
C00239,22,Employed,68698.0,735.0,2,449,No,Electronics,562,Low
C00240,23,Employed,66290.0,765.0,1,109,No,Home/Furniture,365,Low
C00241,55,Employed,51575.0,667.0,2,316,Yes,Fashion,107,Low
C00242,23,Employed,58056.0,678.0,2,460,No,Travel,844,Low
C00243,23,Student,10795.0,712.0,2,420,No,Home/Furniture,488,Low
C00244,20,Employed,77800.0,628.0,0,0,No,Travel,1228,Low
C00245,18,Employed,101607.0,779.0,2,339,No,Travel,566,Low
C00246,39,Employed,54901.0,675.0,3,430,No,Fashion,139,Low
C00247,29,Unemployed,15810.0,549.0,2,416,No,Electronics,620,Low
C00248,46,Freelancer,48573.0,572.0,1,113,Yes,Electronics,482,Low
C00249,42,Student,16061.0,617.0,2,278,No,Fashion,120,Low
C00250,41,Student,23583.0,646.0,1,193,Yes,Fashion,106,Low
C00251,28,Employed,88389.0,699.0,3,326,No,Fashion,156,Low
C00252,21,Freelancer,23429.0,725.0,2,385,No,Electronics,749,Low
C00253,45,Freelancer,,721.0,0,0,No,Groceries/Essentials,65,Low
C00254,39,Student,17476.0,527.0,3,315,No,Travel,479,Low
C00255,19,Employed,23334.0,637.0,1,107,Yes,Fashion,17,Low
C00256,41,Employed,110336.0,635.0,1,181,No,Electronics,423,Low
C00257,33,Student,7746.0,463.0,1,146,Yes,Electronics,163,Low
C00258,36,Student,11821.0,604.0,2,240,No,Home/Furniture,395,Low
C00259,24,Employed,91736.0,742.0,1,74,No,Travel,703,Low
C00260,36,Employed,74099.0,739.0,5,1066,No,Travel,596,Low
C00261,29,Employed,66751.0,692.0,2,304,No,Fashion,141,Low
C00262,52,Employed,77764.0,731.0,0,0,No,Home/Furniture,407,Low
C00263,31,Student,10505.0,,4,486,No,Home/Furniture,273,Medium
C00264,20,Employed,14589.0,,2,301,No,Electronics,457,Low
C00265,42,Employed,67695.0,850.0,1,130,No,Electronics,647,Low
C00266,26,Employed,60769.0,738.0,1,164,Yes,Electronics,732,Low
C00267,22,Employed,107535.0,768.0,3,643,No,Groceries/Essentials,82,Low
C00268,26,Employed,51517.0,650.0,0,0,No,Travel,874,Low
C00269,18,Student,10550.0,571.0,5,574,No,Fashion,118,Medium
C00270,28,Employed,101265.0,716.0,0,0,No,Electronics,567,Low
C00271,22,Employed,55961.0,706.0,2,121,No,Electronics,491,Low
C00272,40,Employed,55649.0,785.0,0,0,No,Electronics,353,Low
C00273,41,Employed,87873.0,664.0,1,149,No,Home/Furniture,410,Low
C00274,46,Student,13388.0,709.0,1,164,No,Fashion,112,Low
C00275,57,Student,16352.0,500.0,0,0,Yes,Home/Furniture,353,Low
C00276,31,Student,13391.0,535.0,3,641,Yes,Electronics,661,High
C00277,45,Employed,94696.0,766.0,3,818,No,Electronics,783,Low
C00278,37,Employed,71200.0,788.0,3,315,No,Home/Furniture,242,Low
C00279,19,Employed,60013.0,621.0,6,1169,Yes,Home/Furniture,316,Medium
C00280,53,Employed,105277.0,739.0,4,673,No,Electronics,468,Low
C00281,37,Employed,23222.0,817.0,3,574,No,Electronics,655,Low
C00282,34,Freelancer,21503.0,677.0,1,167,No,Fashion,165,Low
C00283,55,Employed,64531.0,704.0,3,247,No,Home/Furniture,478,Low
C00284,44,Freelancer,5000.0,710.0,2,350,No,Home/Furniture,404,Medium
C00285,20,Employed,75378.0,808.0,1,175,No,Home/Furniture,220,Low
C00286,18,Employed,111180.0,668.0,0,0,No,Fashion,86,Low
C00287,19,Freelancer,51998.0,588.0,1,190,No,Home/Furniture,360,Low
C00288,36,Employed,68930.0,641.0,2,380,No,Electronics,509,Low
C00289,28,Employed,116518.0,748.0,4,809,No,Groceries/Essentials,49,Low
C00290,31,Employed,109161.0,718.0,1,72,No,Fashion,173,Low
C00291,23,Employed,,657.0,4,876,No,Fashion,69,Low
C00292,26,Employed,40212.0,791.0,1,74,No,Electronics,395,Low
C00293,20,Employed,77761.0,727.0,2,452,No,Home/Furniture,510,Low
C00294,57,Employed,59767.0,816.0,4,743,No,Fashion,129,Low
C00295,32,Employed,69612.0,726.0,1,191,No,Fashion,108,Low
C00296,20,Employed,81758.0,,2,391,No,Electronics,562,Low
C00297,19,Employed,85122.0,693.0,4,332,No,Fashion,60,Low
C00298,32,Student,13552.0,606.0,1,150,No,Home/Furniture,431,Low
C00299,23,Employed,106489.0,746.0,0,0,No,Fashion,123,Low
C00300,40,Employed,59295.0,808.0,2,228,No,Fashion,10,Low
C00301,31,Employed,95809.0,,3,436,No,Fashion,76,Low
C00302,33,Freelancer,34039.0,592.0,1,138,No,Fashion,104,Low
C00303,18,Freelancer,59513.0,657.0,3,481,No,Fashion,163,Low
C00304,18,Employed,75677.0,725.0,2,352,No,Home/Furniture,353,Low
C00305,18,Employed,73841.0,712.0,3,400,No,Home/Furniture,371,Low
C00306,20,Employed,51573.0,738.0,2,408,No,Fashion,85,Low
C00307,18,Employed,53893.0,769.0,3,605,No,Home/Furniture,374,Low
C00308,54,Student,10734.0,620.0,1,134,Yes,Fashion,108,Low
C00309,37,Employed,32271.0,708.0,1,212,No,Home/Furniture,432,Low
C00310,33,Student,21888.0,579.0,1,164,Yes,Groceries/Essentials,41,Low
C00311,22,Unemployed,5000.0,505.0,2,292,No,Travel,1243,High
C00312,23,Freelancer,44902.0,608.0,2,331,No,Fashion,123,Low
C00313,33,Employed,76980.0,720.0,2,268,No,Fashion,116,Low
C00314,27,Employed,59875.0,622.0,8,1344,No,Electronics,469,Medium
C00315,31,Freelancer,31804.0,750.0,0,0,Yes,Electronics,725,Low
C00316,34,Student,14190.0,639.0,0,0,Yes,Electronics,391,Low
C00317,21,Employed,,706.0,0,0,No,Electronics,673,Low
C00318,46,Freelancer,51840.0,654.0,1,103,No,Electronics,217,Low
C00319,31,Employed,80620.0,639.0,2,223,Yes,Fashion,153,Low
C00320,19,Employed,48492.0,778.0,3,174,No,Fashion,120,Low
C00321,39,Employed,70496.0,778.0,3,369,No,Fashion,62,Low
C00322,22,Employed,96571.0,610.0,1,118,No,Fashion,59,Low
C00323,46,Freelancer,91304.0,604.0,0,0,Yes,Electronics,562,Low
C00324,30,Employed,58763.0,739.0,2,282,Yes,Electronics,595,Low
C00325,59,Employed,63448.0,,3,664,No,Fashion,79,Low
C00326,21,Freelancer,58433.0,713.0,2,257,No,Fashion,108,Low
C00327,19,Employed,109350.0,660.0,2,268,No,Fashion,27,Low
C00328,18,Freelancer,88566.0,643.0,2,112,No,Electronics,703,Low
C00329,28,Freelancer,26808.0,561.0,2,289,No,Home/Furniture,387,Low
C00330,64,Student,21653.0,610.0,7,873,No,Electronics,333,Medium
C00331,58,Employed,78878.0,754.0,1,166,No,Fashion,113,Low
C00332,38,Employed,58883.0,632.0,2,421,Yes,Fashion,106,Low
C00333,37,Freelancer,,704.0,3,353,No,Electronics,394,Low
C00334,24,Employed,35708.0,593.0,2,307,Yes,Fashion,132,Low
C00335,37,Freelancer,65606.0,667.0,1,178,No,Fashion,205,Low
C00336,24,Freelancer,60672.0,712.0,3,454,No,Home/Furniture,219,Low
C00337,23,Employed,96343.0,704.0,2,344,No,Home/Furniture,314,Low
C00338,49,Student,9894.0,636.0,3,370,No,Fashion,65,Low
C00339,19,Employed,74452.0,772.0,2,381,No,Electronics,516,Low
C00340,35,Employed,75405.0,716.0,1,115,No,Fashion,116,Low
C00341,18,Employed,89688.0,725.0,5,791,Yes,Fashion,157,Low
C00342,25,Freelancer,21021.0,703.0,0,0,No,Fashion,132,Low
C00343,38,Employed,63615.0,744.0,1,185,No,Electronics,274,Low
C00344,38,Student,19949.0,696.0,1,164,No,Fashion,84,Low
C00345,46,Freelancer,63219.0,689.0,0,0,Yes,Electronics,515,Low
C00346,56,Employed,88670.0,801.0,3,337,No,Electronics,518,Low
C00347,36,Employed,44830.0,711.0,2,393,No,Fashion,90,Low
C00348,43,Employed,65496.0,691.0,2,206,No,Fashion,106,Low
C00349,27,Employed,65722.0,666.0,4,357,No,Electronics,614,Low
C00350,30,Employed,40868.0,698.0,2,371,No,Fashion,127,Low
C00351,20,Student,15421.0,660.0,1,128,No,Fashion,92,Low
C00352,26,Employed,63323.0,668.0,3,373,No,Electronics,768,Low
C00353,18,Employed,51655.0,713.0,2,115,No,Travel,724,Low
C00354,42,Freelancer,60159.0,679.0,3,542,No,Fashion,171,Low
C00355,33,Employed,78710.0,644.0,3,572,No,Electronics,499,Low
C00356,26,Employed,66256.0,658.0,1,147,No,Groceries/Essentials,81,Low
C00357,19,Student,14213.0,703.0,3,230,No,Home/Furniture,324,Low
C00358,37,Employed,67584.0,726.0,1,194,No,Electronics,410,Low
C00359,36,Employed,114274.0,658.0,1,177,No,Fashion,65,Low
C00360,19,Employed,67389.0,684.0,1,226,No,Home/Furniture,345,Low
C00361,44,Employed,49576.0,757.0,3,582,No,Travel,387,Low
C00362,18,Employed,96567.0,673.0,6,235,No,Electronics,495,Low
C00363,60,Student,16501.0,721.0,7,698,No,Home/Furniture,518,Medium
C00364,31,Employed,72480.0,742.0,2,312,No,Electronics,548,Low
C00365,20,Employed,65975.0,644.0,3,335,No,Home/Furniture,261,Low
C00366,19,Student,21396.0,578.0,8,713,No,Electronics,600,Medium
C00367,62,Employed,29417.0,659.0,1,229,No,Home/Furniture,207,Low
C00368,21,Freelancer,66833.0,669.0,6,1012,No,Home/Furniture,429,Low
C00369,18,Employed,52798.0,682.0,3,305,No,Electronics,415,Low
C00370,40,Freelancer,69876.0,569.0,1,179,No,Groceries/Essentials,55,Low
C00371,23,Student,5000.0,691.0,5,556,No,Fashion,68,High
C00372,32,Employed,75251.0,782.0,0,0,No,Fashion,168,Low
C00373,18,Employed,74754.0,647.0,4,735,Yes,Electronics,358,Medium
C00374,22,Employed,77542.0,734.0,1,75,No,Electronics,387,Low
C00375,21,Student,12757.0,624.0,0,0,Yes,Electronics,711,Low
C00376,44,Student,16024.0,564.0,0,0,No,Fashion,82,Low
C00377,47,Freelancer,87486.0,781.0,0,0,No,Travel,869,Low
C00378,22,Employed,101542.0,655.0,4,220,No,Electronics,536,Low
C00379,39,Freelancer,71971.0,690.0,3,832,Yes,Fashion,71,Low
C00380,18,Freelancer,52316.0,614.0,1,125,No,Travel,1012,Low
C00381,54,Employed,90360.0,746.0,0,0,No,Electronics,492,Low
C00382,32,Employed,75856.0,686.0,1,99,No,Groceries/Essentials,72,Low
C00383,48,Unemployed,5000.0,,3,355,Yes,Electronics,724,High
C00384,45,Freelancer,63132.0,700.0,1,149,No,Travel,887,Low
C00385,45,Unemployed,26232.0,595.0,2,316,No,Home/Furniture,451,Low
C00386,24,Employed,76288.0,718.0,5,850,No,Electronics,471,Low
C00387,18,Student,5833.0,619.0,4,774,No,Electronics,924,High
C00388,18,Freelancer,63383.0,,4,452,No,Fashion,112,Low
C00389,39,Employed,80698.0,736.0,0,0,Yes,Electronics,426,Low
C00390,51,Employed,65343.0,643.0,4,643,Yes,Fashion,45,Low
C00391,25,Employed,54570.0,,2,248,No,Travel,328,Low
C00392,23,Student,19531.0,611.0,1,211,No,Fashion,137,Low
C00393,20,Employed,66316.0,686.0,2,395,No,Groceries/Essentials,74,Low
C00394,18,Student,11478.0,663.0,1,141,No,Electronics,447,Low
C00395,40,Employed,17107.0,733.0,1,167,No,Fashion,32,Low
C00396,24,Employed,59096.0,734.0,3,566,No,Electronics,620,Low
C00397,40,Student,12992.0,,2,519,No,Fashion,10,Low
C00398,54,Employed,24388.0,665.0,0,0,No,Groceries/Essentials,45,Low
C00399,36,Employed,76811.0,656.0,5,1153,No,Electronics,439,Low
C00400,29,Employed,71695.0,751.0,1,211,Yes,Electronics,605,Low
C00401,47,Student,12353.0,582.0,3,328,No,Fashion,94,Low
C00402,58,Employed,71604.0,755.0,2,368,No,Fashion,82,Low
C00403,20,Employed,82157.0,752.0,2,332,No,Electronics,513,Low
C00404,39,Freelancer,60949.0,775.0,1,148,No,Electronics,344,Low
C00405,61,Employed,67991.0,633.0,1,152,Yes,Fashion,20,Low
C00406,28,Employed,97149.0,597.0,1,68,No,Home/Furniture,348,Low
C00407,26,Employed,79111.0,706.0,1,163,No,Fashion,111,Low
C00408,28,Unemployed,5000.0,506.0,1,148,No,Fashion,41,Medium
C00409,22,Employed,96729.0,686.0,5,1049,No,Travel,868,Low
C00410,23,Employed,71697.0,705.0,2,481,No,Fashion,69,Low
C00411,20,Student,8722.0,703.0,2,333,No,Home/Furniture,236,Low
C00412,43,Employed,91885.0,711.0,1,137,Yes,Travel,332,Low
C00413,39,Student,21234.0,740.0,3,360,No,Electronics,391,Low
C00414,53,Unemployed,24555.0,594.0,0,0,No,Electronics,860,Low
C00415,33,Employed,76274.0,670.0,2,141,No,Electronics,430,Low
C00416,53,Freelancer,59439.0,631.0,4,590,No,Home/Furniture,253,Low
C00417,47,Employed,105838.0,,2,225,No,Fashion,123,Low
C00418,42,Freelancer,15280.0,724.0,2,277,No,Groceries/Essentials,54,Low
C00419,37,Employed,103097.0,620.0,5,826,No,Home/Furniture,285,Low
C00420,45,Student,9114.0,565.0,2,333,Yes,Home/Furniture,409,Medium
C00421,34,Employed,92429.0,734.0,3,90,No,Fashion,44,Low
C00422,58,Employed,78023.0,764.0,2,178,No,Home/Furniture,456,Low
C00423,33,Freelancer,51022.0,667.0,1,124,No,Home/Furniture,262,Low
C00424,33,Employed,63616.0,,1,213,No,Fashion,96,Low
C00425,18,Student,15183.0,701.0,1,164,No,Fashion,18,Low
C00426,23,Employed,63536.0,672.0,1,193,No,Fashion,119,Low
C00427,35,Student,19559.0,485.0,3,913,Yes,Electronics,181,High
C00428,18,Employed,96164.0,747.0,0,0,No,Fashion,158,Low
C00429,31,Employed,46942.0,683.0,4,575,No,Home/Furniture,293,Low
C00430,19,Student,5687.0,518.0,2,206,Yes,Groceries/Essentials,48,Medium
C00431,22,Student,16303.0,635.0,3,451,Yes,Electronics,590,Medium
C00432,58,Employed,73637.0,620.0,2,523,Yes,Home/Furniture,452,Low
C00433,51,Freelancer,39949.0,646.0,1,148,No,Travel,965,Low
C00434,55,Employed,95737.0,725.0,2,329,No,Groceries/Essentials,28,Low
C00435,19,Freelancer,6367.0,659.0,4,411,No,Fashion,31,Medium
C00436,35,Employed,52906.0,606.0,1,128,No,Home/Furniture,522,Low
C00437,54,Employed,80520.0,641.0,3,292,No,Home/Furniture,544,Low
C00438,28,Employed,91347.0,704.0,5,1024,Yes,Fashion,104,Low
C00439,33,Employed,104535.0,800.0,3,518,No,Fashion,227,Low
C00440,31,Employed,79267.0,704.0,1,234,No,Electronics,577,Low
C00441,25,Freelancer,29650.0,620.0,4,891,Yes,Travel,704,Medium
C00442,19,Employed,79577.0,745.0,2,313,No,Electronics,581,Low
C00443,58,Employed,58281.0,743.0,2,394,No,Home/Furniture,303,Low
C00444,26,Employed,92588.0,682.0,2,396,No,Home/Furniture,417,Low
C00445,28,Freelancer,47517.0,733.0,1,130,No,Electronics,505,Low
C00446,44,Employed,46326.0,712.0,3,732,No,Fashion,48,Low
C00447,35,Employed,66192.0,705.0,2,242,No,Fashion,53,Low
C00448,62,Employed,89950.0,704.0,7,1164,No,Fashion,106,Low
C00449,40,Employed,66178.0,726.0,2,241,No,Travel,429,Low
C00450,18,Employed,83079.0,711.0,5,838,No,Fashion,60,Low
C00451,34,Employed,55245.0,828.0,0,0,No,Home/Furniture,328,Low
C00452,19,Student,10760.0,505.0,2,487,No,Fashion,110,Medium
C00453,22,Employed,63671.0,688.0,1,127,No,Groceries/Essentials,33,Low
C00454,23,Employed,82092.0,733.0,2,270,No,Fashion,10,Low
C00455,28,Employed,56403.0,689.0,3,425,No,Groceries/Essentials,79,Low
C00456,33,Freelancer,90252.0,738.0,3,655,Yes,Home/Furniture,229,Low
C00457,23,Student,7741.0,531.0,1,127,Yes,Electronics,427,Low
C00458,27,Employed,63663.0,690.0,3,522,No,Electronics,602,Low
C00459,26,Employed,51624.0,629.0,4,700,No,Fashion,33,Low
C00460,19,Student,18819.0,678.0,0,0,No,Electronics,574,Low
C00461,23,Employed,65311.0,758.0,2,165,No,Fashion,97,Low
C00462,48,Student,18657.0,598.0,5,1149,No,Fashion,145,High
C00463,47,Student,20525.0,673.0,2,328,No,Electronics,571,Low
C00464,19,Employed,73367.0,689.0,3,501,No,Electronics,480,Low
C00465,20,Freelancer,70856.0,630.0,0,0,Yes,Home/Furniture,449,Low
C00466,27,Unemployed,10648.0,431.0,0,0,Yes,Home/Furniture,170,Low
C00467,25,Student,14442.0,530.0,1,118,Yes,Fashion,146,Low
C00468,34,Freelancer,47499.0,722.0,2,380,No,Home/Furniture,323,Low
C00469,41,Employed,59922.0,702.0,2,191,No,Electronics,512,Low
C00470,32,Freelancer,73951.0,683.0,2,208,No,Electronics,330,Low
C00471,31,Freelancer,5617.0,592.0,1,231,Yes,Electronics,361,Medium
C00472,33,Student,20425.0,607.0,2,361,No,Fashion,108,Low
C00473,24,Employed,99564.0,764.0,2,318,Yes,Home/Furniture,505,Low
C00474,32,Employed,93211.0,696.0,8,1282,No,Electronics,682,Low
C00475,51,Employed,79141.0,739.0,2,410,No,Fashion,132,Low
C00476,38,Student,19820.0,617.0,1,148,Yes,Fashion,170,Low
C00477,23,Employed,90764.0,737.0,1,118,No,Fashion,86,Low
C00478,28,Student,15793.0,588.0,4,519,No,Fashion,67,Low
C00479,56,Employed,47037.0,841.0,3,395,No,Electronics,427,Low
C00480,24,Employed,80938.0,589.0,1,162,Yes,Fashion,79,Low
C00481,26,Employed,81317.0,668.0,2,274,No,Electronics,220,Low
C00482,20,Employed,61064.0,767.0,1,186,Yes,Fashion,23,Low
C00483,43,Employed,66101.0,,1,127,No,Fashion,158,Low
C00484,26,Employed,76816.0,623.0,4,577,Yes,Electronics,363,Low
C00485,36,Student,5000.0,688.0,1,152,No,Fashion,91,Low
C00486,33,Student,8586.0,627.0,1,105,Yes,Fashion,55,Low
C00487,22,Employed,58638.0,711.0,1,82,No,Electronics,566,Low
C00488,25,Student,13144.0,603.0,2,257,Yes,Fashion,91,Low
C00489,23,Student,13381.0,727.0,1,86,No,Fashion,91,Low
C00490,64,Student,13149.0,578.0,1,225,Yes,Electronics,502,Low
C00491,26,Employed,93627.0,791.0,1,52,No,Travel,839,Low
C00492,33,Freelancer,79246.0,657.0,1,156,No,Fashion,80,Low
C00493,21,Employed,70994.0,675.0,3,533,No,Home/Furniture,570,Low
C00494,32,Employed,,569.0,6,784,Yes,Electronics,539,Medium
C00495,34,Student,15981.0,618.0,3,684,No,Fashion,201,Medium
C00496,21,Employed,76282.0,723.0,3,356,No,Electronics,434,Low
C00497,19,Employed,60655.0,744.0,3,614,No,Fashion,91,Low
C00498,21,Employed,87982.0,779.0,10,1820,No,Home/Furniture,450,Low
C00499,30,Employed,92382.0,735.0,2,191,Yes,Fashion,129,Low
C00500,22,Employed,56588.0,661.0,2,235,No,Groceries/Essentials,10,Low
C00501,19,Freelancer,57899.0,598.0,1,293,Yes,Home/Furniture,320,Low
C00502,30,Employed,46004.0,621.0,1,129,No,Travel,655,Low
C00503,54,Employed,66335.0,688.0,2,294,No,Travel,753,Low
C00504,22,Employed,104140.0,732.0,5,585,No,Groceries/Essentials,72,Low
C00505,60,Freelancer,5000.0,566.0,2,53,Yes,Electronics,682,Low
C00506,32,Student,15093.0,610.0,1,116,No,Groceries/Essentials,29,Low
C00507,19,Student,18717.0,612.0,2,330,No,Electronics,723,Low
C00508,27,Employed,64537.0,661.0,4,338,No,Electronics,267,Low
C00509,26,Employed,56743.0,749.0,0,0,No,Fashion,79,Low
C00510,20,Employed,86377.0,742.0,6,1180,No,Fashion,81,Low
C00511,20,Employed,84297.0,722.0,3,398,No,Electronics,581,Low
C00512,25,Employed,64651.0,692.0,0,0,No,Fashion,115,Low
C00513,47,Employed,52471.0,661.0,4,797,No,Home/Furniture,341,Low
C00514,18,Employed,82182.0,691.0,3,520,No,Electronics,671,Low
C00515,44,Employed,71717.0,767.0,3,439,No,Fashion,35,Low
C00516,46,Unemployed,,619.0,2,247,Yes,Fashion,189,Medium
C00517,28,Employed,66709.0,730.0,1,145,No,Electronics,718,Low
C00518,51,Student,28713.0,572.0,2,407,Yes,Fashion,99,Low
C00519,29,Employed,67391.0,608.0,0,0,Yes,Electronics,574,Low
C00520,20,Employed,49734.0,695.0,4,655,No,Home/Furniture,394,Low
C00521,35,Unemployed,8148.0,619.0,0,0,Yes,Travel,562,Low
C00522,18,Employed,74201.0,621.0,0,0,No,Fashion,85,Low
C00523,35,Employed,51258.0,835.0,3,504,No,Fashion,72,Low
C00524,41,Employed,104094.0,728.0,2,275,No,Electronics,527,Low
C00525,25,Employed,80757.0,735.0,2,151,Yes,Electronics,654,Low
C00526,54,Employed,70084.0,797.0,1,192,Yes,Fashion,149,Low
C00527,31,Employed,31961.0,662.0,1,138,No,Fashion,110,Low
C00528,32,Employed,51705.0,686.0,3,520,No,Electronics,583,Low
C00529,39,Freelancer,40447.0,715.0,3,447,No,Fashion,32,Low
C00530,64,Employed,95139.0,767.0,0,0,Yes,Travel,840,Low
C00531,32,Employed,80029.0,610.0,2,266,No,Home/Furniture,506,Low
C00532,32,Student,6876.0,556.0,2,215,Yes,Electronics,408,Medium
C00533,33,Employed,44670.0,722.0,5,845,No,Electronics,758,Low
C00534,47,Unemployed,9088.0,411.0,1,188,Yes,Fashion,100,Medium
C00535,43,Freelancer,43062.0,639.0,0,0,Yes,Home/Furniture,513,Low
C00536,48,Employed,45183.0,734.0,1,167,No,Fashion,118,Low
C00537,46,Employed,115410.0,633.0,3,735,No,Fashion,65,Low
C00538,48,Student,6759.0,633.0,3,412,No,Travel,711,Medium
C00539,24,Employed,40610.0,718.0,3,334,No,Fashion,106,Low
C00540,18,Employed,70277.0,687.0,2,385,No,Electronics,439,Low
C00541,62,Employed,,716.0,1,237,No,Electronics,495,Low
C00542,34,Employed,81930.0,658.0,2,376,No,Travel,657,Low
C00543,31,Employed,43146.0,603.0,4,485,No,Fashion,94,Low
C00544,36,Employed,85141.0,700.0,10,2139,No,Fashion,139,Low
C00545,27,Employed,52652.0,719.0,1,136,No,Electronics,530,Low
C00546,32,Freelancer,82214.0,640.0,2,399,No,Home/Furniture,564,Low
C00547,60,Employed,110533.0,661.0,2,480,No,Electronics,474,Low
C00548,61,Student,11914.0,676.0,0,0,No,Home/Furniture,263,Low
C00549,33,Student,12668.0,615.0,1,99,No,Fashion,137,Low
C00550,27,Student,19266.0,640.0,2,415,Yes,Home/Furniture,307,Low
C00551,20,Employed,103033.0,715.0,1,101,No,Fashion,132,Low
C00552,49,Employed,92656.0,681.0,1,185,No,Electronics,501,Low
C00553,34,Employed,36248.0,721.0,1,129,No,Electronics,524,Low
C00554,28,Employed,85701.0,652.0,1,113,Yes,Home/Furniture,229,Low
C00555,20,Freelancer,87025.0,607.0,0,0,No,Home/Furniture,468,Low
C00556,19,Freelancer,68476.0,627.0,2,344,No,Groceries/Essentials,57,Low
C00557,23,Student,11596.0,591.0,0,0,No,Electronics,643,Low
C00558,42,Employed,37158.0,761.0,4,529,No,Fashion,155,Low
C00559,23,Employed,60926.0,598.0,0,0,No,Fashion,122,Low
C00560,23,Employed,54928.0,695.0,1,190,No,Electronics,592,Low
C00561,29,Unemployed,11199.0,584.0,2,425,No,Electronics,241,Medium
C00562,25,Employed,82219.0,716.0,2,466,No,Fashion,78,Low
C00563,37,Employed,75774.0,721.0,2,402,No,Fashion,88,Low
C00564,62,Employed,78600.0,720.0,4,293,No,Travel,780,Low
C00565,20,Student,12866.0,594.0,2,221,No,Home/Furniture,379,Low
C00566,56,Employed,86209.0,632.0,1,152,Yes,Fashion,126,Low
C00567,20,Freelancer,51449.0,720.0,3,403,No,Electronics,413,Low
C00568,35,Student,11837.0,572.0,1,106,No,Fashion,169,Low
C00569,56,Employed,93051.0,705.0,3,617,No,Fashion,157,Low
C00570,37,Student,15018.0,503.0,4,576,Yes,Electronics,347,Medium
C00571,22,Student,20405.0,558.0,1,133,No,Fashion,90,Low
C00572,40,Student,11195.0,430.0,3,424,Yes,Home/Furniture,523,Medium
C00573,44,Employed,72880.0,636.0,2,226,Yes,Electronics,747,Low
C00574,23,Employed,44149.0,666.0,6,35,No,Electronics,528,Low
C00575,35,Employed,71402.0,724.0,1,161,No,Electronics,469,Low
C00576,21,Employed,89835.0,706.0,1,252,No,Home/Furniture,443,Low
C00577,52,Employed,31760.0,678.0,1,148,No,Electronics,725,Low
C00578,60,Student,7902.0,584.0,2,43,No,Home/Furniture,305,Low
C00579,42,Unemployed,16495.0,541.0,2,389,No,Fashion,47,Low
C00580,44,Student,22762.0,668.0,3,531,No,Travel,524,Low
C00581,24,Employed,74258.0,768.0,3,523,No,Home/Furniture,344,Low
C00582,44,Employed,50004.0,680.0,1,159,No,Fashion,86,Low
C00583,50,Freelancer,50639.0,780.0,1,171,No,Electronics,704,Low
C00584,60,Unemployed,21046.0,484.0,1,235,Yes,Travel,574,Low
C00585,23,Freelancer,33015.0,607.0,6,1094,No,Fashion,122,Low
C00586,64,Student,16723.0,609.0,3,703,Yes,Travel,1197,High
C00587,26,Employed,75649.0,769.0,3,676,No,Fashion,112,Low
C00588,38,Freelancer,,612.0,2,438,No,Electronics,541,Low
C00589,20,Freelancer,89828.0,599.0,3,431,No,Fashion,29,Low
C00590,49,Employed,46914.0,649.0,2,157,No,Fashion,88,Low
C00591,35,Employed,64810.0,673.0,3,122,No,Electronics,399,Low
C00592,21,Employed,93065.0,,1,104,No,Fashion,69,Low
C00593,30,Unemployed,13049.0,571.0,1,158,Yes,Groceries/Essentials,62,Low
C00594,50,Student,20383.0,538.0,0,0,Yes,Fashion,157,Low
C00595,23,Employed,59881.0,665.0,1,161,No,Home/Furniture,274,Low
C00596,33,Employed,76238.0,688.0,0,0,No,Home/Furniture,383,Low
C00597,38,Employed,62770.0,752.0,2,339,No,Electronics,742,Low
C00598,26,Unemployed,15105.0,629.0,3,469,No,Groceries/Essentials,10,Low
C00599,18,Employed,41202.0,723.0,1,150,Yes,Fashion,156,Low
C00600,43,Student,14758.0,633.0,1,131,No,Electronics,794,Low
C00601,32,Student,13236.0,674.0,6,1116,No,Fashion,89,High
C00602,26,Employed,46064.0,635.0,3,242,No,Electronics,576,Low
C00603,64,Employed,64135.0,684.0,1,227,No,Fashion,69,Low
C00604,24,Freelancer,5000.0,650.0,3,205,No,Electronics,548,Low
C00605,24,Employed,113098.0,681.0,3,527,No,Electronics,731,Low
C00606,39,Employed,90289.0,768.0,2,337,No,Electronics,273,Low
C00607,19,Employed,39420.0,651.0,2,230,Yes,Groceries/Essentials,42,Low
C00608,19,Employed,102493.0,680.0,1,138,No,Travel,766,Low
C00609,37,Employed,77571.0,812.0,4,447,Yes,Fashion,65,Low
C00610,50,Employed,91578.0,716.0,5,347,No,Fashion,135,Low
C00611,23,Employed,71960.0,751.0,2,284,No,Electronics,174,Low
C00612,40,Student,17250.0,458.0,3,671,No,Fashion,108,Medium
C00613,54,Student,12547.0,768.0,2,76,Yes,Travel,719,Low
C00614,27,Student,16157.0,526.0,1,99,Yes,Travel,918,Low
C00615,21,Employed,31138.0,696.0,1,77,No,Electronics,378,Low
C00616,23,Freelancer,81861.0,710.0,2,353,No,Electronics,257,Low
C00617,21,Employed,93026.0,617.0,3,562,Yes,Electronics,625,Low
C00618,47,Employed,74575.0,776.0,3,475,No,Fashion,131,Low
C00619,19,Employed,28582.0,678.0,2,360,No,Fashion,100,Low
C00620,20,Employed,85171.0,612.0,3,447,Yes,Fashion,127,Low
C00621,31,Student,17731.0,600.0,5,581,No,Fashion,62,Low
C00622,20,Freelancer,8008.0,544.0,3,311,Yes,Electronics,569,Medium
C00623,30,Student,15890.0,657.0,0,0,No,Electronics,516,Low
C00624,53,Student,16529.0,652.0,1,149,No,Electronics,481,Low
C00625,36,Student,11881.0,560.0,5,602,No,Electronics,479,High
C00626,47,Freelancer,34499.0,633.0,4,729,No,Fashion,84,Low
C00627,61,Employed,74427.0,780.0,1,140,No,Fashion,112,Low
C00628,22,Freelancer,75399.0,603.0,0,0,No,Travel,788,Low
C00629,41,Freelancer,,584.0,1,151,Yes,Fashion,122,Low
C00630,30,Employed,58024.0,744.0,3,310,No,Fashion,97,Low
C00631,42,Employed,85624.0,647.0,2,130,Yes,Home/Furniture,328,Low
C00632,20,Freelancer,27576.0,659.0,5,292,No,Travel,816,Low
C00633,54,Employed,,569.0,3,420,No,Travel,872,Low
C00634,23,Employed,104526.0,771.0,1,171,No,Home/Furniture,367,Low
C00635,23,Freelancer,32370.0,544.0,5,646,Yes,Travel,1131,Medium
C00636,46,Freelancer,98932.0,678.0,5,583,No,Fashion,100,Low
C00637,25,Freelancer,122217.0,576.0,1,160,No,Fashion,188,Low
C00638,48,Employed,65448.0,,5,1018,No,Home/Furniture,324,Low
C00639,29,Student,19698.0,579.0,2,327,No,Electronics,583,Low
C00640,34,Employed,78265.0,681.0,7,1015,No,Electronics,334,Low
C00641,21,Employed,94230.0,745.0,1,165,No,Fashion,74,Low
C00642,20,Employed,70504.0,792.0,0,0,No,Fashion,29,Low
C00643,19,Student,21787.0,624.0,3,366,Yes,Home/Furniture,411,Low
C00644,43,Employed,55134.0,702.0,1,200,No,Electronics,265,Low
C00645,31,Employed,101396.0,681.0,1,205,No,Electronics,625,Low
C00646,22,Employed,87508.0,781.0,3,414,No,Electronics,326,Low
C00647,44,Employed,55238.0,,1,156,No,Electronics,594,Low
C00648,18,Student,16684.0,589.0,7,1588,No,Fashion,117,High
C00649,51,Employed,44251.0,619.0,4,641,Yes,Electronics,747,Low
C00650,26,Student,,657.0,6,1585,No,Fashion,132,High
C00651,25,Student,19425.0,692.0,3,545,No,Fashion,138,Low
C00652,19,Employed,81925.0,703.0,5,1223,No,Electronics,308,Low
C00653,28,Employed,69953.0,666.0,9,2140,No,Fashion,114,Medium
C00654,43,Employed,83488.0,704.0,1,120,No,Home/Furniture,612,Low
C00655,23,Employed,78928.0,712.0,2,95,No,Electronics,428,Low
C00656,43,Employed,28964.0,638.0,1,80,Yes,Fashion,74,Low
C00657,61,Employed,75926.0,709.0,7,518,No,Fashion,10,Low
C00658,28,Student,8333.0,542.0,1,99,Yes,Electronics,754,Low
C00659,26,Student,12911.0,588.0,0,0,Yes,Electronics,249,Low
C00660,25,Employed,57005.0,636.0,3,207,No,Electronics,616,Low
C00661,25,Student,16779.0,705.0,2,352,No,Fashion,115,Low
C00662,21,Unemployed,5000.0,516.0,4,666,Yes,Fashion,120,High
C00663,35,Unemployed,5000.0,477.0,2,32,Yes,Electronics,457,Medium
C00664,40,Employed,82761.0,732.0,2,274,No,Electronics,273,Low
C00665,25,Freelancer,71229.0,692.0,4,575,No,Electronics,519,Low
C00666,21,Employed,85215.0,749.0,1,149,No,Fashion,131,Low
C00667,64,Employed,80896.0,721.0,4,1018,No,Electronics,593,Low
C00668,60,Student,18003.0,559.0,0,0,No,Home/Furniture,504,Low
C00669,27,Unemployed,9375.0,535.0,1,126,No,Home/Furniture,369,Low
C00670,20,Freelancer,32536.0,673.0,2,329,No,Electronics,466,Low
C00671,28,Employed,95357.0,685.0,1,215,No,Fashion,147,Low
C00672,44,Employed,57203.0,661.0,2,360,No,Electronics,472,Low
C00673,25,Employed,97444.0,701.0,6,848,No,Travel,555,Low
C00674,56,Employed,65856.0,746.0,1,95,No,Home/Furniture,324,Low
C00675,55,Employed,79812.0,663.0,9,1630,No,Fashion,76,Low
C00676,28,Employed,71571.0,697.0,1,170,No,Travel,660,Low
C00677,26,Freelancer,50765.0,639.0,1,189,Yes,Electronics,398,Low
C00678,63,Student,16671.0,557.0,1,187,No,Electronics,192,Low
C00679,32,Freelancer,70089.0,692.0,1,147,No,Fashion,127,Low
C00680,23,Freelancer,64156.0,614.0,1,86,No,Electronics,473,Low
C00681,42,Employed,47850.0,691.0,2,379,No,Electronics,524,Low
C00682,20,Employed,,724.0,1,138,No,Home/Furniture,482,Low
C00683,63,Employed,58882.0,750.0,1,214,No,Fashion,126,Low
C00684,29,Employed,86842.0,625.0,0,0,No,Home/Furniture,421,Low
C00685,24,Student,20439.0,563.0,1,151,No,Travel,909,Low
C00686,33,Student,13246.0,576.0,4,817,Yes,Fashion,93,High
C00687,20,Student,12111.0,577.0,0,0,Yes,Home/Furniture,425,Low
C00688,50,Employed,67807.0,705.0,2,253,No,Fashion,104,Low
C00689,26,Employed,,678.0,6,701,No,Fashion,62,Low
C00690,26,Employed,74685.0,681.0,2,306,No,Fashion,140,Low
C00691,35,Employed,96214.0,604.0,2,221,Yes,Electronics,469,Low
C00692,45,Student,16954.0,592.0,1,131,Yes,Electronics,300,Low
C00693,33,Student,11485.0,481.0,2,439,No,Electronics,379,Low
C00694,64,Employed,78258.0,633.0,1,217,No,Fashion,59,Low
C00695,20,Employed,63058.0,687.0,2,296,No,Fashion,171,Low
C00696,35,Employed,69129.0,701.0,2,302,No,Fashion,139,Low
C00697,55,Unemployed,5000.0,545.0,2,452,Yes,Fashion,137,High
C00698,44,Student,18648.0,534.0,2,336,Yes,Electronics,491,Low
C00699,49,Student,15851.0,687.0,3,443,No,Fashion,102,Low
C00700,21,Freelancer,68721.0,617.0,3,467,Yes,Electronics,642,Low
C00701,21,Employed,88139.0,790.0,7,951,No,Home/Furniture,440,Low
C00702,31,Freelancer,59564.0,591.0,1,184,Yes,Electronics,663,Low
C00703,18,Employed,56682.0,692.0,1,126,No,Fashion,151,Low
C00704,23,Employed,85867.0,703.0,1,117,No,Travel,1137,Low
C00705,44,Freelancer,38095.0,,5,716,No,Fashion,91,Low
C00706,39,Employed,62710.0,657.0,3,477,No,Fashion,66,Low
C00707,22,Employed,40555.0,745.0,4,760,No,Fashion,91,Low
C00708,56,Unemployed,5000.0,495.0,2,229,Yes,Fashion,106,High
C00709,30,Unemployed,5000.0,529.0,1,212,Yes,Fashion,158,High
C00710,57,Employed,72745.0,652.0,1,187,No,Electronics,483,Low
C00711,32,Employed,63621.0,714.0,2,241,No,Electronics,476,Low
C00712,33,Employed,85374.0,720.0,2,394,No,Fashion,29,Low
C00713,46,Employed,84175.0,,3,561,Yes,Fashion,145,Low
C00714,28,Employed,27936.0,678.0,3,472,Yes,Fashion,95,Low
C00715,22,Freelancer,45455.0,,1,193,No,Home/Furniture,215,Low
C00716,27,Unemployed,8570.0,486.0,1,89,Yes,Fashion,73,Medium
C00717,30,Employed,48713.0,783.0,2,122,No,Fashion,121,Low
C00718,31,Employed,50822.0,685.0,0,0,No,Fashion,70,Low
C00719,51,Employed,38725.0,652.0,5,591,No,Home/Furniture,457,Low
C00720,19,Student,20360.0,690.0,1,179,No,Home/Furniture,237,Low
C00721,26,Freelancer,79555.0,657.0,2,359,Yes,Fashion,59,Low
C00722,29,Employed,109877.0,655.0,1,136,No,Electronics,367,Low
C00723,21,Student,14133.0,525.0,1,125,Yes,Fashion,134,Low
C00724,32,Employed,,720.0,2,281,Yes,Electronics,406,Low
C00725,57,Student,11578.0,629.0,0,0,Yes,Electronics,553,Low
C00726,59,Employed,62380.0,672.0,1,133,No,Home/Furniture,410,Low
C00727,24,Employed,61058.0,730.0,1,154,No,Electronics,615,Low
C00728,21,Employed,95598.0,830.0,1,222,No,Fashion,103,Low
C00729,29,Employed,79874.0,691.0,1,151,No,Fashion,109,Low
C00730,61,Student,18177.0,619.0,3,545,No,Fashion,204,Low
C00731,21,Student,16750.0,637.0,7,1312,No,Fashion,134,High
C00732,37,Employed,76610.0,656.0,6,964,No,Travel,650,Low
C00733,20,Freelancer,40752.0,663.0,1,215,No,Fashion,35,Low
C00734,31,Employed,65562.0,735.0,2,246,No,Travel,1006,Low
C00735,19,Freelancer,15743.0,685.0,5,1031,No,Fashion,63,High
C00736,19,Employed,45961.0,827.0,4,682,Yes,Fashion,65,Low
C00737,28,Employed,88423.0,654.0,2,186,No,Home/Furniture,441,Low
C00738,38,Employed,103397.0,589.0,4,340,No,Fashion,114,Low
C00739,24,Employed,,715.0,2,477,No,Fashion,98,Low
C00740,26,Employed,92887.0,700.0,0,0,No,Fashion,106,Low
C00741,21,Employed,97415.0,708.0,1,121,No,Fashion,98,Low
C00742,31,Employed,95544.0,628.0,2,310,No,Electronics,367,Low
C00743,23,Freelancer,65695.0,754.0,5,1055,No,Electronics,632,Low
C00744,52,Employed,85217.0,696.0,1,157,No,Fashion,143,Low
C00745,59,Employed,63734.0,681.0,6,935,No,Home/Furniture,423,Low
C00746,40,Employed,84847.0,723.0,1,127,No,Travel,408,Low
C00747,19,Employed,46065.0,766.0,0,0,No,Electronics,260,Low
C00748,25,Student,20107.0,585.0,4,569,No,Travel,838,Low
C00749,63,Student,13598.0,564.0,4,466,Yes,Electronics,46,Medium
C00750,46,Freelancer,49329.0,607.0,3,155,Yes,Home/Furniture,414,Low
C00751,23,Student,10677.0,474.0,2,335,Yes,Fashion,67,Medium
C00752,47,Freelancer,51592.0,603.0,3,461,No,Fashion,217,Low
C00753,38,Student,15056.0,586.0,3,598,No,Groceries/Essentials,58,Low
C00754,22,Freelancer,100827.0,696.0,5,805,No,Fashion,75,Low
C00755,57,Freelancer,45292.0,,2,289,No,Electronics,261,Low
C00756,25,Employed,42502.0,728.0,4,645,Yes,Travel,1217,Low
C00757,49,Employed,85711.0,692.0,1,157,No,Fashion,77,Low
C00758,26,Employed,66279.0,696.0,2,276,No,Fashion,38,Low
C00759,41,Employed,69321.0,699.0,3,663,No,Fashion,104,Low
C00760,64,Employed,67529.0,740.0,2,230,No,Home/Furniture,403,Low
C00761,19,Freelancer,47249.0,,2,349,Yes,Electronics,467,Low
C00762,51,Employed,74169.0,636.0,1,63,No,Fashion,152,Low
C00763,23,Employed,54498.0,754.0,4,662,Yes,Electronics,460,Low
C00764,36,Employed,41929.0,745.0,2,78,Yes,Fashion,45,Low
C00765,51,Employed,75554.0,665.0,3,463,No,Electronics,485,Low
C00766,39,Freelancer,51285.0,658.0,1,202,No,Home/Furniture,448,Low
C00767,27,Employed,70824.0,844.0,3,468,No,Fashion,133,Low
C00768,18,Employed,52235.0,683.0,3,601,No,Fashion,30,Low
C00769,28,Employed,48767.0,731.0,2,284,No,Electronics,465,Low
C00770,20,Unemployed,19494.0,566.0,1,100,Yes,Groceries/Essentials,53,Low
C00771,62,Student,16633.0,686.0,4,635,No,Electronics,824,Medium
C00772,22,Employed,50183.0,618.0,3,336,Yes,Fashion,54,Low
C00773,20,Employed,83339.0,664.0,8,1056,Yes,Electronics,578,Low
C00774,46,Student,11297.0,493.0,2,330,No,Fashion,55,Low
C00775,19,Employed,43949.0,685.0,1,181,No,Fashion,54,Low
C00776,30,Employed,66283.0,685.0,1,202,No,Fashion,115,Low
C00777,23,Employed,79187.0,732.0,1,101,No,Electronics,431,Low
C00778,25,Freelancer,74114.0,616.0,0,0,No,Electronics,231,Low
C00779,18,Employed,93711.0,804.0,3,709,No,Fashion,156,Low
C00780,28,Employed,81090.0,593.0,3,570,No,Electronics,406,Low
C00781,24,Employed,36160.0,732.0,1,185,Yes,Fashion,152,Low
C00782,20,Employed,59350.0,725.0,3,492,No,Electronics,468,Low
C00783,42,Employed,50036.0,743.0,6,791,No,Fashion,13,Low
C00784,25,Employed,41199.0,641.0,5,1086,Yes,Fashion,143,Medium
C00785,61,Employed,38265.0,649.0,5,1076,Yes,Electronics,612,Medium
C00786,29,Employed,57078.0,761.0,3,466,Yes,Fashion,86,Low
C00787,35,Employed,73343.0,732.0,1,111,No,Electronics,494,Low
C00788,23,Employed,64810.0,727.0,3,459,No,Fashion,96,Low
C00789,47,Employed,78707.0,730.0,2,233,No,Groceries/Essentials,75,Low
C00790,32,Freelancer,47441.0,589.0,1,156,No,Electronics,219,Low
C00791,20,Employed,37041.0,686.0,7,581,No,Fashion,149,Low
C00792,30,Employed,65704.0,682.0,2,229,No,Fashion,114,Low
C00793,58,Employed,,808.0,2,272,No,Fashion,91,Low
C00794,47,Employed,84543.0,787.0,5,756,No,Electronics,459,Low
C00795,18,Student,11910.0,649.0,9,2141,No,Electronics,257,High
C00796,40,Unemployed,5000.0,448.0,1,213,Yes,Fashion,66,High
C00797,63,Employed,84903.0,650.0,5,542,No,Electronics,543,Low
C00798,28,Student,11825.0,576.0,1,70,Yes,Electronics,743,Low
C00799,33,Student,14932.0,613.0,1,141,No,Electronics,502,Low
C00800,59,Freelancer,70616.0,563.0,1,174,Yes,Home/Furniture,401,Low
C00801,47,Employed,65951.0,719.0,1,165,No,Home/Furniture,432,Low
C00802,61,Employed,73462.0,676.0,2,218,No,Electronics,540,Low
C00803,31,Unemployed,15933.0,678.0,0,0,No,Electronics,646,Low
C00804,29,Employed,92000.0,698.0,2,377,No,Electronics,627,Low
C00805,26,Student,21508.0,556.0,2,348,Yes,Fashion,114,Medium
C00806,40,Employed,87041.0,813.0,5,536,No,Home/Furniture,410,Low
C00807,35,Freelancer,30911.0,619.0,2,205,No,Home/Furniture,407,Low
C00808,45,Employed,92256.0,756.0,3,402,No,Fashion,124,Low
C00809,21,Employed,88052.0,635.0,2,418,Yes,Electronics,481,Low
C00810,24,Employed,61550.0,771.0,2,434,Yes,Electronics,669,Low
C00811,19,Student,15635.0,626.0,2,244,Yes,Electronics,396,Low
C00812,18,Employed,74358.0,657.0,1,86,No,Travel,808,Low
C00813,25,Employed,93962.0,706.0,1,161,Yes,Travel,1049,Low
C00814,23,Student,20545.0,724.0,2,337,No,Fashion,115,Low
C00815,43,Employed,60713.0,611.0,5,678,No,Home/Furniture,329,Low
C00816,18,Employed,79080.0,629.0,3,542,No,Travel,773,Low
C00817,44,Employed,71981.0,664.0,4,336,No,Groceries/Essentials,55,Low
C00818,44,Employed,41396.0,773.0,8,1497,No,Electronics,593,Medium
C00819,42,Employed,44709.0,662.0,3,377,No,Home/Furniture,431,Low
C00820,31,Student,,561.0,1,205,No,Home/Furniture,509,Low
C00821,18,Employed,69286.0,785.0,1,133,No,Electronics,778,Low
C00822,33,Employed,73614.0,743.0,3,349,No,Fashion,101,Low
C00823,29,Freelancer,87862.0,737.0,1,125,No,Groceries/Essentials,66,Low
C00824,31,Employed,72132.0,667.0,1,150,No,Home/Furniture,431,Low
C00825,35,Student,13053.0,605.0,1,148,No,Electronics,514,Low
C00826,18,Employed,72601.0,669.0,1,179,No,Electronics,602,Low
C00827,41,Employed,86303.0,703.0,1,127,No,Fashion,96,Low
C00828,31,Employed,63126.0,,1,173,No,Fashion,109,Low
C00829,39,Employed,39456.0,658.0,4,801,No,Fashion,204,Low
C00830,29,Employed,68356.0,686.0,4,649,No,Fashion,123,Low
C00831,25,Student,14197.0,624.0,1,211,No,Electronics,495,Low
C00832,40,Employed,74903.0,633.0,1,120,No,Fashion,108,Low
C00833,60,Employed,44608.0,717.0,0,0,No,Travel,622,Low
C00834,51,Employed,99441.0,600.0,2,142,Yes,Fashion,98,Low
C00835,22,Employed,73552.0,677.0,1,64,Yes,Travel,812,Low
C00836,22,Student,13431.0,631.0,3,125,No,Fashion,171,Low
C00837,48,Student,5000.0,649.0,1,217,No,Electronics,461,Low
C00838,31,Employed,81675.0,699.0,2,564,No,Electronics,454,Low
C00839,31,Employed,56471.0,634.0,3,301,Yes,Electronics,576,Low
C00840,23,Employed,81314.0,693.0,1,100,No,Fashion,118,Low
C00841,39,Employed,64441.0,705.0,2,141,No,Home/Furniture,470,Low
C00842,21,Employed,47581.0,672.0,1,192,No,Electronics,521,Low
C00843,33,Employed,100504.0,618.0,1,70,No,Electronics,563,Low
C00844,19,Employed,56795.0,693.0,6,754,No,Fashion,167,Low
C00845,36,Student,5000.0,526.0,3,385,Yes,Fashion,111,High
C00846,50,Employed,70140.0,696.0,2,389,No,Groceries/Essentials,52,Low
C00847,21,Student,15147.0,583.0,2,276,Yes,Groceries/Essentials,56,Medium
C00848,19,Employed,43654.0,687.0,1,203,No,Fashion,94,Low
C00849,30,Employed,61519.0,626.0,1,232,No,Fashion,115,Low
C00850,20,Unemployed,16387.0,524.0,1,132,Yes,Groceries/Essentials,23,Medium
C00851,43,Freelancer,73661.0,668.0,1,116,No,Electronics,710,Low
C00852,18,Employed,74719.0,782.0,2,307,No,Fashion,57,Low
C00853,46,Employed,61195.0,623.0,4,567,No,Electronics,482,Low
C00854,23,Employed,73952.0,713.0,4,386,No,Electronics,504,Low
C00855,21,Employed,75631.0,710.0,2,170,No,Electronics,85,Low
C00856,43,Freelancer,49002.0,,1,229,Yes,Home/Furniture,449,Low
C00857,20,Freelancer,61327.0,605.0,1,164,No,Home/Furniture,353,Low
C00858,36,Student,15588.0,394.0,2,480,Yes,Electronics,442,Medium
C00859,30,Employed,86971.0,660.0,4,654,Yes,Fashion,151,Low
C00860,32,Employed,66030.0,786.0,2,158,No,Home/Furniture,395,Low
C00861,35,Unemployed,5000.0,575.0,2,289,No,Home/Furniture,371,Medium
C00862,27,Freelancer,48699.0,624.0,1,150,No,Fashion,123,Low
C00863,22,Student,11345.0,585.0,3,342,Yes,Home/Furniture,525,Medium
C00864,40,Freelancer,59804.0,615.0,4,708,No,Fashion,59,Low
C00865,28,Employed,106998.0,747.0,1,247,No,Electronics,333,Low
C00866,22,Employed,,674.0,3,551,No,Electronics,557,Low
C00867,26,Student,12772.0,554.0,2,416,Yes,Home/Furniture,308,Medium
C00868,30,Employed,91877.0,717.0,4,302,Yes,Home/Furniture,553,Low
C00869,44,Employed,74586.0,735.0,1,125,No,Home/Furniture,574,Low
C00870,19,Freelancer,49702.0,592.0,1,147,Yes,Electronics,619,Low
C00871,18,Employed,20627.0,644.0,1,80,No,Fashion,201,Low
C00872,46,Employed,93074.0,691.0,2,290,No,Fashion,115,Low
C00873,18,Student,13000.0,529.0,2,233,Yes,Electronics,624,Low
C00874,19,Employed,40608.0,738.0,2,357,No,Electronics,631,Low
C00875,57,Student,16751.0,622.0,5,1149,No,Fashion,178,Medium
C00876,19,Employed,80971.0,695.0,5,506,No,Travel,1087,Low
C00877,63,Employed,52812.0,651.0,2,392,No,Groceries/Essentials,23,Low
C00878,41,Employed,63868.0,668.0,0,0,No,Fashion,105,Low
C00879,50,Employed,79762.0,764.0,1,122,No,Electronics,550,Low
C00880,26,Employed,51678.0,638.0,1,108,No,Electronics,549,Low
C00881,34,Employed,64265.0,640.0,0,0,No,Fashion,126,Low
C00882,19,Employed,94031.0,764.0,2,377,No,Home/Furniture,379,Low
C00883,59,Employed,86396.0,676.0,1,104,No,Home/Furniture,461,Low
C00884,30,Student,5000.0,463.0,5,1080,No,Travel,872,High
C00885,24,Employed,99056.0,673.0,3,483,No,Home/Furniture,400,Low
C00886,22,Employed,59425.0,702.0,0,0,No,Fashion,133,Low
C00887,22,Employed,98471.0,664.0,1,166,No,Groceries/Essentials,40,Low
C00888,23,Employed,74735.0,606.0,1,150,No,Fashion,129,Low
C00889,35,Student,9691.0,545.0,4,497,Yes,Fashion,102,High
C00890,24,Employed,78627.0,725.0,4,860,No,Fashion,54,Low
C00891,40,Employed,75043.0,680.0,2,183,No,Electronics,630,Low
C00892,21,Employed,55237.0,671.0,1,148,No,Fashion,64,Low
C00893,42,Freelancer,85110.0,551.0,1,162,No,Fashion,95,Low
C00894,24,Unemployed,5000.0,591.0,10,1803,Yes,Fashion,89,High
C00895,24,Employed,83380.0,716.0,2,424,No,Home/Furniture,450,Low
C00896,23,Employed,90323.0,694.0,3,346,No,Electronics,517,Low
C00897,35,Employed,61194.0,701.0,2,331,No,Electronics,432,Low
C00898,21,Employed,59637.0,822.0,6,1113,No,Electronics,503,Low
C00899,33,Employed,100306.0,784.0,1,80,No,Fashion,114,Low
C00900,23,Student,22623.0,629.0,2,428,No,Groceries/Essentials,75,Low
C00901,34,Student,20463.0,538.0,5,562,Yes,Travel,685,Medium
C00902,42,Employed,46335.0,669.0,1,200,No,Fashion,129,Low
C00903,62,Employed,90541.0,739.0,3,474,No,Travel,934,Low
C00904,28,Student,14393.0,665.0,3,373,No,Electronics,616,Low
C00905,29,Student,20950.0,650.0,4,481,No,Fashion,171,Low
C00906,22,Employed,77227.0,,1,175,No,Groceries/Essentials,39,Low
C00907,62,Employed,58788.0,672.0,6,1219,Yes,Travel,510,Medium
C00908,18,Employed,38287.0,646.0,3,411,No,Fashion,142,Low
C00909,50,Student,15152.0,587.0,5,942,Yes,Travel,474,High
C00910,32,Employed,95335.0,750.0,1,166,No,Fashion,63,Low
C00911,27,Employed,50907.0,738.0,2,373,No,Fashion,42,Low
C00912,35,Student,5000.0,582.0,1,119,No,Electronics,656,Low
C00913,54,Employed,38742.0,721.0,4,608,No,Electronics,615,Low
C00914,33,Employed,76349.0,704.0,1,159,Yes,Fashion,158,Low
C00915,47,Employed,94816.0,634.0,3,1,Yes,Electronics,350,Low
C00916,23,Freelancer,92526.0,639.0,2,195,No,Travel,445,Low
C00917,56,Employed,101307.0,691.0,2,379,No,Fashion,90,Low
C00918,34,Employed,86353.0,696.0,1,190,No,Fashion,79,Low
C00919,51,Employed,88174.0,667.0,2,279,No,Fashion,75,Low
C00920,19,Employed,64594.0,673.0,2,217,No,Electronics,670,Low
C00921,25,Employed,83996.0,734.0,1,81,Yes,Fashion,97,Low
C00922,32,Employed,52787.0,668.0,1,207,Yes,Travel,434,Low
C00923,20,Student,19421.0,607.0,0,0,No,Electronics,379,Low
C00924,20,Freelancer,58902.0,696.0,2,288,No,Fashion,44,Low
C00925,21,Employed,80569.0,803.0,0,0,No,Fashion,90,Low
C00926,30,Employed,42046.0,625.0,4,715,No,Electronics,499,Low
C00927,48,Employed,66497.0,600.0,0,0,No,Fashion,97,Low
C00928,48,Employed,53517.0,671.0,3,202,No,Electronics,569,Low
C00929,45,Freelancer,92933.0,740.0,2,242,No,Electronics,322,Low
C00930,47,Employed,71743.0,,1,74,No,Electronics,583,Low
C00931,20,Unemployed,11751.0,565.0,3,401,Yes,Fashion,88,High
C00932,26,Employed,77084.0,684.0,2,151,Yes,Home/Furniture,496,Low
C00933,41,Employed,67689.0,673.0,1,157,Yes,Fashion,106,Low
C00934,36,Student,15205.0,555.0,0,0,No,Groceries/Essentials,24,Low
C00935,51,Student,12523.0,509.0,2,394,Yes,Fashion,56,Medium
C00936,40,Employed,41407.0,719.0,3,556,No,Fashion,103,Low
C00937,34,Student,6483.0,451.0,2,242,Yes,Electronics,502,Medium
C00938,44,Employed,56309.0,689.0,3,595,No,Fashion,39,Low
C00939,50,Student,14887.0,629.0,3,596,Yes,Travel,925,Medium
C00940,48,Employed,61719.0,750.0,2,153,No,Electronics,565,Low
C00941,35,Employed,76967.0,742.0,2,314,Yes,Electronics,584,Low
C00942,28,Unemployed,14989.0,475.0,5,811,Yes,Fashion,60,High
C00943,43,Employed,54689.0,742.0,7,836,No,Fashion,79,Low
C00944,46,Employed,62197.0,630.0,1,198,Yes,Fashion,93,Low
C00945,57,Employed,79246.0,745.0,3,183,No,Fashion,119,Low
C00946,53,Employed,,652.0,8,623,No,Fashion,40,Low
C00947,21,Student,8733.0,634.0,3,290,No,Home/Furniture,378,Low
C00948,33,Student,9903.0,502.0,5,692,Yes,Home/Furniture,444,High
C00949,22,Employed,71045.0,681.0,2,480,No,Home/Furniture,500,Low
C00950,26,Student,15464.0,541.0,5,561,Yes,Fashion,96,High
C00951,18,Student,19272.0,655.0,3,611,No,Fashion,20,Low
C00952,35,Freelancer,64309.0,646.0,3,427,No,Fashion,121,Low
C00953,30,Employed,77691.0,695.0,2,330,No,Travel,627,Low
C00954,62,Student,21353.0,496.0,10,2100,Yes,Electronics,624,High
C00955,23,Freelancer,39237.0,657.0,2,245,Yes,Fashion,121,Low
C00956,25,Employed,80450.0,764.0,1,162,No,Fashion,116,Low
C00957,39,Unemployed,25996.0,362.0,0,0,Yes,Home/Furniture,489,Low
C00958,22,Employed,71447.0,717.0,2,325,Yes,Electronics,671,Low
C00959,64,Unemployed,9539.0,,5,890,Yes,Groceries/Essentials,89,High
C00960,33,Employed,,716.0,2,261,No,Travel,574,Low
C00961,50,Freelancer,62590.0,653.0,1,99,No,Travel,878,Low
C00962,27,Student,11824.0,534.0,1,141,Yes,Fashion,93,Low
C00963,32,Employed,58481.0,705.0,1,86,No,Fashion,129,Low
C00964,19,Employed,78726.0,627.0,2,323,No,Fashion,57,Low
C00965,32,Employed,42513.0,705.0,3,627,No,Travel,646,Low
C00966,33,Employed,55897.0,704.0,0,0,No,Fashion,71,Low
C00967,51,Freelancer,68914.0,686.0,0,0,No,Fashion,125,Low
C00968,55,Student,19701.0,657.0,3,444,No,Fashion,73,Low
C00969,20,Freelancer,68247.0,693.0,9,1272,No,Home/Furniture,483,Low
C00970,42,Employed,80625.0,713.0,5,833,No,Fashion,94,Low
C00971,21,Employed,73172.0,,1,160,Yes,Home/Furniture,558,Low
C00972,28,Employed,73734.0,746.0,1,174,No,Fashion,138,Low
C00973,20,Unemployed,10513.0,579.0,3,512,No,Travel,647,Medium
C00974,34,Freelancer,46536.0,605.0,7,555,No,Electronics,539,Low
C00975,25,Student,11684.0,452.0,2,263,Yes,Fashion,71,Medium
C00976,56,Employed,46190.0,717.0,1,129,No,Fashion,116,Low
C00977,29,Freelancer,44969.0,623.0,0,0,No,Fashion,77,Low
C00978,31,Unemployed,17613.0,670.0,1,206,No,Fashion,69,Low
C00979,22,Employed,54782.0,722.0,2,174,No,Fashion,163,Low
C00980,31,Employed,56354.0,664.0,1,172,No,Travel,925,Low
C00981,23,Student,17001.0,599.0,8,999,No,Fashion,118,High
C00982,22,Employed,71331.0,703.0,6,591,No,Fashion,82,Low
C00983,33,Employed,72351.0,799.0,2,371,No,Groceries/Essentials,38,Low
C00984,61,Student,6674.0,584.0,0,0,Yes,Electronics,711,Low
C00985,41,Employed,60599.0,808.0,3,391,No,Fashion,83,Low
C00986,21,Employed,51478.0,734.0,3,399,No,Fashion,62,Low
C00987,42,Employed,,647.0,2,318,Yes,Electronics,269,Low
C00988,53,Employed,43434.0,707.0,1,129,No,Fashion,58,Low
C00989,36,Unemployed,5000.0,448.0,3,400,Yes,Home/Furniture,378,High
C00990,20,Employed,95216.0,632.0,2,136,No,Fashion,194,Low
C00991,64,Employed,97055.0,662.0,2,322,No,Electronics,489,Low
C00992,28,Employed,63997.0,661.0,2,392,No,Fashion,76,Low
C00993,50,Employed,38485.0,704.0,0,0,No,Home/Furniture,147,Low
C00994,19,Student,10069.0,618.0,7,1620,No,Electronics,334,High
C00995,46,Freelancer,91839.0,591.0,4,599,No,Electronics,564,Low
C00996,49,Employed,47867.0,715.0,0,0,No,Fashion,93,Low
C00997,19,Employed,102852.0,739.0,3,664,No,Home/Furniture,484,Low
C00998,18,Employed,82254.0,727.0,1,80,No,Electronics,637,Low
C00999,28,Student,19605.0,622.0,1,224,No,Fashion,82,Low
C01000,64,Freelancer,98921.0,664.0,2,300,No,Electronics,515,Low
C01001,56,Employed,86018.0,669.0,1,287,No,Home/Furniture,342,Low
C01002,58,Employed,84974.0,682.0,0,0,No,Fashion,83,Low
C01003,29,Student,16276.0,727.0,2,252,No,Fashion,171,Low
C01004,64,Employed,62568.0,641.0,2,432,No,Fashion,186,Low
C01005,61,Employed,81639.0,620.0,1,95,Yes,Fashion,100,Low
C01006,22,Freelancer,39381.0,681.0,9,1004,No,Electronics,524,Medium
C01007,41,Employed,88621.0,718.0,4,365,No,Electronics,675,Low
C01008,40,Employed,88639.0,734.0,1,260,No,Home/Furniture,336,Low
C01009,55,Freelancer,31861.0,637.0,3,389,No,Electronics,369,Low
C01010,29,Student,14254.0,609.0,3,192,Yes,Electronics,546,Low
C01011,54,Employed,34533.0,716.0,2,377,No,Electronics,379,Low
C01012,30,Student,15143.0,597.0,1,184,Yes,Electronics,454,Low
C01013,51,Freelancer,66099.0,630.0,0,0,No,Fashion,103,Low
C01014,41,Freelancer,72323.0,657.0,3,769,No,Groceries/Essentials,58,Low
C01015,38,Employed,53517.0,666.0,1,239,No,Travel,612,Low
C01016,56,Employed,80799.0,643.0,4,299,No,Travel,940,Low
C01017,35,Student,20988.0,753.0,2,320,No,Electronics,309,Low
C01018,22,Employed,89939.0,698.0,1,207,Yes,Fashion,91,Low
C01019,26,Employed,66861.0,680.0,1,198,No,Fashion,91,Low
C01020,46,Freelancer,43083.0,716.0,7,883,No,Electronics,622,Low
C01021,35,Employed,49271.0,850.0,5,970,No,Electronics,507,Low
C01022,27,Employed,61454.0,643.0,1,103,Yes,Electronics,559,Low
C01023,18,Student,7337.0,692.0,4,607,No,Travel,807,High
C01024,19,Employed,110339.0,672.0,1,222,No,Electronics,689,Low
C01025,47,Freelancer,87127.0,646.0,2,157,No,Home/Furniture,409,Low
C01026,39,Employed,51186.0,686.0,1,142,No,Fashion,117,Low
C01027,42,Employed,40077.0,686.0,2,355,No,Fashion,71,Low
C01028,60,Employed,81471.0,660.0,1,169,No,Home/Furniture,529,Low
C01029,38,Student,,736.0,1,88,Yes,Electronics,653,Low
C01030,54,Student,13158.0,617.0,1,94,Yes,Fashion,86,Low
C01031,49,Employed,49725.0,669.0,3,357,No,Travel,1089,Low
C01032,44,Student,14213.0,600.0,3,453,No,Electronics,327,Low
C01033,24,Employed,75514.0,722.0,1,136,No,Home/Furniture,264,Low
C01034,31,Freelancer,60672.0,,0,0,No,Groceries/Essentials,46,Low
C01035,52,Student,18733.0,608.0,4,776,No,Fashion,137,Medium
C01036,36,Employed,53983.0,721.0,5,838,No,Electronics,300,Low
C01037,22,Employed,51116.0,647.0,1,242,No,Electronics,397,Low
C01038,23,Employed,60028.0,755.0,1,130,No,Fashion,85,Low
C01039,59,Student,16290.0,533.0,2,353,No,Home/Furniture,415,Low
C01040,21,Freelancer,72934.0,701.0,1,147,No,Fashion,30,Low
C01041,52,Employed,72949.0,674.0,5,983,No,Fashion,44,Low
C01042,51,Employed,90645.0,645.0,3,356,No,Fashion,56,Low
C01043,20,Student,15201.0,546.0,1,244,Yes,Fashion,62,Medium
C01044,24,Employed,70156.0,711.0,2,390,No,Fashion,161,Low
C01045,30,Employed,63495.0,615.0,3,718,Yes,Electronics,664,Low
C01046,30,Employed,57110.0,629.0,5,773,Yes,Groceries/Essentials,67,Medium
C01047,22,Freelancer,83771.0,619.0,1,164,No,Fashion,133,Low
C01048,53,Employed,82964.0,700.0,5,569,No,Home/Furniture,496,Low
C01049,18,Employed,91015.0,753.0,2,316,No,Home/Furniture,578,Low
C01050,20,Student,,602.0,0,0,No,Fashion,100,Low
C01051,53,Employed,72274.0,668.0,3,443,No,Travel,936,Low
C01052,62,Freelancer,38079.0,747.0,0,0,No,Electronics,614,Low
C01053,46,Employed,83088.0,665.0,2,225,No,Electronics,706,Low
C01054,25,Student,10922.0,690.0,1,147,No,Travel,848,Low
C01055,26,Employed,90529.0,704.0,0,0,No,Fashion,143,Low
C01056,27,Employed,78161.0,722.0,1,90,No,Fashion,70,Low
C01057,51,Student,17995.0,656.0,2,361,No,Fashion,113,Low
C01058,26,Freelancer,60373.0,590.0,2,282,Yes,Electronics,341,Low
C01059,30,Student,9849.0,,3,472,No,Groceries/Essentials,35,Low
C01060,29,Freelancer,51313.0,642.0,4,411,No,Travel,552,Low
C01061,44,Student,10359.0,554.0,0,0,No,Groceries/Essentials,59,Low
C01062,38,Freelancer,78027.0,568.0,6,858,No,Fashion,123,Low
C01063,24,Employed,54777.0,652.0,2,241,Yes,Fashion,103,Low
C01064,30,Employed,64779.0,681.0,0,0,No,Fashion,92,Low
C01065,22,Employed,88655.0,803.0,5,580,No,Fashion,161,Low
C01066,21,Unemployed,9154.0,525.0,3,120,Yes,Travel,513,Medium
C01067,34,Employed,76656.0,744.0,3,292,No,Fashion,126,Low
C01068,24,Freelancer,72436.0,487.0,1,139,Yes,Home/Furniture,423,Low
C01069,61,Unemployed,15872.0,524.0,3,484,Yes,Fashion,107,Medium
C01070,52,Employed,71135.0,671.0,4,396,No,Electronics,407,Low
C01071,18,Employed,76067.0,746.0,5,556,No,Electronics,669,Low
C01072,30,Employed,79037.0,755.0,1,72,Yes,Home/Furniture,502,Low
C01073,21,Freelancer,71351.0,741.0,7,1063,No,Groceries/Essentials,78,Low
C01074,46,Employed,78484.0,620.0,1,172,No,Fashion,68,Low
C01075,53,Employed,,666.0,1,120,No,Electronics,358,Low
C01076,58,Employed,49109.0,641.0,1,223,Yes,Fashion,95,Low
C01077,18,Freelancer,100426.0,618.0,2,393,Yes,Fashion,69,Low
C01078,41,Student,19701.0,634.0,2,431,No,Electronics,654,Low
C01079,47,Employed,60147.0,734.0,3,646,No,Travel,951,Low
C01080,20,Employed,85288.0,759.0,2,173,No,Travel,884,Low
C01081,32,Employed,72141.0,718.0,1,186,No,Travel,837,Low
C01082,25,Employed,46513.0,675.0,1,63,No,Travel,635,Low
C01083,25,Student,7492.0,564.0,3,775,No,Fashion,10,High
C01084,19,Freelancer,,671.0,5,984,No,Home/Furniture,356,Low
C01085,27,Student,9103.0,532.0,2,312,Yes,Home/Furniture,265,Medium
C01086,41,Freelancer,113010.0,,2,152,No,Fashion,136,Low
C01087,23,Employed,70602.0,694.0,0,0,No,Fashion,132,Low
C01088,30,Employed,82922.0,739.0,2,341,No,Home/Furniture,346,Low
C01089,33,Freelancer,100734.0,695.0,3,493,No,Groceries/Essentials,26,Low
C01090,58,Freelancer,38908.0,635.0,0,0,Yes,Electronics,336,Low
C01091,62,Freelancer,44549.0,691.0,1,206,Yes,Fashion,199,Low
C01092,19,Employed,51661.0,627.0,2,338,Yes,Electronics,314,Low
C01093,27,Employed,96998.0,693.0,1,133,No,Fashion,142,Low
C01094,31,Freelancer,45809.0,654.0,1,172,No,Fashion,73,Low
C01095,53,Employed,68762.0,683.0,1,49,No,Electronics,192,Low
C01096,43,Employed,63733.0,731.0,1,112,No,Home/Furniture,408,Low
C01097,57,Employed,71659.0,618.0,1,241,No,Home/Furniture,403,Low
C01098,57,Employed,75011.0,639.0,0,0,No,Fashion,123,Low
C01099,21,Student,5612.0,606.0,2,222,Yes,Travel,879,Medium
C01100,27,Employed,75960.0,685.0,0,0,No,Fashion,92,Low
C01101,22,Employed,67129.0,667.0,2,388,No,Fashion,212,Low
C01102,28,Employed,73586.0,647.0,1,73,No,Fashion,120,Low
C01103,42,Employed,65841.0,733.0,3,495,No,Electronics,695,Low
C01104,55,Employed,85073.0,654.0,3,496,No,Electronics,654,Low
C01105,29,Unemployed,10579.0,492.0,6,1480,Yes,Travel,430,High
C01106,34,Student,16746.0,647.0,1,159,Yes,Electronics,601,Low
C01107,20,Employed,,612.0,1,153,No,Fashion,168,Low
C01108,25,Employed,92608.0,676.0,0,0,No,Fashion,85,Low
C01109,40,Employed,75041.0,673.0,2,451,No,Electronics,528,Low
C01110,32,Employed,76263.0,770.0,2,361,No,Fashion,156,Low
C01111,21,Employed,88233.0,708.0,2,449,No,Fashion,80,Low
C01112,47,Unemployed,15957.0,408.0,4,634,Yes,Electronics,647,High
C01113,51,Freelancer,47532.0,,2,314,No,Electronics,401,Low
C01114,49,Freelancer,42821.0,,0,0,No,Fashion,123,Low
C01115,43,Freelancer,76009.0,659.0,4,423,No,Fashion,80,Low
C01116,45,Employed,79128.0,711.0,2,346,No,Fashion,77,Low
C01117,20,Employed,91974.0,672.0,4,829,Yes,Electronics,514,Low
C01118,25,Student,6565.0,688.0,1,113,No,Electronics,652,Low
C01119,52,Employed,59011.0,666.0,3,640,No,Groceries/Essentials,22,Low
C01120,34,Freelancer,43050.0,637.0,1,114,No,Home/Furniture,325,Low
C01121,29,Employed,90360.0,,2,273,Yes,Home/Furniture,356,Low
C01122,40,Student,17040.0,685.0,1,159,No,Fashion,76,Low
C01123,28,Employed,84802.0,692.0,1,235,No,Fashion,92,Low
C01124,43,Employed,61825.0,538.0,2,226,Yes,Fashion,106,Low
C01125,18,Employed,84015.0,724.0,2,320,No,Groceries/Essentials,34,Low
C01126,53,Employed,44695.0,695.0,10,1177,No,Fashion,10,Medium
C01127,36,Employed,34209.0,688.0,5,789,No,Fashion,102,Low
C01128,25,Employed,81610.0,791.0,0,0,No,Electronics,490,Low
C01129,26,Employed,61524.0,649.0,2,289,Yes,Electronics,492,Low
C01130,46,Student,19345.0,519.0,7,1518,No,Fashion,99,High
C01131,21,Employed,60008.0,693.0,3,445,No,Fashion,137,Low
C01132,24,Employed,,682.0,2,314,No,Travel,701,Low
C01133,32,Freelancer,49596.0,613.0,2,282,No,Fashion,86,Low
C01134,25,Employed,58520.0,674.0,0,0,No,Fashion,113,Low
C01135,22,Employed,70869.0,771.0,6,1550,No,Home/Furniture,242,Low
C01136,26,Employed,73471.0,,3,669,No,Fashion,17,Low
C01137,51,Employed,,729.0,1,57,No,Electronics,593,Low
C01138,45,Employed,57165.0,721.0,0,0,No,Fashion,108,Low
C01139,25,Employed,54406.0,764.0,4,140,No,Groceries/Essentials,57,Low
C01140,38,Employed,51021.0,658.0,5,752,No,Fashion,91,Low
C01141,20,Freelancer,63849.0,739.0,1,208,No,Home/Furniture,475,Low
C01142,26,Employed,,644.0,1,64,No,Home/Furniture,516,Low
C01143,18,Employed,82643.0,698.0,1,186,No,Electronics,703,Low
C01144,24,Employed,106458.0,737.0,2,365,No,Electronics,627,Low
C01145,37,Employed,102382.0,788.0,8,1373,No,Electronics,639,Low
C01146,64,Student,13885.0,602.0,2,297,Yes,Fashion,131,Medium
C01147,24,Employed,29166.0,740.0,6,876,No,Fashion,48,Low
C01148,24,Employed,79329.0,693.0,2,256,No,Electronics,711,Low
C01149,19,Employed,84012.0,725.0,7,937,No,Fashion,39,Low
C01150,29,Student,15399.0,595.0,2,346,No,Electronics,532,Low
C01151,35,Freelancer,47412.0,686.0,1,232,No,Fashion,113,Low
C01152,29,Unemployed,9634.0,549.0,1,242,No,Electronics,623,Low
C01153,20,Employed,79579.0,755.0,2,288,No,Electronics,360,Low
C01154,34,Employed,94497.0,657.0,2,269,No,Fashion,99,Low
C01155,22,Employed,26329.0,789.0,0,0,No,Electronics,533,Low
C01156,30,Employed,77563.0,710.0,3,714,No,Fashion,159,Low
C01157,22,Employed,75183.0,602.0,1,155,Yes,Fashion,146,Low
C01158,25,Employed,58404.0,738.0,3,612,No,Fashion,139,Low
C01159,19,Employed,37489.0,705.0,0,0,No,Home/Furniture,461,Low
C01160,29,Employed,81676.0,693.0,2,393,No,Fashion,105,Low
C01161,22,Employed,89242.0,754.0,3,299,No,Groceries/Essentials,72,Low
C01162,57,Freelancer,46003.0,610.0,3,378,No,Travel,1035,Low
C01163,24,Employed,112347.0,707.0,7,700,No,Home/Furniture,112,Low
C01164,23,Employed,65887.0,695.0,1,206,No,Fashion,103,Low
C01165,24,Employed,61592.0,706.0,2,290,No,Electronics,465,Low
C01166,41,Unemployed,5741.0,595.0,7,914,No,Home/Furniture,353,High
C01167,54,Student,16845.0,528.0,1,82,Yes,Fashion,110,Low
C01168,37,Employed,85806.0,629.0,1,116,Yes,Electronics,573,Low
C01169,64,Employed,53759.0,724.0,3,330,No,Fashion,75,Low
C01170,30,Student,14895.0,727.0,1,134,Yes,Electronics,431,Low
C01171,49,Employed,75536.0,682.0,0,0,No,Groceries/Essentials,32,Low
C01172,23,Student,13072.0,669.0,3,466,Yes,Electronics,168,Medium
C01173,46,Employed,88062.0,723.0,0,0,No,Fashion,97,Low
C01174,53,Unemployed,5000.0,467.0,2,99,No,Travel,821,Low
C01175,61,Freelancer,47405.0,611.0,3,576,Yes,Home/Furniture,168,Low
C01176,49,Employed,53400.0,624.0,2,285,No,Fashion,135,Low
C01177,51,Employed,74151.0,,3,477,No,Travel,756,Low
C01178,21,Freelancer,43158.0,612.0,3,338,Yes,Home/Furniture,335,Low
C01179,46,Employed,38798.0,728.0,1,170,No,Fashion,51,Low
C01180,26,Employed,53512.0,764.0,2,359,No,Fashion,91,Low
C01181,21,Employed,51133.0,762.0,4,640,No,Fashion,37,Low
C01182,61,Employed,76453.0,816.0,1,202,No,Electronics,523,Low
C01183,47,Employed,59212.0,695.0,5,941,No,Fashion,105,Low
C01184,34,Freelancer,80806.0,557.0,1,204,No,Electronics,729,Low
C01185,20,Employed,74693.0,634.0,1,108,No,Fashion,113,Low
C01186,35,Employed,49124.0,698.0,6,1095,No,Fashion,82,Low
C01187,60,Unemployed,5000.0,520.0,2,476,Yes,Fashion,41,High
C01188,21,Employed,109909.0,711.0,9,1209,No,Electronics,440,Low
C01189,36,Employed,59983.0,569.0,2,454,No,Electronics,382,Low
C01190,55,Employed,87579.0,717.0,2,383,No,Home/Furniture,576,Low
C01191,22,Employed,56202.0,726.0,0,0,No,Fashion,85,Low
C01192,33,Employed,78589.0,744.0,1,241,No,Fashion,94,Low
C01193,42,Employed,89699.0,746.0,1,225,No,Electronics,641,Low
C01194,43,Employed,89824.0,,1,220,No,Travel,498,Low
C01195,37,Student,18060.0,690.0,1,9,Yes,Electronics,600,Low
C01196,28,Employed,95623.0,603.0,5,505,No,Travel,896,Low
C01197,22,Employed,53365.0,746.0,1,201,No,Electronics,280,Low
C01198,33,Employed,,696.0,4,170,No,Fashion,130,Low
C01199,49,Employed,101925.0,737.0,7,1102,No,Fashion,104,Low
C01200,31,Freelancer,29320.0,673.0,0,0,No,Travel,320,Low
C01201,39,Student,19224.0,551.0,0,0,No,Fashion,70,Low
C01202,24,Employed,67685.0,730.0,2,429,No,Groceries/Essentials,63,Low
C01203,40,Student,11609.0,649.0,2,246,No,Electronics,484,Low
C01204,18,Student,18452.0,589.0,0,0,No,Electronics,631,Low
C01205,22,Employed,39318.0,631.0,1,184,No,Electronics,620,Low
C01206,32,Employed,71810.0,803.0,1,187,No,Electronics,359,Low
C01207,55,Employed,72668.0,698.0,1,210,No,Electronics,664,Low
C01208,44,Unemployed,5000.0,495.0,2,369,Yes,Fashion,67,High
C01209,36,Student,9220.0,558.0,1,235,No,Fashion,107,Low
C01210,20,Student,16341.0,460.0,0,0,Yes,Fashion,63,Low
C01211,26,Employed,27196.0,664.0,1,200,No,Electronics,292,Low
C01212,31,Student,19436.0,665.0,2,215,No,Electronics,459,Low
C01213,51,Employed,60473.0,661.0,1,174,No,Home/Furniture,365,Low
C01214,23,Employed,54685.0,672.0,1,184,No,Electronics,455,Low
C01215,58,Employed,89179.0,753.0,0,0,Yes,Fashion,61,Low
C01216,21,Employed,98993.0,656.0,2,269,No,Electronics,620,Low
C01217,28,Employed,60966.0,701.0,2,310,No,Electronics,434,Low
C01218,57,Employed,76523.0,749.0,0,0,No,Groceries/Essentials,27,Low
C01219,56,Student,10427.0,631.0,3,460,Yes,Fashion,64,Medium
C01220,28,Student,18157.0,524.0,5,653,No,Electronics,383,Medium
C01221,24,Employed,95625.0,615.0,3,653,No,Fashion,129,Low
C01222,41,Freelancer,111259.0,515.0,3,607,Yes,Electronics,540,Low
C01223,57,Employed,20775.0,742.0,1,162,No,Fashion,107,Low
C01224,41,Student,5000.0,544.0,6,821,No,Fashion,98,High
C01225,34,Employed,87389.0,729.0,2,259,No,Electronics,568,Low
C01226,61,Employed,74287.0,725.0,2,145,No,Home/Furniture,437,Low
C01227,27,Employed,80225.0,673.0,3,283,No,Home/Furniture,434,Low
C01228,21,Employed,46746.0,693.0,1,285,No,Fashion,59,Low
C01229,20,Employed,85589.0,687.0,1,130,No,Fashion,86,Low
C01230,57,Unemployed,15369.0,658.0,1,90,No,Fashion,40,Low
C01231,32,Freelancer,55193.0,,1,249,No,Groceries/Essentials,35,Low
C01232,22,Employed,95678.0,729.0,2,317,No,Fashion,81,Low
C01233,22,Freelancer,10385.0,544.0,0,0,Yes,Fashion,91,Low
C01234,22,Student,24242.0,612.0,1,137,No,Electronics,572,Low
C01235,61,Employed,69020.0,699.0,0,0,No,Electronics,673,Low
C01236,47,Unemployed,5000.0,455.0,2,249,No,Fashion,106,High
C01237,45,Unemployed,5000.0,470.0,5,1000,No,Fashion,131,High
C01238,22,Employed,,633.0,5,414,No,Electronics,600,Low
C01239,30,Employed,28815.0,691.0,2,364,No,Electronics,649,Low
C01240,19,Freelancer,62173.0,614.0,1,163,No,Fashion,96,Low
C01241,27,Student,8393.0,491.0,3,608,No,Electronics,373,High
C01242,22,Freelancer,71858.0,577.0,2,203,Yes,Travel,690,Low
C01243,43,Employed,64210.0,701.0,3,699,No,Travel,704,Low
C01244,24,Employed,79143.0,792.0,6,727,No,Electronics,775,Low
C01245,33,Employed,42473.0,696.0,8,1015,No,Electronics,462,Low
C01246,55,Unemployed,5591.0,479.0,5,601,Yes,Home/Furniture,486,High
C01247,61,Freelancer,87785.0,633.0,2,397,Yes,Electronics,413,Low
C01248,62,Student,17995.0,575.0,2,377,Yes,Electronics,670,Low
C01249,27,Student,13107.0,533.0,0,0,Yes,Groceries/Essentials,78,Low
C01250,30,Freelancer,70847.0,688.0,4,676,No,Fashion,121,Low
C01251,32,Freelancer,54541.0,657.0,0,0,No,Home/Furniture,319,Low
C01252,35,Employed,61782.0,735.0,0,0,No,Fashion,70,Low
C01253,31,Employed,27788.0,673.0,4,593,No,Fashion,64,Low
C01254,21,Employed,42352.0,672.0,3,606,No,Travel,669,Low
C01255,19,Employed,78352.0,735.0,1,148,No,Home/Furniture,541,Low
C01256,43,Employed,75979.0,605.0,2,168,No,Home/Furniture,375,Low
C01257,35,Employed,64028.0,737.0,4,793,Yes,Fashion,93,Low
C01258,41,Employed,86737.0,643.0,0,0,No,Home/Furniture,551,Low
C01259,34,Employed,56754.0,753.0,1,120,No,Electronics,599,Low
C01260,30,Freelancer,51454.0,699.0,0,0,No,Fashion,105,Low
C01261,40,Employed,29418.0,746.0,4,740,No,Electronics,501,Low
C01262,20,Student,10820.0,527.0,1,153,Yes,Fashion,79,Low
C01263,60,Employed,95389.0,705.0,0,0,No,Electronics,336,Low
C01264,37,Employed,78523.0,697.0,2,285,No,Electronics,603,Low
C01265,24,Employed,91190.0,675.0,1,193,No,Fashion,10,Low
C01266,34,Unemployed,16224.0,411.0,3,473,Yes,Travel,864,High
C01267,19,Freelancer,97347.0,595.0,0,0,No,Electronics,514,Low
C01268,56,Employed,83928.0,710.0,4,439,No,Home/Furniture,277,Low
C01269,19,Student,17765.0,469.0,4,519,Yes,Fashion,163,Medium
C01270,47,Employed,32233.0,797.0,4,302,No,Electronics,567,Low
C01271,62,Employed,51202.0,798.0,2,290,No,Fashion,106,Low
C01272,32,Employed,100141.0,729.0,2,335,No,Fashion,163,Low
C01273,23,Employed,66124.0,646.0,1,203,Yes,Fashion,113,Low
C01274,19,Employed,84137.0,713.0,1,139,No,Travel,1041,Low
C01275,18,Employed,99566.0,791.0,2,413,No,Fashion,104,Low
C01276,28,Employed,71937.0,678.0,3,322,No,Electronics,349,Low
C01277,32,Student,5022.0,473.0,2,165,Yes,Electronics,673,Medium
C01278,18,Employed,,656.0,6,1026,Yes,Electronics,644,Low
C01279,59,Employed,60239.0,779.0,4,666,Yes,Electronics,733,Low
C01280,42,Student,14734.0,527.0,1,191,Yes,Fashion,78,Low
C01281,20,Unemployed,11380.0,631.0,3,677,Yes,Electronics,525,High
C01282,60,Employed,97697.0,616.0,1,117,No,Travel,924,Low
C01283,54,Employed,79171.0,801.0,2,455,Yes,Electronics,670,Low
C01284,22,Unemployed,5000.0,617.0,2,451,No,Electronics,675,High
C01285,27,Unemployed,5000.0,614.0,6,816,Yes,Fashion,67,High
C01286,34,Employed,61980.0,749.0,2,347,No,Fashion,88,Low
C01287,48,Employed,47217.0,742.0,2,383,Yes,Groceries/Essentials,55,Low
C01288,43,Employed,88829.0,764.0,3,475,No,Electronics,415,Low
C01289,44,Student,14535.0,664.0,3,146,Yes,Electronics,765,Low
C01290,23,Employed,64152.0,689.0,2,344,No,Home/Furniture,346,Low
C01291,43,Student,20128.0,597.0,3,578,No,Electronics,786,Low
C01292,30,Employed,69504.0,659.0,3,515,No,Fashion,82,Low
C01293,48,Employed,63322.0,778.0,2,352,No,Fashion,54,Low
C01294,33,Employed,68961.0,750.0,1,109,No,Fashion,76,Low
C01295,48,Employed,41430.0,,1,196,No,Fashion,86,Low
C01296,36,Student,11056.0,589.0,3,484,No,Groceries/Essentials,34,Medium
C01297,18,Employed,59261.0,689.0,8,1295,No,Fashion,11,Low
C01298,47,Employed,5000.0,727.0,2,463,No,Fashion,117,High
C01299,24,Student,16082.0,574.0,1,167,Yes,Fashion,103,Low
C01300,40,Employed,83159.0,732.0,5,747,No,Electronics,451,Low
C01301,39,Student,21843.0,479.0,2,143,Yes,Home/Furniture,357,Low
C01302,22,Student,14864.0,648.0,1,85,No,Fashion,62,Low
C01303,44,Student,11424.0,529.0,4,629,Yes,Fashion,54,High
C01304,40,Employed,79183.0,692.0,1,184,No,Electronics,391,Low
C01305,21,Employed,66125.0,687.0,5,624,Yes,Groceries/Essentials,26,Low
C01306,26,Employed,61706.0,692.0,2,424,No,Electronics,516,Low
C01307,22,Employed,55006.0,644.0,5,861,Yes,Groceries/Essentials,64,Low
C01308,62,Employed,,708.0,2,461,No,Fashion,130,Low
C01309,20,Employed,82122.0,702.0,6,696,No,Fashion,103,Low
C01310,18,Freelancer,82969.0,702.0,4,788,No,Fashion,128,Low
C01311,29,Freelancer,54623.0,707.0,5,579,Yes,Travel,762,Low
C01312,49,Employed,49122.0,657.0,5,776,No,Fashion,153,Low
C01313,37,Unemployed,15472.0,500.0,0,0,Yes,Home/Furniture,354,Low
C01314,62,Student,7434.0,545.0,0,0,Yes,Electronics,443,Low
C01315,63,Freelancer,,577.0,1,99,No,Electronics,649,Low
C01316,52,Freelancer,32960.0,576.0,0,0,Yes,Home/Furniture,519,Low
C01317,28,Freelancer,15716.0,735.0,1,158,No,Fashion,115,Low
C01318,21,Student,14156.0,586.0,2,297,No,Travel,977,Low
C01319,51,Employed,55616.0,736.0,0,0,No,Electronics,399,Low
C01320,32,Student,19175.0,634.0,2,330,Yes,Fashion,153,Low
C01321,54,Freelancer,33370.0,643.0,1,123,Yes,Travel,1061,Low
C01322,52,Employed,58787.0,695.0,1,95,No,Groceries/Essentials,71,Low
C01323,23,Employed,59325.0,736.0,3,528,Yes,Fashion,57,Low
C01324,60,Unemployed,20909.0,655.0,3,582,No,Home/Furniture,522,Low
C01325,36,Employed,39122.0,707.0,1,126,No,Travel,857,Low
C01326,26,Freelancer,104862.0,710.0,5,806,No,Electronics,734,Low
C01327,54,Employed,58866.0,688.0,0,0,No,Home/Furniture,381,Low
C01328,29,Employed,30183.0,733.0,5,1397,No,Electronics,370,Medium
C01329,55,Employed,75921.0,819.0,2,320,Yes,Electronics,776,Low
C01330,39,Freelancer,50582.0,705.0,1,142,No,Fashion,129,Low
C01331,55,Student,8848.0,656.0,1,203,No,Electronics,669,Low
C01332,49,Employed,87042.0,763.0,3,585,No,Fashion,93,Low
C01333,29,Employed,83247.0,698.0,0,0,No,Home/Furniture,324,Low
C01334,42,Employed,82690.0,669.0,1,105,No,Fashion,76,Low
C01335,43,Unemployed,5000.0,602.0,1,206,Yes,Fashion,136,High
C01336,28,Employed,41115.0,713.0,1,156,Yes,Fashion,91,Low
C01337,36,Employed,68924.0,672.0,2,251,No,Electronics,419,Low
C01338,22,Unemployed,24862.0,561.0,3,471,Yes,Fashion,89,Medium
C01339,45,Employed,34739.0,697.0,1,135,No,Travel,998,Low
C01340,62,Employed,38526.0,733.0,1,218,No,Fashion,114,Low
C01341,35,Unemployed,5000.0,568.0,2,317,Yes,Travel,750,High
C01342,21,Freelancer,48211.0,664.0,3,693,No,Travel,806,Low
C01343,30,Employed,54167.0,,2,254,No,Fashion,34,Low
C01344,24,Freelancer,80381.0,549.0,3,346,Yes,Fashion,114,Low
C01345,18,Employed,58829.0,718.0,2,338,No,Fashion,43,Low
C01346,32,Employed,83431.0,724.0,1,213,No,Fashion,177,Low
C01347,19,Employed,102958.0,620.0,1,130,No,Fashion,122,Low
C01348,53,Unemployed,5000.0,684.0,2,377,No,Electronics,547,High
C01349,39,Employed,82053.0,648.0,1,91,No,Electronics,511,Low
C01350,40,Employed,72710.0,688.0,1,107,No,Electronics,252,Low
C01351,22,Employed,39303.0,725.0,1,155,No,Fashion,172,Low
C01352,25,Freelancer,55255.0,732.0,5,897,Yes,Fashion,87,Medium
C01353,18,Student,20529.0,608.0,3,306,No,Fashion,76,Low
C01354,21,Employed,106892.0,755.0,7,1441,No,Electronics,979,Low
C01355,52,Employed,46064.0,637.0,2,350,Yes,Home/Furniture,389,Low
C01356,42,Employed,77977.0,731.0,1,168,No,Travel,915,Low
C01357,28,Employed,64900.0,723.0,2,229,No,Fashion,74,Low
C01358,31,Employed,75925.0,748.0,5,854,No,Travel,765,Low
C01359,36,Student,10371.0,392.0,3,548,Yes,Electronics,547,High
C01360,34,Employed,72198.0,694.0,3,567,No,Fashion,132,Low
C01361,27,Student,16778.0,580.0,0,0,Yes,Fashion,48,Low
C01362,21,Employed,62965.0,655.0,0,0,No,Electronics,521,Low
C01363,25,Freelancer,73113.0,628.0,1,232,No,Electronics,380,Low
C01364,52,Employed,84703.0,789.0,6,872,No,Fashion,85,Low
C01365,46,Employed,55044.0,702.0,1,108,No,Fashion,55,Low
C01366,24,Employed,73325.0,744.0,1,159,Yes,Travel,1052,Low
C01367,22,Employed,67838.0,726.0,5,566,No,Travel,995,Low
C01368,51,Student,12149.0,621.0,4,833,No,Fashion,98,High
C01369,28,Employed,95318.0,680.0,9,1603,Yes,Fashion,62,Medium
C01370,42,Freelancer,35522.0,730.0,3,740,No,Home/Furniture,434,Low
C01371,61,Employed,79795.0,699.0,2,321,Yes,Fashion,98,Low
C01372,43,Employed,48711.0,588.0,6,1382,No,Electronics,655,Low
C01373,18,Employed,66800.0,608.0,4,684,No,Home/Furniture,542,Low
C01374,64,Employed,98842.0,650.0,2,263,No,Fashion,72,Low
C01375,29,Student,15932.0,566.0,4,425,Yes,Electronics,554,Medium
C01376,35,Employed,58548.0,621.0,1,206,No,Fashion,132,Low
C01377,19,Employed,47425.0,642.0,2,294,No,Fashion,136,Low
C01378,31,Employed,65938.0,669.0,3,313,No,Travel,1010,Low
C01379,18,Student,17994.0,576.0,1,178,No,Fashion,59,Low
C01380,23,Student,14631.0,690.0,5,682,No,Home/Furniture,314,Medium
C01381,25,Unemployed,5000.0,676.0,0,0,No,Travel,700,Low
C01382,19,Employed,63344.0,657.0,5,790,No,Home/Furniture,473,Low
C01383,30,Employed,80145.0,724.0,2,183,No,Home/Furniture,390,Low
C01384,46,Employed,99861.0,752.0,2,337,No,Electronics,429,Low
C01385,33,Employed,80640.0,751.0,0,0,No,Home/Furniture,598,Low
C01386,33,Unemployed,5000.0,578.0,2,319,No,Fashion,124,High
C01387,39,Freelancer,114984.0,621.0,4,605,No,Fashion,177,Low
C01388,25,Student,15416.0,685.0,2,314,No,Home/Furniture,646,Low
C01389,30,Employed,88897.0,670.0,5,447,Yes,Home/Furniture,431,Low
C01390,23,Employed,48131.0,672.0,0,0,No,Fashion,137,Low
C01391,53,Student,16269.0,584.0,3,551,No,Electronics,592,Low
C01392,56,Student,11852.0,624.0,1,191,Yes,Travel,698,Low
C01393,46,Employed,74023.0,697.0,1,179,No,Fashion,153,Low
C01394,24,Student,12644.0,578.0,2,167,Yes,Travel,766,Low
C01395,32,Employed,95831.0,597.0,1,182,Yes,Travel,876,Low
C01396,64,Employed,85871.0,616.0,2,304,No,Fashion,98,Low
C01397,54,Employed,38479.0,642.0,2,142,No,Electronics,470,Low
C01398,26,Student,6474.0,569.0,1,175,No,Home/Furniture,363,Low
C01399,48,Employed,85934.0,601.0,0,0,Yes,Electronics,577,Low
C01400,47,Employed,49713.0,570.0,2,336,No,Home/Furniture,368,Low
C01401,30,Student,10643.0,525.0,2,419,No,Fashion,105,Medium
C01402,46,Employed,69356.0,674.0,0,0,No,Electronics,446,Low
C01403,38,Employed,94235.0,724.0,2,209,No,Fashion,14,Low
C01404,31,Employed,,673.0,3,277,No,Electronics,403,Low
C01405,23,Unemployed,9336.0,300.0,3,561,Yes,Fashion,99,High
C01406,22,Employed,51342.0,688.0,5,1058,No,Fashion,73,Low
C01407,32,Unemployed,12019.0,716.0,2,261,Yes,Groceries/Essentials,62,Medium
C01408,26,Employed,84556.0,750.0,4,587,No,Electronics,320,Low
C01409,20,Student,15628.0,738.0,1,93,No,Home/Furniture,439,Low
C01410,40,Employed,79459.0,655.0,2,347,No,Fashion,70,Low
C01411,20,Student,6196.0,549.0,2,271,Yes,Home/Furniture,418,High
C01412,24,Student,16952.0,587.0,2,262,No,Fashion,79,Low
C01413,50,Student,16148.0,576.0,2,272,No,Fashion,81,Low
C01414,22,Employed,80351.0,723.0,2,254,No,Groceries/Essentials,45,Low
C01415,55,Employed,70546.0,685.0,1,149,No,Fashion,84,Low
C01416,34,Employed,83433.0,702.0,5,451,No,Electronics,242,Low
C01417,64,Employed,91715.0,639.0,3,451,No,Electronics,400,Low
C01418,38,Employed,50776.0,796.0,1,154,No,Fashion,78,Low
C01419,19,Student,,635.0,5,926,No,Fashion,125,Medium
C01420,20,Employed,32148.0,627.0,1,177,No,Fashion,101,Low
C01421,19,Employed,,682.0,6,1067,Yes,Fashion,124,Low
C01422,64,Employed,70518.0,638.0,1,78,No,Fashion,52,Low
C01423,20,Unemployed,5000.0,563.0,0,0,Yes,Fashion,118,Low
C01424,37,Employed,58735.0,676.0,1,99,No,Electronics,450,Low
C01425,19,Employed,87790.0,694.0,0,0,No,Fashion,62,Low
C01426,33,Employed,66958.0,720.0,1,144,No,Electronics,660,Low
C01427,24,Employed,58689.0,746.0,2,447,No,Fashion,130,Low
C01428,27,Employed,95500.0,766.0,2,309,No,Travel,672,Low
C01429,34,Freelancer,61875.0,589.0,2,290,No,Fashion,64,Low
C01430,31,Employed,75300.0,680.0,4,580,No,Home/Furniture,326,Low
C01431,22,Employed,79281.0,632.0,1,194,No,Groceries/Essentials,33,Low
C01432,62,Employed,67361.0,662.0,2,400,No,Electronics,711,Low
C01433,20,Employed,66901.0,669.0,2,285,No,Fashion,64,Low
C01434,25,Student,20596.0,497.0,2,69,Yes,Electronics,541,Low
C01435,39,Employed,31650.0,693.0,3,532,No,Electronics,681,Low
C01436,34,Employed,86866.0,646.0,2,237,Yes,Fashion,55,Low
C01437,20,Employed,73211.0,690.0,4,824,No,Fashion,86,Low
C01438,57,Employed,81995.0,804.0,3,622,No,Groceries/Essentials,50,Low
C01439,24,Freelancer,87264.0,599.0,1,133,No,Electronics,472,Low
C01440,51,Student,17107.0,697.0,0,0,No,Fashion,46,Low
C01441,29,Employed,78097.0,675.0,4,545,Yes,Fashion,56,Low
C01442,35,Student,19356.0,518.0,2,438,Yes,Electronics,667,Medium
C01443,32,Employed,69264.0,725.0,2,206,No,Electronics,339,Low
C01444,51,Employed,108320.0,719.0,4,605,No,Fashion,105,Low
C01445,48,Employed,68631.0,598.0,6,636,No,Electronics,380,Low
C01446,19,Employed,77278.0,668.0,2,192,No,Groceries/Essentials,28,Low
C01447,64,Employed,56802.0,754.0,5,1120,No,Groceries/Essentials,42,Low
C01448,20,Employed,71326.0,682.0,1,151,No,Travel,634,Low
C01449,24,Employed,90126.0,656.0,0,0,No,Fashion,75,Low
C01450,30,Student,13395.0,643.0,0,0,No,Electronics,630,Low
C01451,48,Freelancer,71974.0,542.0,2,386,No,Fashion,167,Low
C01452,29,Student,14352.0,,4,537,Yes,Electronics,506,Medium
C01453,23,Freelancer,43138.0,593.0,1,150,No,Groceries/Essentials,82,Low
C01454,62,Employed,82934.0,669.0,3,442,No,Fashion,130,Low
C01455,25,Student,7872.0,559.0,2,215,No,Electronics,662,Low
C01456,28,Unemployed,5000.0,423.0,3,213,Yes,Fashion,32,High
C01457,61,Employed,86215.0,686.0,3,744,No,Electronics,623,Low
C01458,20,Employed,53214.0,647.0,0,0,No,Home/Furniture,447,Low
C01459,21,Employed,75523.0,744.0,1,118,No,Electronics,760,Low
C01460,25,Student,17043.0,337.0,0,0,Yes,Travel,893,Low
C01461,23,Employed,43919.0,613.0,0,0,No,Fashion,146,Low
C01462,24,Employed,116827.0,747.0,2,469,No,Groceries/Essentials,34,Low
C01463,23,Employed,89841.0,742.0,2,194,No,Electronics,522,Low
C01464,20,Freelancer,27942.0,,3,284,No,Home/Furniture,394,Low
C01465,19,Employed,53184.0,638.0,1,97,No,Electronics,449,Low
C01466,18,Employed,89093.0,707.0,1,106,No,Electronics,616,Low
C01467,22,Freelancer,58671.0,536.0,2,460,Yes,Travel,815,Low
C01468,18,Employed,71092.0,788.0,2,314,No,Fashion,109,Low
C01469,37,Employed,61332.0,627.0,1,182,Yes,Home/Furniture,339,Low
C01470,26,Freelancer,84488.0,758.0,1,165,No,Fashion,109,Low
C01471,20,Employed,61393.0,786.0,5,771,No,Fashion,186,Low
C01472,42,Employed,73624.0,673.0,2,427,No,Home/Furniture,471,Low
C01473,24,Student,14460.0,573.0,0,0,Yes,Electronics,484,Low
C01474,47,Student,24544.0,744.0,1,86,No,Home/Furniture,497,Low
C01475,50,Employed,79226.0,659.0,1,253,No,Electronics,352,Low
C01476,20,Student,14729.0,671.0,1,94,No,Fashion,60,Low
C01477,29,Employed,82421.0,748.0,0,0,No,Electronics,409,Low
C01478,38,Employed,53331.0,674.0,2,314,No,Electronics,537,Low
C01479,57,Employed,59000.0,590.0,4,662,Yes,Home/Furniture,214,Low
C01480,37,Freelancer,64512.0,625.0,1,103,Yes,Fashion,147,Low
C01481,24,Freelancer,37522.0,683.0,10,1189,No,Home/Furniture,395,Medium
C01482,41,Freelancer,42484.0,752.0,1,17,No,Fashion,126,Low
C01483,27,Employed,88909.0,725.0,4,579,No,Electronics,523,Low
C01484,22,Unemployed,10161.0,573.0,1,78,No,Electronics,776,Low
C01485,22,Student,20241.0,541.0,1,129,Yes,Electronics,698,Low
C01486,22,Employed,65971.0,633.0,1,95,Yes,Fashion,223,Low
C01487,19,Employed,48037.0,729.0,2,332,No,Fashion,99,Low
C01488,24,Employed,66309.0,747.0,0,0,No,Electronics,329,Low
C01489,19,Employed,55072.0,668.0,2,352,No,Home/Furniture,396,Low
C01490,21,Employed,69455.0,688.0,7,1300,No,Fashion,112,Low
C01491,23,Employed,49749.0,721.0,1,162,No,Fashion,176,Low
C01492,18,Freelancer,71740.0,757.0,2,390,No,Fashion,87,Low
C01493,47,Student,12411.0,467.0,1,197,Yes,Electronics,516,Medium
C01494,21,Employed,38667.0,737.0,1,118,No,Home/Furniture,513,Low
C01495,58,Employed,46841.0,720.0,2,245,No,Electronics,150,Low
C01496,22,Freelancer,6790.0,562.0,0,0,No,Travel,528,Low
C01497,37,Employed,70366.0,718.0,5,439,No,Fashion,89,Low
C01498,19,Student,12788.0,628.0,1,166,Yes,Fashion,138,Low
C01499,23,Freelancer,34729.0,629.0,0,0,Yes,Fashion,82,Low
C01500,47,Employed,52731.0,684.0,0,0,No,Fashion,112,Low
C01501,36,Employed,83237.0,786.0,1,219,No,Home/Furniture,332,Low
C01502,34,Employed,78572.0,756.0,0,0,No,Fashion,50,Low
C01503,34,Employed,85393.0,759.0,4,626,No,Fashion,81,Low
C01504,22,Student,19491.0,587.0,2,201,No,Fashion,132,Low
C01505,22,Student,16762.0,649.0,4,723,No,Home/Furniture,478,Low
C01506,28,Unemployed,11839.0,479.0,1,109,Yes,Home/Furniture,434,Low
C01507,23,Employed,56403.0,747.0,2,353,No,Fashion,155,Low
C01508,26,Freelancer,64955.0,786.0,1,145,No,Groceries/Essentials,31,Low
C01509,39,Employed,92967.0,689.0,4,650,No,Fashion,79,Low
C01510,23,Employed,64580.0,843.0,3,197,No,Travel,889,Low
C01511,38,Employed,91822.0,658.0,1,74,No,Home/Furniture,270,Low
C01512,19,Student,19190.0,555.0,1,201,Yes,Fashion,77,Low
C01513,53,Freelancer,44326.0,,4,285,No,Electronics,665,Low
C01514,45,Freelancer,83624.0,588.0,2,320,No,Fashion,82,Low
C01515,33,Employed,101406.0,673.0,2,242,No,Fashion,26,Low
C01516,34,Employed,121409.0,669.0,2,410,Yes,Electronics,536,Low
C01517,23,Student,7127.0,670.0,1,156,No,Fashion,181,Low
C01518,29,Employed,94504.0,651.0,2,281,No,Electronics,759,Low
C01519,21,Employed,85115.0,650.0,0,0,No,Electronics,548,Low
C01520,33,Employed,106075.0,727.0,4,529,No,Groceries/Essentials,30,Low
C01521,44,Student,14424.0,564.0,0,0,No,Home/Furniture,340,Low
C01522,52,Employed,48092.0,790.0,3,468,No,Fashion,26,Low
C01523,54,Employed,69929.0,704.0,2,344,No,Fashion,93,Low
C01524,36,Employed,93715.0,673.0,1,92,No,Electronics,379,Low
C01525,22,Employed,,683.0,2,151,No,Fashion,133,Low
C01526,43,Employed,73677.0,702.0,0,0,No,Home/Furniture,463,Low
C01527,21,Employed,92507.0,691.0,1,3,No,Fashion,127,Low
C01528,23,Employed,69991.0,552.0,2,259,No,Electronics,246,Low
C01529,57,Employed,63558.0,684.0,1,71,No,Fashion,156,Low
C01530,19,Employed,68344.0,711.0,5,638,No,Fashion,36,Low
C01531,41,Employed,84394.0,665.0,4,545,No,Fashion,63,Low
C01532,44,Employed,66292.0,763.0,3,204,Yes,Fashion,90,Low
C01533,25,Student,19681.0,551.0,2,166,No,Fashion,133,Low
C01534,35,Employed,67917.0,693.0,3,705,Yes,Groceries/Essentials,42,Low
C01535,22,Employed,71450.0,699.0,1,166,No,Fashion,97,Low
C01536,32,Employed,102901.0,,2,371,Yes,Electronics,670,Low
C01537,27,Employed,73710.0,728.0,2,275,No,Fashion,107,Low
C01538,57,Employed,75933.0,681.0,1,173,No,Electronics,471,Low
C01539,19,Employed,45130.0,701.0,1,153,No,Electronics,534,Low
C01540,50,Employed,87000.0,639.0,1,97,Yes,Electronics,484,Low
C01541,26,Student,20729.0,605.0,0,0,No,Fashion,89,Low
C01542,54,Student,12290.0,630.0,3,556,Yes,Home/Furniture,421,High
C01543,38,Freelancer,69030.0,623.0,2,353,No,Fashion,131,Low
C01544,44,Student,,546.0,3,670,Yes,Fashion,153,Medium
C01545,28,Employed,82575.0,630.0,2,133,No,Electronics,526,Low
C01546,21,Unemployed,7423.0,542.0,1,136,Yes,Fashion,61,Medium
C01547,31,Employed,90262.0,625.0,4,621,No,Home/Furniture,351,Low
C01548,29,Student,8640.0,681.0,3,687,No,Fashion,50,High
C01549,22,Employed,72612.0,799.0,6,795,Yes,Fashion,45,Low
C01550,31,Employed,79822.0,658.0,2,445,No,Fashion,181,Low
C01551,18,Freelancer,87672.0,657.0,0,0,No,Fashion,119,Low
C01552,31,Employed,75365.0,623.0,5,505,No,Fashion,180,Low
C01553,23,Employed,77092.0,730.0,1,233,No,Groceries/Essentials,23,Low
C01554,18,Employed,81374.0,753.0,4,592,No,Fashion,56,Low
C01555,47,Student,9783.0,574.0,0,0,No,Home/Furniture,548,Low
C01556,23,Employed,74751.0,654.0,1,145,No,Fashion,112,Low
C01557,33,Employed,54259.0,751.0,1,126,No,Home/Furniture,362,Low
C01558,41,Freelancer,74572.0,620.0,5,297,No,Fashion,131,Low
C01559,20,Employed,62415.0,722.0,6,1103,No,Electronics,741,Low
C01560,18,Employed,40668.0,777.0,2,304,No,Home/Furniture,514,Low
C01561,47,Employed,61120.0,662.0,2,263,No,Travel,986,Low
C01562,22,Student,22273.0,638.0,2,282,No,Fashion,158,Low
C01563,20,Student,14852.0,592.0,2,326,No,Groceries/Essentials,53,Low
C01564,31,Employed,78848.0,774.0,7,925,No,Travel,734,Low
C01565,34,Employed,70083.0,582.0,2,557,Yes,Home/Furniture,422,Low
C01566,42,Employed,71230.0,720.0,2,542,No,Fashion,125,Low
C01567,34,Employed,70854.0,589.0,2,180,Yes,Fashion,141,Low
C01568,39,Student,25120.0,663.0,1,88,Yes,Fashion,104,Low
C01569,26,Employed,62323.0,693.0,4,650,No,Fashion,102,Low
C01570,19,Employed,112913.0,736.0,1,38,No,Fashion,122,Low
C01571,50,Employed,82910.0,638.0,3,414,Yes,Electronics,532,Low
C01572,27,Employed,63502.0,649.0,3,641,No,Fashion,76,Low
C01573,23,Employed,76071.0,598.0,0,0,Yes,Groceries/Essentials,91,Low
C01574,25,Employed,76187.0,672.0,1,152,No,Electronics,419,Low
C01575,24,Employed,93981.0,,2,170,No,Home/Furniture,386,Low
C01576,45,Unemployed,8428.0,435.0,0,0,No,Travel,849,Low
C01577,53,Employed,41723.0,733.0,1,266,Yes,Electronics,679,Low
C01578,19,Student,7075.0,610.0,9,1085,No,Electronics,509,High
C01579,29,Employed,70883.0,828.0,7,1100,No,Electronics,355,Low
C01580,36,Employed,83462.0,624.0,5,921,No,Home/Furniture,313,Low
C01581,42,Student,13883.0,553.0,1,120,Yes,Fashion,169,Low
C01582,31,Student,23977.0,616.0,1,136,No,Fashion,120,Low
C01583,26,Employed,60996.0,726.0,3,364,No,Groceries/Essentials,14,Low
C01584,19,Employed,105385.0,651.0,1,159,No,Fashion,112,Low
C01585,18,Employed,76353.0,714.0,3,438,No,Fashion,86,Low
C01586,30,Employed,79298.0,734.0,2,193,No,Home/Furniture,311,Low
C01587,26,Employed,66169.0,706.0,3,508,No,Electronics,558,Low
C01588,23,Employed,62884.0,730.0,1,125,No,Fashion,78,Low
C01589,28,Employed,49379.0,745.0,2,290,No,Groceries/Essentials,68,Low
C01590,39,Unemployed,5000.0,589.0,2,312,Yes,Fashion,193,High
C01591,47,Student,5779.0,470.0,3,492,Yes,Fashion,108,High
C01592,31,Employed,23216.0,728.0,1,213,No,Electronics,566,Low
C01593,19,Employed,72944.0,753.0,2,564,No,Fashion,56,Low
C01594,42,Student,18616.0,540.0,1,236,Yes,Electronics,573,Low
C01595,60,Employed,91274.0,751.0,0,0,No,Fashion,47,Low
C01596,21,Employed,66753.0,789.0,1,131,No,Fashion,66,Low
C01597,44,Employed,58841.0,714.0,3,241,No,Fashion,36,Low
C01598,34,Freelancer,66041.0,601.0,3,408,Yes,Fashion,105,Low
C01599,38,Employed,80240.0,622.0,0,0,No,Electronics,812,Low
C01600,53,Employed,85503.0,714.0,4,342,Yes,Electronics,702,Low
C01601,20,Employed,38187.0,620.0,3,403,Yes,Fashion,80,Low
C01602,34,Employed,80690.0,650.0,0,0,No,Fashion,122,Low
C01603,24,Student,9911.0,720.0,0,0,No,Electronics,581,Low
C01604,31,Employed,53409.0,717.0,2,217,No,Fashion,132,Low
C01605,27,Unemployed,20699.0,454.0,3,526,Yes,Fashion,138,High
C01606,19,Employed,89950.0,764.0,2,148,No,Home/Furniture,409,Low
C01607,36,Employed,96867.0,768.0,2,212,Yes,Travel,1043,Low
C01608,28,Student,5000.0,628.0,2,383,No,Fashion,15,High
C01609,23,Employed,66689.0,646.0,2,287,Yes,Electronics,652,Low
C01610,26,Employed,65795.0,718.0,4,760,Yes,Fashion,118,Medium
C01611,38,Student,,635.0,2,96,No,Fashion,73,Low
C01612,42,Unemployed,5000.0,462.0,7,2117,Yes,Fashion,67,High
C01613,50,Freelancer,44157.0,,1,162,No,Fashion,102,Low
C01614,21,Freelancer,54001.0,581.0,2,255,No,Fashion,55,Low
C01615,21,Employed,54224.0,717.0,6,1068,No,Fashion,105,Low
C01616,33,Employed,67475.0,730.0,7,864,Yes,Fashion,82,Low
C01617,33,Employed,73480.0,634.0,1,120,Yes,Fashion,120,Low
C01618,18,Employed,63419.0,669.0,1,120,No,Travel,983,Low
C01619,22,Freelancer,84575.0,645.0,1,140,Yes,Fashion,135,Low
C01620,45,Student,17544.0,637.0,7,1164,Yes,Travel,875,High
C01621,35,Freelancer,49112.0,732.0,2,243,No,Home/Furniture,511,Low
C01622,23,Employed,73053.0,,1,30,No,Fashion,75,Low
C01623,21,Employed,96118.0,604.0,3,322,Yes,Fashion,87,Low
C01624,49,Student,24847.0,603.0,4,870,No,Electronics,499,Low
C01625,45,Employed,85073.0,701.0,1,153,No,Fashion,74,Low
C01626,36,Freelancer,23806.0,651.0,3,690,No,Home/Furniture,601,Low
C01627,22,Freelancer,23164.0,606.0,3,325,No,Electronics,349,Low
C01628,30,Employed,94344.0,684.0,2,515,No,Fashion,93,Low
C01629,27,Employed,78983.0,748.0,1,153,No,Home/Furniture,369,Low
C01630,30,Freelancer,35391.0,621.0,2,321,No,Electronics,220,Low
C01631,32,Employed,79264.0,689.0,2,301,No,Electronics,123,Low
C01632,19,Student,14048.0,535.0,6,1263,Yes,Home/Furniture,319,High
C01633,22,Freelancer,85908.0,720.0,0,0,No,Fashion,137,Low
C01634,20,Unemployed,10065.0,588.0,2,484,Yes,Home/Furniture,517,High
C01635,27,Employed,46442.0,683.0,1,170,No,Fashion,80,Low
C01636,25,Freelancer,52076.0,692.0,1,141,No,Home/Furniture,365,Low
C01637,18,Employed,64640.0,740.0,4,554,No,Fashion,105,Low
C01638,42,Employed,75474.0,771.0,1,193,No,Electronics,522,Low
C01639,39,Employed,58585.0,722.0,3,482,No,Fashion,92,Low
C01640,33,Employed,90490.0,685.0,6,1243,No,Fashion,86,Low
C01641,62,Employed,60019.0,683.0,1,187,No,Fashion,99,Low
C01642,62,Unemployed,12040.0,681.0,1,145,Yes,Home/Furniture,511,Low
C01643,46,Freelancer,73557.0,644.0,3,316,Yes,Fashion,58,Low
C01644,44,Employed,80978.0,745.0,4,455,No,Travel,645,Low
C01645,57,Student,13783.0,491.0,2,398,Yes,Electronics,301,Medium
C01646,42,Employed,91822.0,706.0,1,173,No,Electronics,483,Low
C01647,35,Employed,,676.0,1,150,No,Electronics,460,Low
C01648,18,Freelancer,,673.0,1,130,No,Electronics,564,Low
C01649,41,Student,11227.0,502.0,0,0,Yes,Electronics,510,Low
C01650,34,Student,18226.0,601.0,0,0,No,Electronics,456,Low
C01651,23,Employed,88833.0,660.0,2,296,No,Fashion,69,Low
C01652,42,Employed,74079.0,759.0,3,289,No,Fashion,90,Low
C01653,44,Employed,112565.0,684.0,2,306,No,Electronics,511,Low
C01654,40,Employed,54827.0,679.0,2,273,No,Electronics,561,Low
C01655,19,Employed,74426.0,692.0,5,1054,No,Fashion,139,Low
C01656,40,Student,18163.0,580.0,1,97,Yes,Travel,583,Low
C01657,28,Student,18095.0,568.0,1,173,No,Electronics,370,Low
C01658,21,Freelancer,107885.0,528.0,4,1047,Yes,Fashion,72,Low
C01659,30,Employed,93770.0,809.0,2,375,No,Fashion,149,Low
C01660,23,Unemployed,16189.0,493.0,1,195,Yes,Fashion,67,Low
C01661,30,Freelancer,21720.0,625.0,2,338,No,Electronics,457,Low
C01662,46,Unemployed,5000.0,566.0,3,672,No,Electronics,229,High
C01663,51,Employed,75148.0,660.0,3,360,No,Electronics,424,Low
C01664,20,Employed,109486.0,668.0,2,458,No,Groceries/Essentials,55,Low
C01665,24,Employed,98966.0,694.0,2,195,No,Travel,536,Low
C01666,47,Employed,68281.0,610.0,6,953,No,Home/Furniture,239,Low
C01667,53,Employed,56290.0,722.0,2,383,No,Travel,1007,Low
C01668,50,Unemployed,24186.0,532.0,3,376,Yes,Electronics,312,Medium
C01669,55,Employed,40416.0,745.0,3,490,No,Fashion,85,Low
C01670,20,Employed,87099.0,628.0,2,267,No,Fashion,121,Low
C01671,27,Employed,,639.0,2,267,No,Groceries/Essentials,18,Low
C01672,44,Employed,111448.0,714.0,3,320,No,Home/Furniture,441,Low
C01673,21,Employed,95272.0,693.0,1,158,No,Home/Furniture,333,Low
C01674,45,Unemployed,5996.0,483.0,6,440,Yes,Fashion,91,High
C01675,57,Employed,68839.0,757.0,3,598,No,Groceries/Essentials,29,Low
C01676,31,Student,17863.0,590.0,8,896,No,Home/Furniture,506,High
C01677,38,Employed,74735.0,759.0,2,148,No,Fashion,156,Low
C01678,61,Student,13635.0,673.0,2,273,No,Travel,880,Low
C01679,50,Employed,53335.0,735.0,3,317,No,Travel,352,Low
C01680,58,Unemployed,11946.0,501.0,0,0,Yes,Electronics,926,Low
C01681,25,Employed,66323.0,753.0,0,0,No,Travel,919,Low
C01682,20,Employed,129476.0,717.0,3,511,No,Home/Furniture,246,Low
C01683,23,Employed,74049.0,734.0,5,667,No,Home/Furniture,358,Low
C01684,48,Unemployed,5000.0,675.0,7,728,No,Fashion,39,High
C01685,22,Student,5000.0,717.0,4,526,No,Home/Furniture,383,High
C01686,34,Employed,74897.0,673.0,1,174,Yes,Home/Furniture,445,Low
C01687,57,Student,15929.0,615.0,0,0,No,Fashion,127,Low
C01688,35,Student,13705.0,633.0,0,0,No,Fashion,74,Low
C01689,48,Employed,88721.0,672.0,5,854,No,Home/Furniture,298,Low
C01690,46,Employed,60348.0,675.0,3,232,No,Home/Furniture,308,Low
C01691,40,Employed,66884.0,734.0,2,424,No,Electronics,581,Low
C01692,23,Employed,84861.0,,2,395,No,Fashion,56,Low
C01693,22,Employed,46033.0,736.0,2,147,No,Electronics,518,Low
C01694,39,Freelancer,25973.0,679.0,2,398,No,Travel,901,Low
C01695,23,Freelancer,29028.0,636.0,0,0,No,Fashion,62,Low
C01696,31,Student,14159.0,605.0,4,778,No,Fashion,87,Medium
C01697,20,Student,12093.0,737.0,0,0,No,Home/Furniture,253,Low
C01698,22,Freelancer,60819.0,817.0,2,316,No,Electronics,572,Low
C01699,18,Student,17399.0,554.0,2,171,Yes,Fashion,37,Low
C01700,31,Employed,54141.0,751.0,1,173,No,Electronics,500,Low
C01701,37,Freelancer,71292.0,673.0,2,174,No,Home/Furniture,266,Low
C01702,30,Employed,56881.0,691.0,4,862,No,Fashion,157,Low
C01703,19,Employed,61405.0,614.0,1,211,No,Fashion,63,Low
C01704,21,Employed,91662.0,682.0,2,512,No,Fashion,88,Low
C01705,23,Employed,103294.0,674.0,2,0,No,Home/Furniture,244,Low
C01706,20,Employed,11595.0,762.0,1,169,No,Travel,859,Low
C01707,32,Employed,92616.0,708.0,1,191,No,Electronics,484,Low
C01708,37,Employed,63349.0,624.0,1,104,No,Electronics,519,Low
C01709,62,Employed,54537.0,781.0,1,141,No,Travel,1184,Low
C01710,46,Freelancer,30310.0,637.0,1,109,No,Electronics,356,Low
C01711,63,Freelancer,59509.0,665.0,2,207,No,Fashion,70,Low
C01712,39,Student,19345.0,,1,138,No,Home/Furniture,558,Low
C01713,18,Student,10785.0,638.0,0,0,Yes,Electronics,470,Low
C01714,45,Employed,100596.0,776.0,2,295,Yes,Home/Furniture,336,Low
C01715,24,Employed,67307.0,658.0,2,454,No,Fashion,140,Low
C01716,32,Freelancer,105450.0,635.0,2,281,Yes,Fashion,104,Low
C01717,48,Unemployed,5000.0,666.0,1,153,Yes,Home/Furniture,220,Medium
C01718,20,Employed,42649.0,685.0,1,109,No,Fashion,151,Low
C01719,21,Unemployed,5000.0,624.0,2,478,No,Electronics,109,High
C01720,20,Employed,106560.0,737.0,2,306,Yes,Fashion,72,Low
C01721,62,Employed,76528.0,702.0,3,357,No,Fashion,66,Low
C01722,54,Unemployed,5000.0,482.0,2,274,No,Fashion,119,High
C01723,33,Freelancer,74561.0,578.0,7,1492,Yes,Fashion,90,Medium
C01724,57,Employed,79547.0,,4,780,No,Electronics,341,Low
C01725,20,Employed,67351.0,672.0,2,394,No,Travel,625,Low
C01726,25,Employed,105620.0,747.0,1,100,No,Fashion,130,Low
C01727,44,Employed,48893.0,792.0,1,104,No,Electronics,684,Low
C01728,37,Student,23545.0,557.0,2,413,Yes,Travel,776,Low
C01729,37,Employed,100060.0,699.0,3,684,No,Fashion,96,Low
C01730,61,Employed,85159.0,622.0,2,361,No,Home/Furniture,375,Low
C01731,29,Employed,85466.0,,1,69,No,Fashion,161,Low
C01732,43,Employed,,744.0,1,239,No,Electronics,629,Low
C01733,40,Employed,61709.0,720.0,2,319,No,Fashion,59,Low
C01734,28,Employed,102720.0,697.0,2,395,No,Fashion,146,Low
C01735,27,Student,10984.0,682.0,1,70,No,Electronics,524,Low
C01736,56,Student,23009.0,627.0,4,629,Yes,Fashion,109,Medium
C01737,34,Student,14874.0,647.0,2,172,Yes,Electronics,588,Low
C01738,22,Freelancer,43538.0,665.0,1,142,No,Electronics,637,Low
C01739,24,Employed,88222.0,775.0,5,1303,No,Fashion,62,Low
C01740,51,Employed,62167.0,653.0,6,1463,No,Travel,704,Low
C01741,31,Freelancer,73880.0,723.0,2,97,No,Fashion,89,Low
C01742,30,Employed,109200.0,713.0,5,878,No,Electronics,607,Low
C01743,34,Employed,55706.0,710.0,6,1169,Yes,Home/Furniture,357,Medium
C01744,44,Employed,56530.0,659.0,0,0,No,Electronics,559,Low
C01745,28,Employed,105444.0,683.0,1,208,No,Home/Furniture,540,Low
C01746,21,Employed,80395.0,706.0,2,375,No,Home/Furniture,474,Low
C01747,24,Employed,84780.0,668.0,2,208,No,Fashion,96,Low
C01748,24,Unemployed,5000.0,534.0,3,395,Yes,Fashion,104,High
C01749,59,Freelancer,58029.0,722.0,2,354,No,Fashion,142,Low
C01750,22,Employed,57154.0,680.0,1,142,No,Groceries/Essentials,29,Low
C01751,19,Employed,92399.0,787.0,0,0,No,Fashion,117,Low
C01752,34,Freelancer,23573.0,660.0,1,99,No,Electronics,455,Low
C01753,22,Employed,67211.0,748.0,2,367,No,Fashion,174,Low
C01754,49,Employed,91256.0,741.0,3,599,No,Fashion,49,Low
C01755,29,Employed,67463.0,579.0,2,302,No,Fashion,146,Low
C01756,18,Employed,76721.0,637.0,4,367,Yes,Fashion,117,Low
C01757,25,Student,12391.0,618.0,0,0,No,Electronics,543,Low
C01758,35,Freelancer,81733.0,622.0,0,0,Yes,Electronics,450,Low
C01759,25,Student,8666.0,595.0,3,405,Yes,Electronics,715,High
C01760,22,Employed,70334.0,700.0,4,608,No,Fashion,96,Low
C01761,26,Employed,26493.0,626.0,1,118,Yes,Electronics,546,Low
C01762,29,Employed,93394.0,744.0,0,0,No,Fashion,150,Low
C01763,32,Employed,85355.0,736.0,1,235,No,Fashion,87,Low
C01764,31,Employed,88583.0,718.0,1,123,No,Electronics,658,Low
C01765,20,Employed,48189.0,595.0,1,192,Yes,Electronics,529,Low
C01766,36,Unemployed,10166.0,637.0,1,88,Yes,Electronics,531,Low
C01767,41,Employed,58758.0,692.0,1,44,No,Electronics,429,Low
C01768,42,Student,11069.0,619.0,2,216,No,Electronics,521,Low
C01769,49,Employed,59783.0,674.0,1,188,No,Groceries/Essentials,51,Low
C01770,20,Employed,105713.0,681.0,2,273,No,Fashion,171,Low
C01771,26,Employed,41371.0,607.0,1,146,No,Fashion,43,Low
C01772,25,Employed,26610.0,663.0,1,266,No,Fashion,53,Low
C01773,30,Employed,77419.0,717.0,4,880,No,Fashion,116,Low
C01774,20,Employed,91928.0,626.0,2,322,Yes,Electronics,424,Low
C01775,34,Student,13520.0,595.0,1,150,No,Electronics,457,Low
C01776,46,Employed,88133.0,595.0,4,545,No,Home/Furniture,257,Low
C01777,48,Freelancer,36937.0,678.0,2,217,No,Fashion,81,Low
C01778,22,Freelancer,116198.0,538.0,2,617,Yes,Fashion,100,Low
C01779,22,Employed,46662.0,681.0,2,312,No,Fashion,83,Low
C01780,21,Employed,45250.0,696.0,1,266,No,Home/Furniture,335,Low
C01781,30,Employed,89201.0,715.0,1,182,No,Electronics,623,Low
C01782,22,Employed,93503.0,798.0,4,322,No,Electronics,617,Low
C01783,19,Unemployed,5000.0,489.0,1,204,Yes,Home/Furniture,266,High
C01784,22,Employed,84549.0,690.0,4,843,No,Electronics,252,Low
C01785,25,Employed,63261.0,727.0,2,280,No,Fashion,38,Low
C01786,34,Employed,27823.0,641.0,3,695,Yes,Fashion,128,Low
C01787,45,Employed,74674.0,729.0,1,210,No,Electronics,456,Low
C01788,24,Employed,47294.0,715.0,4,168,No,Fashion,135,Low
C01789,30,Employed,26298.0,687.0,1,166,No,Home/Furniture,256,Low
C01790,30,Unemployed,9706.0,491.0,1,21,Yes,Fashion,112,Medium
C01791,20,Student,,604.0,4,369,No,Fashion,90,Low
C01792,42,Employed,66014.0,636.0,3,628,Yes,Fashion,94,Low
C01793,18,Employed,85967.0,765.0,1,197,No,Electronics,433,Low
C01794,56,Employed,59090.0,740.0,1,148,No,Home/Furniture,180,Low
C01795,41,Employed,75418.0,718.0,2,412,No,Fashion,98,Low
C01796,23,Employed,39773.0,725.0,3,336,No,Electronics,807,Low
C01797,20,Student,14350.0,606.0,1,136,No,Home/Furniture,390,Low
C01798,22,Employed,65596.0,700.0,1,152,No,Fashion,47,Low
C01799,45,Employed,59176.0,695.0,1,155,No,Electronics,690,Low
C01800,56,Freelancer,74406.0,530.0,2,182,Yes,Home/Furniture,493,Low
C01801,29,Employed,54079.0,716.0,2,202,No,Electronics,499,Low
C01802,58,Freelancer,44469.0,570.0,2,284,No,Fashion,127,Low
C01803,26,Student,14416.0,573.0,1,189,No,Fashion,52,Low
C01804,45,Freelancer,61366.0,703.0,1,76,Yes,Groceries/Essentials,53,Low
C01805,31,Student,23229.0,619.0,3,363,No,Travel,1131,Low
C01806,46,Employed,61039.0,737.0,3,306,No,Travel,800,Low
C01807,32,Student,20920.0,572.0,1,70,Yes,Fashion,47,Low
C01808,47,Freelancer,10892.0,766.0,2,432,No,Travel,706,Low
C01809,30,Freelancer,77791.0,686.0,1,195,No,Travel,774,Low
C01810,38,Employed,88704.0,727.0,3,531,No,Home/Furniture,272,Low
C01811,34,Student,18833.0,589.0,4,392,Yes,Home/Furniture,361,Medium
C01812,40,Employed,61380.0,721.0,2,150,Yes,Fashion,109,Low
C01813,20,Employed,79021.0,733.0,1,294,No,Home/Furniture,446,Low
C01814,19,Employed,41069.0,656.0,2,293,No,Fashion,46,Low
C01815,40,Employed,35098.0,764.0,2,267,No,Groceries/Essentials,10,Low
C01816,50,Employed,86020.0,730.0,6,701,No,Electronics,530,Low
C01817,36,Employed,65830.0,643.0,2,427,Yes,Fashion,128,Low
C01818,57,Employed,74112.0,634.0,1,110,Yes,Fashion,101,Low
C01819,42,Freelancer,67410.0,611.0,1,179,Yes,Home/Furniture,361,Low
C01820,39,Student,27496.0,600.0,9,1617,No,Groceries/Essentials,62,High
C01821,32,Employed,85515.0,652.0,4,700,No,Home/Furniture,206,Low
C01822,24,Employed,80263.0,697.0,3,270,No,Fashion,99,Low
C01823,44,Freelancer,37928.0,651.0,1,130,No,Groceries/Essentials,66,Low
C01824,39,Student,12221.0,534.0,2,340,Yes,Fashion,87,Medium
C01825,22,Employed,74757.0,712.0,5,978,No,Fashion,61,Low
C01826,24,Employed,77578.0,663.0,2,269,No,Electronics,256,Low
C01827,50,Student,15217.0,598.0,9,1701,Yes,Home/Furniture,258,High
C01828,56,Employed,81566.0,642.0,1,205,No,Fashion,147,Low
C01829,21,Unemployed,9477.0,616.0,1,118,No,Fashion,134,Low
C01830,25,Employed,133107.0,687.0,6,511,No,Fashion,20,Low
C01831,42,Freelancer,18332.0,584.0,1,126,No,Fashion,102,Low
C01832,51,Student,12956.0,628.0,3,223,Yes,Fashion,70,Low
C01833,30,Employed,71020.0,740.0,4,706,No,Electronics,574,Low
C01834,20,Student,5000.0,601.0,3,266,No,Groceries/Essentials,46,Medium
C01835,34,Student,18030.0,567.0,3,365,Yes,Fashion,168,Medium
C01836,64,Freelancer,68590.0,683.0,1,228,No,Travel,667,Low
C01837,33,Employed,74096.0,755.0,2,278,No,Travel,881,Low
C01838,58,Employed,73525.0,668.0,10,2215,No,Fashion,90,Medium
C01839,24,Employed,92951.0,675.0,1,179,No,Fashion,77,Low
C01840,44,Student,9625.0,608.0,2,293,No,Fashion,101,Low
C01841,33,Employed,90028.0,714.0,6,621,No,Travel,892,Low
C01842,41,Employed,49555.0,710.0,0,0,No,Electronics,468,Low
C01843,37,Employed,64436.0,701.0,7,1245,No,Home/Furniture,370,Low
C01844,26,Student,19006.0,669.0,1,24,No,Fashion,40,Low
C01845,35,Employed,83615.0,694.0,2,336,No,Electronics,590,Low
C01846,30,Student,17245.0,570.0,1,96,Yes,Electronics,401,Low
C01847,43,Employed,67816.0,641.0,1,212,No,Electronics,184,Low
C01848,39,Employed,35017.0,697.0,2,353,No,Fashion,84,Low
C01849,62,Student,6025.0,507.0,6,1372,Yes,Electronics,846,High
C01850,23,Employed,48744.0,694.0,1,58,No,Electronics,452,Low
C01851,39,Employed,53220.0,790.0,3,234,No,Home/Furniture,334,Low
C01852,21,Employed,47127.0,750.0,3,353,Yes,Fashion,61,Low
C01853,18,Employed,78815.0,562.0,2,153,No,Fashion,164,Low
C01854,60,Freelancer,81795.0,675.0,3,355,No,Fashion,189,Low
C01855,33,Employed,77813.0,642.0,0,0,Yes,Electronics,544,Low
C01856,45,Student,11199.0,547.0,3,562,Yes,Electronics,588,High
C01857,19,Employed,74891.0,761.0,2,225,No,Fashion,120,Low
C01858,18,Employed,79612.0,683.0,1,209,No,Electronics,553,Low
C01859,60,Student,14500.0,546.0,1,166,No,Groceries/Essentials,69,Low
C01860,26,Employed,37962.0,710.0,3,719,No,Fashion,98,Low
C01861,33,Student,18332.0,682.0,5,176,Yes,Fashion,91,Low
C01862,50,Employed,56487.0,690.0,5,274,No,Electronics,560,Low
C01863,45,Employed,36381.0,753.0,2,259,No,Electronics,547,Low
C01864,20,Student,11905.0,556.0,4,476,Yes,Electronics,593,High
C01865,22,Student,7076.0,471.0,1,119,Yes,Home/Furniture,448,Low
C01866,30,Employed,83616.0,698.0,2,293,No,Fashion,42,Low
C01867,24,Employed,63719.0,706.0,2,317,No,Electronics,401,Low
C01868,18,Employed,81679.0,785.0,0,0,No,Fashion,62,Low
C01869,42,Employed,102622.0,748.0,1,122,No,Fashion,125,Low
C01870,27,Employed,47441.0,619.0,3,283,No,Fashion,119,Low
C01871,40,Unemployed,22810.0,501.0,1,144,Yes,Travel,784,Low
C01872,33,Student,18465.0,633.0,2,94,Yes,Fashion,57,Low
C01873,36,Employed,87570.0,700.0,1,173,No,Fashion,105,Low
C01874,45,Employed,47430.0,,2,389,No,Home/Furniture,374,Low
C01875,37,Employed,69155.0,,5,558,No,Fashion,64,Low
C01876,21,Employed,72829.0,716.0,0,0,No,Fashion,116,Low
C01877,39,Employed,76769.0,768.0,3,649,No,Fashion,20,Low
C01878,36,Student,12847.0,567.0,2,170,No,Electronics,401,Low
C01879,49,Employed,32010.0,722.0,2,419,No,Groceries/Essentials,55,Low
C01880,35,Student,8431.0,613.0,3,355,Yes,Groceries/Essentials,57,Medium
C01881,24,Employed,,684.0,3,497,No,Fashion,66,Low
C01882,23,Student,5000.0,621.0,2,609,Yes,Travel,873,High
C01883,29,Student,14624.0,,3,509,No,Fashion,108,Low
C01884,42,Employed,66657.0,682.0,2,179,Yes,Electronics,587,Low
C01885,30,Employed,61278.0,710.0,0,0,No,Fashion,157,Low
C01886,21,Employed,80752.0,755.0,1,256,No,Home/Furniture,615,Low
C01887,50,Employed,80319.0,600.0,1,127,No,Fashion,57,Low
C01888,58,Employed,56396.0,746.0,4,315,No,Electronics,568,Low
C01889,36,Student,14267.0,552.0,1,125,No,Home/Furniture,460,Low
C01890,40,Freelancer,49028.0,636.0,2,350,No,Fashion,110,Low
C01891,24,Freelancer,87857.0,605.0,0,0,No,Electronics,426,Low
C01892,49,Employed,73804.0,782.0,2,331,No,Electronics,314,Low
C01893,38,Student,19766.0,677.0,2,242,No,Fashion,137,Low
C01894,24,Employed,69409.0,740.0,0,0,No,Electronics,331,Low
C01895,41,Employed,90739.0,643.0,4,545,Yes,Fashion,65,Low
C01896,20,Student,19461.0,541.0,1,112,No,Fashion,80,Low
C01897,32,Employed,60933.0,718.0,4,303,No,Home/Furniture,183,Low
C01898,29,Employed,81491.0,643.0,1,226,Yes,Electronics,346,Low
C01899,60,Freelancer,75119.0,591.0,1,172,Yes,Fashion,142,Low
C01900,40,Freelancer,28222.0,643.0,0,0,Yes,Electronics,572,Low
C01901,31,Employed,64602.0,626.0,0,0,Yes,Fashion,61,Low
C01902,38,Unemployed,6768.0,560.0,1,175,No,Groceries/Essentials,88,Low
C01903,23,Employed,92780.0,735.0,1,202,No,Electronics,395,Low
C01904,20,Employed,88856.0,725.0,1,147,No,Groceries/Essentials,41,Low
C01905,53,Employed,65580.0,674.0,1,108,Yes,Travel,1203,Low
C01906,27,Employed,55502.0,727.0,2,343,Yes,Travel,942,Low
C01907,24,Employed,88841.0,760.0,3,564,No,Fashion,122,Low
C01908,31,Employed,88133.0,734.0,5,398,Yes,Fashion,170,Low
C01909,40,Employed,64631.0,697.0,1,180,No,Fashion,95,Low
C01910,39,Employed,86331.0,727.0,2,336,Yes,Fashion,53,Low
C01911,49,Employed,59214.0,686.0,3,467,No,Home/Furniture,258,Low
C01912,18,Student,9566.0,553.0,2,228,No,Home/Furniture,361,Low
C01913,18,Employed,54822.0,678.0,2,205,No,Fashion,85,Low
C01914,21,Employed,72921.0,675.0,1,185,No,Fashion,123,Low
C01915,32,Employed,100753.0,728.0,1,226,No,Fashion,125,Low
C01916,46,Student,10018.0,623.0,1,124,Yes,Home/Furniture,380,Low
C01917,24,Employed,73700.0,674.0,0,0,No,Electronics,450,Low
C01918,19,Employed,79769.0,737.0,1,156,No,Electronics,563,Low
C01919,40,Student,8256.0,463.0,3,229,Yes,Fashion,100,Medium
C01920,18,Student,6250.0,585.0,2,306,Yes,Fashion,109,High
C01921,30,Employed,81851.0,717.0,1,188,No,Fashion,58,Low
C01922,26,Employed,51078.0,798.0,4,428,No,Fashion,89,Low
C01923,18,Employed,73045.0,791.0,4,421,No,Home/Furniture,533,Low
C01924,45,Employed,98425.0,656.0,7,1106,No,Electronics,488,Low
C01925,26,Employed,92201.0,669.0,1,137,No,Electronics,705,Low
C01926,58,Freelancer,61558.0,585.0,3,511,No,Fashion,129,Low
C01927,44,Student,19365.0,620.0,0,0,Yes,Travel,1040,Low
C01928,44,Employed,60633.0,656.0,1,6,No,Fashion,37,Low
C01929,58,Employed,63956.0,666.0,2,296,No,Home/Furniture,434,Low
C01930,24,Student,,499.0,1,100,Yes,Fashion,147,Low
C01931,22,Freelancer,51832.0,678.0,4,536,No,Electronics,288,Low
C01932,25,Employed,57492.0,720.0,1,77,No,Fashion,113,Low
C01933,25,Employed,62086.0,659.0,1,142,No,Electronics,472,Low
C01934,36,Freelancer,76897.0,742.0,3,537,No,Electronics,630,Low
C01935,34,Student,14973.0,566.0,2,317,No,Travel,1202,Low
C01936,31,Student,12385.0,563.0,1,229,No,Electronics,405,Low
C01937,44,Employed,98107.0,770.0,3,393,No,Fashion,117,Low
C01938,21,Employed,,691.0,7,622,No,Home/Furniture,525,Low
C01939,63,Student,9752.0,562.0,3,344,Yes,Travel,1037,Medium
C01940,56,Freelancer,49503.0,580.0,6,888,No,Fashion,48,Low
C01941,42,Student,24322.0,,2,170,Yes,Electronics,561,Low
C01942,53,Employed,86863.0,624.0,2,316,No,Travel,919,Low
C01943,40,Employed,76561.0,709.0,1,159,No,Electronics,318,Low
C01944,50,Employed,95377.0,750.0,2,197,No,Electronics,523,Low
C01945,40,Employed,81853.0,606.0,1,119,No,Electronics,343,Low
C01946,19,Employed,59550.0,770.0,4,418,No,Groceries/Essentials,10,Low
C01947,25,Employed,89500.0,729.0,2,316,No,Electronics,794,Low
C01948,23,Student,5592.0,544.0,7,1036,Yes,Home/Furniture,468,High
C01949,26,Employed,68403.0,644.0,3,565,No,Fashion,98,Low
C01950,45,Student,,553.0,1,212,No,Home/Furniture,327,Low
C01951,19,Employed,62606.0,666.0,2,291,No,Travel,1233,Low
C01952,55,Employed,65521.0,714.0,3,325,No,Electronics,585,Low
C01953,38,Employed,83200.0,766.0,5,597,No,Home/Furniture,371,Low
C01954,33,Employed,66514.0,763.0,0,0,No,Electronics,499,Low
C01955,18,Employed,40017.0,708.0,1,160,No,Fashion,91,Low
C01956,32,Employed,68883.0,705.0,2,260,No,Fashion,99,Low
C01957,31,Employed,74292.0,748.0,1,92,No,Fashion,122,Low
C01958,27,Employed,99051.0,755.0,2,431,No,Fashion,101,Low
C01959,22,Student,17109.0,605.0,2,391,Yes,Fashion,76,Low
C01960,36,Student,8958.0,,1,127,No,Fashion,94,Low
C01961,44,Employed,100270.0,705.0,0,0,No,Home/Furniture,360,Low
C01962,22,Employed,35683.0,664.0,5,729,No,Electronics,701,Low
C01963,20,Employed,73265.0,744.0,2,168,No,Home/Furniture,430,Low
C01964,43,Employed,84003.0,670.0,1,192,Yes,Groceries/Essentials,33,Low
C01965,26,Freelancer,74310.0,616.0,0,0,No,Electronics,691,Low
C01966,30,Employed,,787.0,2,268,No,Fashion,55,Low
C01967,46,Freelancer,52503.0,620.0,4,638,Yes,Electronics,536,Low
C01968,20,Student,24952.0,652.0,9,1523,Yes,Fashion,101,High
C01969,29,Employed,36208.0,628.0,2,299,No,Fashion,97,Low
C01970,22,Freelancer,57360.0,677.0,3,321,No,Groceries/Essentials,34,Low
C01971,34,Student,11021.0,592.0,2,411,No,Groceries/Essentials,77,Medium
C01972,34,Employed,89400.0,686.0,1,104,No,Fashion,79,Low
C01973,28,Student,10350.0,646.0,7,473,No,Electronics,410,Medium
C01974,34,Employed,87592.0,705.0,2,259,No,Home/Furniture,346,Low
C01975,62,Employed,66167.0,657.0,3,607,No,Electronics,628,Low
C01976,46,Student,14411.0,645.0,3,693,Yes,Home/Furniture,376,High
C01977,27,Employed,85917.0,704.0,5,628,No,Fashion,148,Low
C01978,21,Student,10766.0,607.0,2,349,No,Home/Furniture,345,Low
C01979,18,Employed,58857.0,668.0,3,431,No,Fashion,95,Low
C01980,33,Freelancer,75675.0,663.0,0,0,No,Fashion,43,Low
C01981,37,Student,11804.0,631.0,1,155,No,Fashion,134,Low
C01982,44,Employed,84116.0,,3,296,No,Electronics,535,Low
C01983,63,Unemployed,5000.0,484.0,4,696,Yes,Electronics,586,High
C01984,50,Student,13509.0,560.0,3,373,No,Travel,661,Low
C01985,18,Student,13217.0,683.0,3,561,No,Electronics,576,Medium
C01986,19,Freelancer,30131.0,518.0,0,0,Yes,Electronics,416,Low
C01987,31,Unemployed,16424.0,603.0,6,1062,No,Fashion,113,High
C01988,52,Student,17867.0,615.0,1,101,Yes,Fashion,36,Low
C01989,26,Freelancer,46646.0,658.0,4,738,No,Groceries/Essentials,66,Low
C01990,27,Student,17695.0,698.0,3,354,No,Electronics,681,Low
C01991,20,Employed,66201.0,668.0,1,143,No,Fashion,122,Low
C01992,20,Employed,61369.0,691.0,2,346,No,Fashion,118,Low
C01993,39,Employed,,732.0,0,0,Yes,Electronics,484,Low
C01994,27,Student,9766.0,688.0,0,0,No,Electronics,332,Low
C01995,24,Student,21551.0,581.0,2,216,No,Electronics,736,Low
C01996,39,Employed,84370.0,735.0,1,14,No,Fashion,127,Low
C01997,31,Employed,52761.0,794.0,1,172,No,Home/Furniture,300,Low
C01998,24,Employed,64944.0,,3,410,No,Fashion,139,Low
C01999,41,Unemployed,16330.0,578.0,1,52,Yes,Fashion,173,Low
C02000,27,Freelancer,34826.0,659.0,2,488,Yes,Electronics,309,Low
C02001,30,Employed,49069.0,759.0,1,171,No,Groceries/Essentials,24,Low
C02002,51,Employed,59396.0,764.0,3,522,No,Fashion,103,Low
C02003,18,Freelancer,54560.0,764.0,1,115,No,Fashion,156,Low
C02004,46,Freelancer,78451.0,639.0,3,665,No,Electronics,602,Low
C02005,21,Employed,65586.0,651.0,5,643,No,Electronics,641,Low
C02006,50,Student,13159.0,563.0,2,336,No,Fashion,133,Low
C02007,52,Employed,57755.0,691.0,3,771,No,Groceries/Essentials,42,Low
C02008,34,Student,13793.0,651.0,5,434,No,Fashion,174,Low
C02009,57,Freelancer,58790.0,647.0,0,0,No,Travel,843,Low
C02010,25,Student,9307.0,577.0,3,479,Yes,Electronics,401,High
C02011,59,Employed,48251.0,621.0,3,292,No,Electronics,167,Low
C02012,19,Employed,77262.0,676.0,4,471,Yes,Fashion,99,Low
C02013,52,Employed,91109.0,735.0,3,339,No,Electronics,610,Low
C02014,49,Freelancer,84101.0,641.0,3,258,Yes,Electronics,510,Low
C02015,38,Employed,87109.0,824.0,3,461,Yes,Electronics,677,Low
C02016,29,Employed,56650.0,712.0,2,480,No,Electronics,506,Low
C02017,46,Student,9634.0,459.0,5,736,Yes,Fashion,38,High
C02018,21,Employed,54074.0,769.0,4,542,No,Home/Furniture,524,Low
C02019,18,Employed,89892.0,701.0,0,0,No,Home/Furniture,463,Low
C02020,23,Employed,62853.0,664.0,3,320,No,Home/Furniture,360,Low
C02021,21,Student,16029.0,527.0,3,415,Yes,Fashion,109,Medium
C02022,54,Employed,79735.0,735.0,1,119,No,Fashion,24,Low
C02023,45,Employed,66241.0,663.0,2,331,Yes,Electronics,501,Low
C02024,41,Employed,106670.0,745.0,2,398,Yes,Home/Furniture,508,Low
C02025,58,Employed,90045.0,669.0,1,171,No,Electronics,636,Low
C02026,53,Student,,619.0,2,339,Yes,Fashion,78,Low
C02027,26,Student,16109.0,518.0,8,2074,No,Electronics,715,High
C02028,23,Employed,50254.0,716.0,0,0,No,Electronics,439,Low
C02029,34,Employed,71893.0,749.0,1,205,No,Electronics,585,Low
C02030,37,Employed,54257.0,760.0,2,458,No,Travel,998,Low
C02031,18,Employed,81181.0,739.0,1,123,No,Travel,776,Low
C02032,40,Student,12775.0,532.0,4,409,No,Groceries/Essentials,60,Low
C02033,40,Student,9206.0,648.0,1,98,Yes,Fashion,142,Low
C02034,30,Employed,26233.0,801.0,0,0,No,Electronics,129,Low
C02035,32,Student,14224.0,553.0,2,177,No,Groceries/Essentials,61,Low
C02036,51,Freelancer,47797.0,668.0,0,0,No,Electronics,563,Low
C02037,20,Student,9802.0,522.0,1,123,No,Groceries/Essentials,12,Low
C02038,27,Employed,53945.0,730.0,2,383,No,Electronics,330,Low
C02039,27,Employed,91455.0,645.0,3,375,No,Fashion,151,Low
C02040,30,Student,20165.0,,1,118,Yes,Home/Furniture,362,Low
C02041,25,Student,9736.0,669.0,2,296,Yes,Fashion,40,Low
C02042,51,Employed,18812.0,710.0,2,306,No,Electronics,578,Low
C02043,44,Employed,86683.0,594.0,0,0,No,Electronics,598,Low
C02044,33,Student,10667.0,459.0,6,1286,Yes,Electronics,225,High
C02045,32,Employed,72687.0,716.0,3,216,No,Fashion,198,Low
C02046,57,Employed,67140.0,669.0,2,293,No,Fashion,121,Low
C02047,28,Student,10392.0,633.0,5,428,No,Fashion,42,Low
C02048,54,Employed,67532.0,813.0,2,399,No,Fashion,107,Low
C02049,27,Unemployed,19448.0,515.0,4,494,Yes,Fashion,74,Medium
C02050,38,Employed,59045.0,719.0,4,844,No,Home/Furniture,338,Low
C02051,51,Employed,70367.0,837.0,1,142,No,Fashion,10,Low
C02052,34,Student,14852.0,619.0,3,650,Yes,Fashion,156,Medium
C02053,46,Employed,84927.0,791.0,2,331,No,Fashion,67,Low
C02054,38,Employed,44882.0,693.0,5,1231,No,Fashion,126,Low
C02055,25,Freelancer,65216.0,681.0,5,781,No,Fashion,102,Low
C02056,28,Student,16909.0,616.0,4,566,No,Electronics,423,Low
C02057,31,Unemployed,5000.0,654.0,1,132,No,Electronics,559,Low
C02058,25,Employed,89193.0,763.0,3,473,No,Travel,837,Low
C02059,34,Employed,98542.0,743.0,4,325,No,Fashion,84,Low
C02060,43,Student,10401.0,504.0,2,279,Yes,Fashion,195,Medium
C02061,21,Student,18701.0,553.0,6,1004,Yes,Travel,1131,High
C02062,26,Employed,55727.0,694.0,2,554,No,Fashion,107,Low
C02063,29,Employed,52709.0,692.0,1,186,No,Electronics,338,Low
C02064,36,Student,9856.0,716.0,3,450,No,Fashion,44,Medium
C02065,22,Employed,77264.0,,3,299,No,Home/Furniture,204,Low
C02066,21,Employed,77042.0,586.0,0,0,Yes,Electronics,649,Low
C02067,43,Student,,591.0,1,131,Yes,Fashion,44,Low
C02068,51,Unemployed,5000.0,543.0,3,485,No,Fashion,109,High
C02069,46,Employed,40799.0,606.0,3,662,No,Electronics,731,Low
C02070,29,Unemployed,11522.0,555.0,3,404,No,Fashion,132,Low
C02071,39,Employed,82036.0,690.0,3,318,No,Fashion,156,Low
C02072,22,Student,17371.0,485.0,2,277,No,Groceries/Essentials,54,Low
C02073,24,Employed,74212.0,748.0,1,208,No,Fashion,119,Low
C02074,30,Employed,40360.0,835.0,2,334,Yes,Electronics,569,Low
C02075,23,Student,15695.0,591.0,2,173,No,Electronics,582,Low
C02076,43,Employed,61195.0,722.0,2,240,No,Fashion,129,Low
C02077,57,Employed,61783.0,789.0,1,138,No,Home/Furniture,493,Low
C02078,31,Freelancer,58531.0,682.0,1,147,No,Electronics,465,Low
C02079,34,Student,12714.0,607.0,7,509,Yes,Fashion,41,High
C02080,50,Student,14793.0,657.0,7,1220,No,Electronics,499,High
C02081,48,Employed,91630.0,815.0,3,222,No,Electronics,547,Low
C02082,25,Freelancer,40012.0,607.0,0,0,No,Electronics,389,Low
C02083,44,Freelancer,58575.0,675.0,6,1014,No,Fashion,121,Low
C02084,33,Employed,69874.0,741.0,2,531,No,Electronics,141,Low
C02085,18,Employed,87384.0,777.0,2,380,No,Fashion,145,Low
C02086,23,Student,15950.0,773.0,3,490,No,Electronics,568,Low
C02087,29,Student,12632.0,541.0,2,309,Yes,Fashion,15,Low
C02088,51,Employed,61186.0,620.0,2,530,No,Electronics,620,Low
C02089,18,Employed,62694.0,618.0,5,794,Yes,Home/Furniture,357,Medium
C02090,46,Employed,70268.0,655.0,2,355,No,Electronics,351,Low
C02091,51,Freelancer,107527.0,651.0,9,1525,No,Travel,953,Low
C02092,54,Employed,80918.0,663.0,1,191,Yes,Home/Furniture,432,Low
C02093,19,Employed,80093.0,760.0,0,0,No,Groceries/Essentials,15,Low
C02094,40,Student,16466.0,792.0,2,298,No,Home/Furniture,367,Low
C02095,23,Employed,83594.0,715.0,1,114,No,Electronics,410,Low
C02096,24,Employed,73534.0,714.0,1,124,No,Fashion,82,Low
C02097,39,Employed,83591.0,735.0,1,115,No,Travel,723,Low
C02098,51,Employed,80377.0,603.0,5,623,No,Electronics,556,Low
C02099,34,Freelancer,44292.0,618.0,2,368,No,Groceries/Essentials,35,Low
C02100,32,Student,17761.0,,3,496,No,Fashion,138,Low
C02101,24,Employed,72898.0,668.0,2,193,No,Home/Furniture,352,Low
C02102,24,Employed,63226.0,726.0,2,443,No,Fashion,90,Low
C02103,20,Employed,79269.0,632.0,2,268,No,Fashion,61,Low
C02104,64,Student,18443.0,643.0,3,602,Yes,Travel,261,Medium
C02105,49,Student,25173.0,584.0,3,243,No,Fashion,83,Low
C02106,41,Employed,48493.0,,5,331,No,Fashion,178,Low
C02107,26,Employed,67821.0,729.0,0,0,No,Electronics,451,Low
C02108,36,Student,9601.0,556.0,4,641,Yes,Travel,532,High
C02109,24,Employed,81441.0,756.0,3,520,No,Home/Furniture,312,Low
C02110,20,Student,15745.0,580.0,3,385,Yes,Electronics,687,Medium
C02111,27,Employed,57662.0,652.0,4,585,No,Electronics,555,Low
C02112,33,Employed,74572.0,727.0,3,497,No,Fashion,123,Low
C02113,49,Employed,54015.0,824.0,0,0,No,Groceries/Essentials,18,Low
C02114,62,Unemployed,5631.0,670.0,1,120,No,Home/Furniture,501,Low
C02115,43,Employed,61005.0,718.0,5,560,No,Home/Furniture,466,Low
C02116,24,Employed,62140.0,659.0,4,499,No,Electronics,717,Low
C02117,62,Employed,93851.0,757.0,1,117,No,Electronics,516,Low
C02118,27,Employed,17724.0,702.0,2,265,No,Travel,587,Low
C02119,41,Employed,64052.0,642.0,2,306,No,Electronics,516,Low
C02120,50,Student,11407.0,610.0,2,258,No,Groceries/Essentials,57,Low
C02121,24,Employed,90064.0,748.0,1,204,No,Fashion,70,Low
C02122,24,Employed,75543.0,693.0,1,101,No,Fashion,97,Low
C02123,41,Student,22860.0,502.0,2,390,Yes,Travel,852,Low
C02124,57,Student,16739.0,554.0,1,120,Yes,Fashion,85,Low
C02125,44,Employed,90730.0,753.0,5,789,No,Electronics,432,Low
C02126,24,Student,15037.0,646.0,2,200,No,Fashion,70,Low
C02127,35,Employed,46098.0,706.0,2,284,No,Fashion,105,Low
C02128,31,Employed,99405.0,751.0,2,214,No,Home/Furniture,609,Low
C02129,20,Student,7363.0,608.0,2,288,No,Electronics,345,Low
C02130,24,Unemployed,10944.0,600.0,2,398,No,Fashion,126,Medium
C02131,35,Employed,46382.0,682.0,2,270,No,Electronics,662,Low
C02132,33,Employed,48104.0,660.0,0,0,No,Groceries/Essentials,50,Low
C02133,32,Employed,112210.0,675.0,5,469,No,Home/Furniture,548,Low
C02134,29,Employed,94650.0,667.0,0,0,No,Fashion,22,Low
C02135,25,Freelancer,61830.0,667.0,2,197,Yes,Home/Furniture,248,Low
C02136,31,Employed,67574.0,769.0,2,265,No,Electronics,442,Low
C02137,34,Freelancer,40588.0,663.0,5,787,No,Electronics,616,Low
C02138,23,Student,9526.0,,2,300,Yes,Fashion,95,Medium
C02139,62,Employed,109656.0,725.0,2,322,No,Home/Furniture,320,Low
C02140,21,Student,14920.0,633.0,3,159,Yes,Fashion,124,Low
C02141,20,Employed,40105.0,656.0,1,192,No,Electronics,220,Low
C02142,60,Employed,71650.0,624.0,2,253,No,Fashion,97,Low
C02143,19,Employed,46117.0,598.0,0,0,No,Home/Furniture,618,Low
C02144,58,Employed,36623.0,620.0,3,362,Yes,Groceries/Essentials,66,Low
C02145,20,Freelancer,73335.0,518.0,2,282,Yes,Travel,1027,Low
C02146,20,Employed,93679.0,,1,128,No,Electronics,448,Low
C02147,22,Employed,87071.0,689.0,1,140,No,Electronics,583,Low
C02148,34,Employed,61738.0,691.0,4,580,No,Electronics,706,Low
C02149,28,Employed,59900.0,801.0,1,130,No,Home/Furniture,291,Low
C02150,40,Employed,,784.0,1,43,No,Electronics,507,Low
C02151,29,Employed,52453.0,,6,282,No,Fashion,141,Low
C02152,31,Employed,117507.0,740.0,1,190,No,Fashion,155,Low
C02153,34,Employed,63175.0,706.0,3,597,Yes,Home/Furniture,373,Low
C02154,48,Freelancer,45188.0,607.0,2,245,No,Home/Furniture,266,Low
C02155,21,Employed,94998.0,721.0,1,182,No,Travel,741,Low
C02156,28,Employed,57101.0,697.0,1,155,No,Groceries/Essentials,38,Low
C02157,29,Employed,83497.0,758.0,2,348,No,Fashion,99,Low
C02158,18,Employed,76162.0,704.0,1,85,No,Fashion,17,Low
C02159,22,Freelancer,45383.0,674.0,7,1380,No,Fashion,133,Low
C02160,33,Employed,69717.0,719.0,3,663,No,Electronics,572,Low
C02161,34,Employed,70003.0,660.0,1,65,No,Home/Furniture,488,Low
C02162,52,Freelancer,56045.0,669.0,2,329,No,Home/Furniture,373,Low
C02163,23,Unemployed,5077.0,684.0,2,289,Yes,Home/Furniture,476,High
C02164,32,Student,13846.0,513.0,2,184,Yes,Home/Furniture,484,Low
C02165,22,Employed,73448.0,,3,536,Yes,Travel,704,Low
C02166,40,Student,13022.0,534.0,2,392,Yes,Fashion,101,Medium
C02167,35,Employed,84163.0,646.0,0,0,No,Fashion,125,Low
C02168,38,Employed,62003.0,671.0,1,151,No,Fashion,87,Low
C02169,44,Employed,62347.0,627.0,1,158,No,Home/Furniture,383,Low
C02170,49,Employed,53695.0,715.0,3,385,No,Fashion,81,Low
C02171,18,Freelancer,10475.0,520.0,3,607,No,Electronics,639,Medium
C02172,30,Employed,114648.0,698.0,1,125,No,Fashion,152,Low
C02173,45,Student,19942.0,651.0,3,727,No,Electronics,413,Low
C02174,29,Student,19314.0,518.0,1,47,Yes,Travel,817,Low
C02175,37,Freelancer,46466.0,668.0,2,386,No,Fashion,79,Low
C02176,60,Student,10405.0,555.0,0,0,No,Fashion,41,Low
C02177,26,Employed,85291.0,646.0,3,377,Yes,Fashion,94,Low
C02178,22,Student,13228.0,571.0,1,54,No,Travel,878,Low
C02179,42,Unemployed,5000.0,582.0,5,1212,No,Electronics,679,High
C02180,26,Student,14553.0,625.0,5,710,Yes,Travel,743,High
C02181,20,Employed,44361.0,715.0,3,589,No,Electronics,633,Low
C02182,19,Employed,58317.0,682.0,3,577,No,Home/Furniture,410,Low
C02183,39,Freelancer,63113.0,682.0,1,194,No,Fashion,94,Low
C02184,48,Employed,45903.0,779.0,1,92,No,Fashion,109,Low
C02185,27,Freelancer,9824.0,538.0,2,224,No,Fashion,116,Low
C02186,21,Unemployed,20310.0,603.0,7,1209,No,Electronics,824,High
C02187,45,Student,10369.0,625.0,7,1236,Yes,Electronics,437,High
C02188,37,Employed,63252.0,,3,412,No,Fashion,110,Low
C02189,39,Employed,71795.0,694.0,4,636,Yes,Electronics,550,Low
C02190,41,Employed,70524.0,815.0,1,167,No,Fashion,10,Low
C02191,32,Employed,31522.0,703.0,1,159,No,Home/Furniture,362,Low
C02192,39,Employed,55296.0,704.0,1,82,No,Groceries/Essentials,30,Low
C02193,34,Freelancer,64191.0,673.0,1,268,No,Fashion,157,Low
C02194,27,Employed,64521.0,,6,748,No,Home/Furniture,282,Low
C02195,34,Freelancer,58412.0,616.0,7,1234,Yes,Travel,698,Medium
C02196,24,Freelancer,35892.0,588.0,4,277,Yes,Fashion,117,Low
C02197,22,Employed,48119.0,631.0,0,0,Yes,Fashion,26,Low
C02198,62,Student,21717.0,638.0,1,144,Yes,Fashion,129,Low
C02199,21,Student,17627.0,701.0,2,454,No,Electronics,545,Low
C02200,49,Unemployed,10075.0,437.0,2,325,Yes,Electronics,405,High
C02201,26,Student,14776.0,,1,170,No,Fashion,10,Low
C02202,46,Student,16164.0,509.0,1,226,No,Electronics,559,Low
C02203,18,Unemployed,5000.0,,0,0,No,Fashion,15,Low
C02204,42,Employed,69276.0,626.0,3,372,No,Electronics,383,Low
C02205,64,Freelancer,69719.0,691.0,2,177,No,Fashion,87,Low
C02206,25,Employed,48762.0,734.0,9,1374,No,Travel,608,Low
C02207,53,Employed,86179.0,752.0,1,177,No,Electronics,409,Low
C02208,19,Employed,89967.0,705.0,4,648,No,Electronics,193,Low
C02209,30,Freelancer,44240.0,694.0,2,344,No,Fashion,66,Low
C02210,36,Student,20780.0,,4,771,Yes,Electronics,684,Medium
C02211,50,Employed,66288.0,637.0,1,78,No,Electronics,362,Low
C02212,23,Freelancer,67270.0,668.0,5,627,No,Groceries/Essentials,37,Low
C02213,39,Employed,74234.0,704.0,6,1205,No,Travel,506,Low
C02214,39,Employed,71408.0,611.0,1,133,No,Groceries/Essentials,54,Low
C02215,24,Freelancer,7776.0,730.0,1,60,No,Electronics,399,Low
C02216,24,Employed,88037.0,662.0,1,117,Yes,Electronics,415,Low
C02217,22,Student,20882.0,546.0,2,341,Yes,Electronics,372,Low
C02218,48,Employed,48152.0,697.0,1,195,No,Fashion,122,Low
C02219,29,Student,13400.0,603.0,3,475,No,Home/Furniture,207,Low
C02220,23,Employed,47545.0,718.0,0,0,No,Fashion,119,Low
C02221,19,Student,11903.0,641.0,2,333,No,Electronics,389,Low
C02222,40,Employed,77722.0,636.0,2,361,Yes,Electronics,685,Low
C02223,57,Student,16017.0,553.0,3,552,Yes,Home/Furniture,376,Medium
C02224,22,Employed,70139.0,676.0,0,0,No,Fashion,136,Low
C02225,48,Employed,90003.0,675.0,2,261,No,Electronics,175,Low
C02226,55,Student,10862.0,453.0,3,381,Yes,Travel,787,High
C02227,38,Employed,65933.0,650.0,1,166,No,Fashion,96,Low
C02228,34,Freelancer,37629.0,632.0,2,461,No,Electronics,472,Low
C02229,52,Employed,66894.0,697.0,3,665,No,Groceries/Essentials,11,Low
C02230,46,Employed,74412.0,682.0,1,109,No,Home/Furniture,401,Low
C02231,31,Freelancer,93022.0,602.0,3,638,Yes,Fashion,51,Low
C02232,29,Freelancer,47616.0,646.0,3,596,Yes,Travel,902,Low
C02233,52,Employed,115147.0,720.0,1,98,No,Home/Furniture,434,Low
C02234,51,Employed,89028.0,787.0,6,730,Yes,Fashion,138,Low
C02235,27,Freelancer,87854.0,707.0,2,226,No,Fashion,107,Low
C02236,53,Unemployed,10313.0,534.0,3,424,No,Electronics,632,Medium
C02237,33,Employed,112590.0,693.0,2,205,No,Fashion,77,Low
C02238,37,Student,21775.0,579.0,1,149,No,Travel,591,Low
C02239,50,Unemployed,5000.0,509.0,1,132,Yes,Fashion,148,High
C02240,34,Unemployed,15413.0,617.0,1,158,Yes,Fashion,108,Medium
C02241,23,Employed,75464.0,677.0,0,0,No,Fashion,108,Low
C02242,24,Employed,90212.0,679.0,2,251,No,Electronics,310,Low
C02243,53,Employed,53509.0,735.0,1,105,Yes,Home/Furniture,432,Low
C02244,23,Student,19558.0,634.0,1,151,Yes,Fashion,87,Low
C02245,32,Student,12787.0,634.0,2,467,No,Groceries/Essentials,25,Low
C02246,29,Freelancer,59514.0,586.0,1,70,Yes,Fashion,95,Low
C02247,26,Employed,80217.0,720.0,0,0,No,Electronics,652,Low
C02248,30,Student,19733.0,542.0,3,409,Yes,Fashion,126,Medium
C02249,24,Employed,48592.0,651.0,1,167,No,Fashion,69,Low
C02250,24,Employed,103767.0,722.0,1,159,No,Fashion,126,Low
C02251,39,Student,9451.0,474.0,3,478,Yes,Fashion,10,High
C02252,54,Employed,67234.0,678.0,1,182,Yes,Fashion,34,Low
C02253,57,Student,21514.0,536.0,6,861,Yes,Electronics,365,High
C02254,58,Student,21088.0,562.0,1,84,Yes,Fashion,49,Low
C02255,47,Employed,69046.0,640.0,1,223,Yes,Fashion,142,Low
C02256,18,Employed,126637.0,763.0,4,510,No,Groceries/Essentials,65,Low
C02257,19,Employed,88696.0,632.0,1,133,No,Electronics,601,Low
C02258,34,Employed,59371.0,632.0,1,179,Yes,Fashion,109,Low
C02259,19,Employed,53148.0,598.0,1,133,No,Electronics,619,Low
C02260,27,Freelancer,26048.0,682.0,0,0,No,Home/Furniture,440,Low
C02261,44,Employed,55549.0,814.0,3,194,No,Fashion,74,Low
C02262,43,Employed,59623.0,625.0,1,145,No,Home/Furniture,221,Low
C02263,45,Employed,68675.0,680.0,2,203,No,Electronics,408,Low
C02264,21,Freelancer,70089.0,646.0,1,121,Yes,Groceries/Essentials,28,Low
C02265,40,Employed,14886.0,643.0,3,535,Yes,Electronics,599,Medium
C02266,48,Employed,,645.0,3,505,Yes,Home/Furniture,398,Low
C02267,42,Unemployed,13878.0,559.0,1,209,No,Travel,664,Low
C02268,41,Employed,47821.0,744.0,2,224,No,Electronics,297,Low
C02269,32,Freelancer,90364.0,656.0,1,108,No,Fashion,163,Low
C02270,32,Freelancer,15344.0,637.0,2,398,No,Groceries/Essentials,92,Low
C02271,50,Freelancer,71378.0,578.0,4,747,No,Fashion,85,Low
C02272,54,Employed,68597.0,724.0,0,0,No,Electronics,506,Low
C02273,19,Employed,44991.0,762.0,2,311,No,Electronics,650,Low
C02274,26,Employed,67108.0,666.0,3,470,No,Home/Furniture,372,Low
C02275,18,Employed,70545.0,726.0,4,982,No,Electronics,549,Low
C02276,19,Employed,90873.0,644.0,2,0,No,Fashion,76,Low
C02277,21,Employed,63524.0,693.0,3,486,No,Fashion,45,Low
C02278,20,Freelancer,46905.0,638.0,1,118,Yes,Electronics,330,Low
C02279,23,Employed,56967.0,714.0,4,477,No,Electronics,775,Low
C02280,21,Employed,,654.0,2,308,No,Fashion,148,Low
C02281,44,Employed,50433.0,634.0,1,133,No,Home/Furniture,444,Low
C02282,37,Employed,61488.0,671.0,7,889,No,Fashion,103,Low
C02283,42,Employed,45164.0,653.0,2,187,No,Fashion,119,Low
C02284,23,Freelancer,43253.0,639.0,2,229,Yes,Fashion,87,Low
C02285,25,Freelancer,90398.0,655.0,4,435,No,Groceries/Essentials,15,Low
C02286,30,Employed,59634.0,670.0,2,367,No,Fashion,145,Low
C02287,49,Employed,70536.0,,2,479,No,Fashion,122,Low
C02288,19,Employed,98315.0,625.0,5,467,Yes,Fashion,118,Medium
C02289,20,Freelancer,50895.0,573.0,3,61,Yes,Electronics,488,Low
C02290,20,Unemployed,10735.0,420.0,2,173,Yes,Home/Furniture,461,Medium
C02291,25,Employed,43643.0,707.0,1,98,No,Groceries/Essentials,39,Low
C02292,48,Student,6532.0,670.0,2,356,No,Fashion,83,Medium
C02293,52,Employed,98558.0,701.0,2,296,No,Travel,1165,Low
C02294,47,Employed,59989.0,739.0,0,0,No,Electronics,575,Low
C02295,20,Unemployed,16140.0,595.0,0,0,No,Fashion,123,Low
C02296,23,Employed,76150.0,764.0,0,0,No,Home/Furniture,352,Low
C02297,24,Employed,89277.0,,2,392,No,Fashion,88,Low
C02298,51,Student,11954.0,808.0,1,64,No,Fashion,94,Low
C02299,45,Student,12200.0,626.0,1,138,No,Electronics,655,Low
C02300,49,Employed,69163.0,688.0,0,0,No,Fashion,168,Low
C02301,41,Student,13991.0,547.0,6,795,Yes,Travel,1112,High
C02302,21,Employed,88953.0,551.0,1,111,Yes,Fashion,124,Low
C02303,27,Employed,55311.0,611.0,10,1510,No,Home/Furniture,416,Medium
C02304,38,Employed,97611.0,661.0,3,399,No,Fashion,56,Low
C02305,58,Employed,68370.0,694.0,4,275,No,Fashion,115,Low
C02306,22,Freelancer,20637.0,731.0,4,387,No,Home/Furniture,296,Low
C02307,63,Employed,74516.0,753.0,1,32,No,Fashion,90,Low
C02308,22,Employed,113976.0,742.0,1,205,No,Electronics,323,Low
C02309,29,Employed,48055.0,719.0,10,1205,No,Electronics,205,Low
C02310,33,Freelancer,133293.0,648.0,1,162,No,Electronics,643,Low
C02311,23,Employed,53692.0,696.0,0,0,No,Groceries/Essentials,29,Low
C02312,55,Employed,78045.0,636.0,2,252,Yes,Electronics,438,Low
C02313,32,Unemployed,9639.0,560.0,1,133,No,Fashion,106,Low
C02314,19,Employed,88052.0,726.0,2,300,Yes,Fashion,64,Low
C02315,40,Employed,78522.0,661.0,3,548,No,Home/Furniture,463,Low
C02316,27,Employed,65623.0,740.0,2,368,No,Travel,691,Low
C02317,24,Employed,46596.0,698.0,1,142,No,Groceries/Essentials,49,Low
C02318,24,Employed,63856.0,627.0,2,351,Yes,Fashion,72,Low
C02319,22,Freelancer,64170.0,588.0,2,278,No,Electronics,510,Low
C02320,23,Employed,98180.0,639.0,4,435,No,Travel,717,Low
C02321,24,Employed,78215.0,670.0,3,558,No,Fashion,86,Low
C02322,29,Employed,82511.0,686.0,1,132,Yes,Travel,896,Low
C02323,20,Employed,54626.0,627.0,5,782,Yes,Travel,809,Low
C02324,19,Employed,,689.0,5,522,No,Travel,598,Low
C02325,19,Freelancer,60514.0,734.0,0,0,No,Home/Furniture,383,Low
C02326,20,Freelancer,43680.0,541.0,9,1379,Yes,Electronics,478,High
C02327,52,Employed,66983.0,663.0,0,0,No,Electronics,405,Low
C02328,23,Freelancer,58234.0,628.0,2,281,No,Electronics,199,Low
C02329,36,Employed,90493.0,669.0,3,443,No,Fashion,107,Low
C02330,31,Employed,72569.0,685.0,3,521,No,Electronics,550,Low
C02331,41,Employed,93873.0,672.0,2,350,Yes,Travel,532,Low
C02332,53,Student,17315.0,543.0,8,1115,Yes,Electronics,364,High
C02333,21,Employed,65706.0,747.0,2,430,No,Fashion,111,Low
C02334,18,Employed,24034.0,688.0,1,99,No,Fashion,139,Low
C02335,30,Student,11866.0,604.0,0,0,No,Electronics,689,Low
C02336,18,Employed,57909.0,684.0,2,410,No,Electronics,619,Low
C02337,40,Employed,78410.0,735.0,1,134,No,Travel,885,Low
C02338,21,Employed,79759.0,697.0,1,181,No,Fashion,78,Low
C02339,21,Unemployed,5000.0,637.0,1,6,Yes,Fashion,77,Low
C02340,23,Employed,93257.0,654.0,0,0,No,Home/Furniture,512,Low
C02341,33,Freelancer,57579.0,663.0,2,131,No,Electronics,254,Low
C02342,32,Employed,71241.0,623.0,1,259,Yes,Travel,785,Low
C02343,58,Employed,56479.0,674.0,1,165,Yes,Fashion,59,Low
C02344,20,Student,17709.0,682.0,3,413,No,Fashion,24,Low
C02345,33,Employed,76030.0,651.0,4,750,No,Fashion,171,Low
C02346,34,Employed,56694.0,621.0,6,446,No,Home/Furniture,417,Low
C02347,29,Freelancer,25183.0,696.0,0,0,No,Groceries/Essentials,54,Low
C02348,20,Employed,94190.0,735.0,2,386,No,Electronics,387,Low
C02349,23,Freelancer,15426.0,566.0,1,97,Yes,Home/Furniture,280,Low
C02350,18,Employed,78869.0,702.0,4,568,No,Fashion,10,Low
C02351,19,Student,21082.0,589.0,0,0,No,Electronics,315,Low
C02352,42,Employed,68863.0,625.0,1,209,No,Travel,480,Low
C02353,42,Employed,,751.0,3,394,No,Fashion,98,Low
C02354,20,Employed,63045.0,781.0,2,339,No,Electronics,585,Low
C02355,45,Freelancer,48866.0,678.0,0,0,No,Travel,646,Low
C02356,63,Employed,79767.0,720.0,4,644,No,Fashion,99,Low
C02357,18,Employed,74643.0,660.0,3,366,No,Fashion,140,Low
C02358,21,Employed,87397.0,708.0,2,257,No,Fashion,133,Low
C02359,26,Student,11792.0,537.0,5,604,Yes,Travel,1002,High
C02360,36,Student,14365.0,546.0,5,859,No,Travel,847,High
C02361,19,Student,20147.0,602.0,1,97,No,Home/Furniture,614,Low
C02362,27,Employed,82209.0,808.0,2,373,No,Fashion,113,Low
C02363,24,Employed,81402.0,665.0,1,201,No,Fashion,105,Low
C02364,29,Unemployed,7975.0,639.0,1,195,Yes,Home/Furniture,287,Medium
C02365,48,Employed,61518.0,771.0,2,155,Yes,Fashion,139,Low
C02366,29,Employed,77734.0,659.0,5,450,No,Fashion,79,Low
C02367,22,Employed,43983.0,710.0,1,95,Yes,Fashion,118,Low
C02368,18,Student,7667.0,608.0,0,0,No,Electronics,515,Low
C02369,32,Employed,37174.0,647.0,3,389,Yes,Fashion,158,Low
C02370,31,Freelancer,86520.0,769.0,2,294,No,Fashion,40,Low
C02371,20,Student,12892.0,569.0,1,122,No,Fashion,52,Low
C02372,29,Employed,76043.0,584.0,2,237,Yes,Fashion,30,Low
C02373,23,Employed,67458.0,748.0,4,922,No,Fashion,17,Low
C02374,33,Student,12703.0,644.0,5,335,No,Fashion,78,Low
C02375,53,Employed,81594.0,760.0,0,0,No,Travel,946,Low
C02376,18,Student,8364.0,455.0,3,462,Yes,Electronics,426,High
C02377,25,Employed,78116.0,690.0,2,270,No,Fashion,190,Low
C02378,64,Freelancer,50362.0,663.0,5,1160,No,Home/Furniture,352,Low
C02379,30,Employed,60882.0,690.0,0,0,Yes,Fashion,125,Low
C02380,58,Freelancer,87731.0,657.0,2,325,No,Fashion,88,Low
C02381,52,Employed,,712.0,2,354,No,Electronics,434,Low
C02382,27,Freelancer,24485.0,584.0,5,706,No,Travel,775,Low
C02383,35,Unemployed,5000.0,517.0,3,540,Yes,Electronics,660,High
C02384,52,Employed,75729.0,605.0,0,0,Yes,Fashion,35,Low
C02385,18,Employed,84512.0,762.0,2,176,No,Home/Furniture,413,Low
C02386,45,Freelancer,89639.0,677.0,3,499,No,Travel,1019,Low
C02387,38,Student,16740.0,558.0,1,138,Yes,Fashion,102,Low
C02388,18,Student,15480.0,547.0,0,0,Yes,Electronics,400,Low
C02389,19,Freelancer,105123.0,584.0,1,102,No,Fashion,160,Low
C02390,21,Freelancer,18109.0,717.0,1,118,No,Fashion,142,Low
C02391,36,Employed,50498.0,661.0,3,624,No,Travel,1087,Low
C02392,18,Freelancer,61289.0,677.0,1,166,Yes,Fashion,55,Low
C02393,29,Student,8037.0,680.0,7,928,No,Home/Furniture,453,High
C02394,37,Student,21068.0,495.0,4,337,No,Fashion,59,Low
C02395,20,Employed,57685.0,676.0,3,266,No,Fashion,111,Low
C02396,32,Student,16595.0,596.0,3,512,No,Travel,854,Low
C02397,27,Student,21798.0,411.0,1,101,Yes,Home/Furniture,270,Low
C02398,35,Student,12962.0,603.0,0,0,Yes,Groceries/Essentials,65,Low
C02399,20,Freelancer,26341.0,665.0,3,219,No,Home/Furniture,454,Low
C02400,63,Employed,99548.0,668.0,3,245,No,Fashion,66,Low
C02401,52,Employed,65729.0,697.0,1,215,No,Electronics,543,Low
C02402,35,Student,16147.0,682.0,2,352,Yes,Travel,866,Medium
C02403,38,Employed,,718.0,1,238,No,Electronics,509,Low
C02404,24,Employed,32621.0,677.0,3,534,No,Home/Furniture,461,Low
C02405,59,Employed,79960.0,737.0,0,0,No,Electronics,416,Low
C02406,36,Freelancer,67210.0,647.0,3,525,No,Electronics,489,Low
C02407,19,Employed,69845.0,727.0,1,222,No,Fashion,137,Low
C02408,29,Freelancer,90162.0,626.0,2,297,No,Fashion,53,Low
C02409,32,Employed,,631.0,1,310,No,Fashion,140,Low
C02410,53,Employed,98850.0,,2,254,No,Fashion,133,Low
C02411,36,Employed,81517.0,671.0,3,725,No,Fashion,102,Low
C02412,62,Employed,77291.0,761.0,2,328,No,Fashion,130,Low
C02413,46,Student,10841.0,523.0,4,809,Yes,Fashion,110,High
C02414,32,Unemployed,25494.0,602.0,3,64,No,Fashion,41,Low
C02415,26,Employed,32739.0,705.0,1,236,No,Fashion,57,Low
C02416,48,Student,7381.0,518.0,4,450,Yes,Electronics,425,High
C02417,27,Employed,65430.0,679.0,4,487,No,Electronics,796,Low
C02418,44,Student,6148.0,,2,340,Yes,Home/Furniture,552,Medium
C02419,20,Employed,80389.0,736.0,0,0,No,Fashion,95,Low
C02420,25,Freelancer,47039.0,538.0,4,407,No,Fashion,77,Low
C02421,56,Freelancer,85650.0,,2,461,Yes,Home/Furniture,431,Low
C02422,44,Freelancer,62814.0,629.0,0,0,No,Travel,611,Low
C02423,36,Employed,80447.0,722.0,1,196,No,Fashion,116,Low
C02424,26,Employed,85233.0,750.0,6,1188,No,Home/Furniture,191,Low
C02425,58,Employed,89294.0,850.0,7,1601,No,Fashion,152,Low
C02426,18,Student,19547.0,671.0,1,151,No,Fashion,161,Low
C02427,44,Employed,87766.0,,0,0,No,Electronics,387,Low
C02428,45,Student,22293.0,614.0,2,380,No,Home/Furniture,429,Low
C02429,20,Student,15396.0,646.0,4,586,Yes,Travel,998,Medium
C02430,20,Employed,35042.0,727.0,4,489,Yes,Home/Furniture,308,Low
C02431,47,Employed,30327.0,732.0,1,204,No,Fashion,93,Low
C02432,38,Employed,76096.0,733.0,1,113,No,Electronics,409,Low
C02433,20,Freelancer,35114.0,643.0,1,100,Yes,Electronics,511,Low
C02434,37,Student,15617.0,657.0,3,512,No,Home/Furniture,507,Low
C02435,32,Employed,91817.0,693.0,2,245,No,Electronics,499,Low
C02436,57,Employed,80898.0,721.0,1,118,No,Fashion,118,Low
C02437,19,Employed,59466.0,710.0,3,390,No,Home/Furniture,418,Low
C02438,20,Employed,96123.0,693.0,3,277,No,Electronics,151,Low
C02439,55,Employed,102664.0,750.0,2,407,No,Electronics,396,Low
C02440,37,Employed,53495.0,719.0,2,122,No,Electronics,742,Low
C02441,42,Student,16954.0,647.0,1,98,No,Electronics,465,Low
C02442,25,Employed,28627.0,724.0,1,170,Yes,Fashion,47,Low
C02443,22,Student,9765.0,554.0,8,1606,No,Electronics,687,High
C02444,54,Student,16595.0,480.0,0,0,Yes,Fashion,84,Low
C02445,26,Freelancer,59308.0,585.0,2,276,Yes,Groceries/Essentials,67,Low
C02446,40,Student,18553.0,655.0,1,111,No,Electronics,597,Low
C02447,45,Employed,82389.0,691.0,3,485,No,Fashion,138,Low
C02448,18,Employed,39253.0,692.0,5,432,No,Fashion,151,Low
C02449,43,Employed,91285.0,710.0,3,489,No,Electronics,392,Low
C02450,36,Student,7233.0,456.0,1,193,Yes,Electronics,634,Medium
C02451,21,Employed,47734.0,762.0,1,145,No,Fashion,122,Low
C02452,46,Student,17154.0,517.0,0,0,Yes,Fashion,65,Low
C02453,42,Student,12191.0,565.0,4,413,No,Fashion,104,Medium
C02454,19,Employed,,765.0,1,218,No,Fashion,62,Low
C02455,60,Freelancer,84515.0,722.0,7,1195,No,Fashion,154,Low
C02456,58,Employed,78982.0,563.0,2,211,No,Home/Furniture,453,Low
C02457,51,Employed,62604.0,661.0,2,299,No,Groceries/Essentials,52,Low
C02458,25,Employed,88717.0,697.0,1,89,No,Fashion,247,Low
C02459,58,Freelancer,49504.0,579.0,2,411,No,Travel,727,Low
C02460,23,Employed,73829.0,722.0,2,329,No,Fashion,80,Low
C02461,36,Employed,110438.0,674.0,1,223,No,Electronics,639,Low
C02462,48,Employed,81359.0,641.0,4,614,No,Electronics,489,Low
C02463,50,Student,14268.0,621.0,3,238,No,Fashion,84,Low
C02464,22,Employed,63789.0,721.0,5,1113,No,Fashion,78,Low
C02465,64,Employed,81096.0,653.0,1,62,No,Fashion,83,Low
C02466,18,Freelancer,32364.0,705.0,2,392,No,Fashion,48,Low
C02467,29,Freelancer,5000.0,710.0,1,199,No,Electronics,580,Low
C02468,29,Employed,,665.0,1,178,No,Groceries/Essentials,10,Low
C02469,20,Employed,83255.0,807.0,3,451,No,Fashion,123,Low
C02470,21,Unemployed,5000.0,473.0,3,422,Yes,Fashion,44,High
C02471,18,Employed,70101.0,630.0,1,243,No,Electronics,612,Low
C02472,20,Employed,38598.0,716.0,4,396,No,Home/Furniture,444,Low
C02473,33,Freelancer,48089.0,570.0,5,1131,No,Travel,1171,Low
C02474,24,Freelancer,47894.0,569.0,0,0,No,Fashion,80,Low
C02475,62,Freelancer,63142.0,703.0,4,482,No,Home/Furniture,459,Low
C02476,63,Employed,111613.0,740.0,0,0,No,Fashion,181,Low
C02477,39,Employed,44027.0,828.0,1,30,No,Fashion,134,Low
C02478,58,Freelancer,74996.0,683.0,1,126,No,Electronics,208,Low
C02479,43,Employed,51883.0,736.0,5,252,No,Fashion,75,Low
C02480,62,Employed,63669.0,673.0,8,1478,No,Home/Furniture,433,Low
C02481,23,Employed,61600.0,671.0,9,1173,No,Travel,1109,Low
C02482,19,Freelancer,57362.0,638.0,4,519,No,Fashion,149,Low
C02483,39,Student,12441.0,,2,466,No,Electronics,431,Low
C02484,24,Employed,88160.0,686.0,1,80,No,Fashion,173,Low
C02485,50,Student,10799.0,626.0,6,787,No,Electronics,447,High
C02486,22,Employed,19262.0,716.0,4,407,No,Fashion,163,Low
C02487,18,Freelancer,52745.0,656.0,3,459,No,Travel,692,Low
C02488,54,Employed,66189.0,728.0,2,0,No,Electronics,447,Low
C02489,39,Employed,47582.0,684.0,2,302,Yes,Fashion,97,Low
C02490,22,Student,11769.0,568.0,2,278,Yes,Travel,771,Low
C02491,34,Employed,44602.0,710.0,0,0,No,Electronics,508,Low
C02492,31,Employed,80253.0,679.0,0,0,No,Fashion,140,Low
C02493,32,Employed,90200.0,725.0,1,131,No,Home/Furniture,483,Low
C02494,18,Student,23672.0,649.0,1,255,No,Fashion,106,Low
C02495,49,Employed,76503.0,751.0,4,534,No,Electronics,672,Low
C02496,24,Employed,80955.0,749.0,1,236,Yes,Groceries/Essentials,34,Low
C02497,21,Employed,109846.0,633.0,3,394,No,Fashion,99,Low
C02498,30,Student,,627.0,1,121,Yes,Fashion,101,Low
C02499,51,Employed,46977.0,764.0,3,320,No,Fashion,94,Low
C02500,29,Freelancer,60528.0,600.0,2,407,Yes,Home/Furniture,476,Low
C02501,36,Employed,62166.0,732.0,3,204,No,Electronics,446,Low
C02502,38,Employed,85603.0,669.0,2,259,No,Electronics,567,Low
C02503,46,Student,13251.0,628.0,0,0,Yes,Electronics,690,Low
C02504,53,Freelancer,22235.0,601.0,1,151,No,Fashion,69,Low
C02505,37,Employed,54253.0,664.0,1,107,No,Fashion,136,Low
C02506,46,Unemployed,15253.0,580.0,2,332,No,Fashion,81,Low
C02507,22,Unemployed,11042.0,378.0,2,390,Yes,Fashion,99,High
C02508,62,Employed,104856.0,696.0,3,638,No,Groceries/Essentials,74,Low
C02509,55,Employed,55184.0,696.0,2,389,No,Travel,784,Low
C02510,34,Freelancer,56583.0,687.0,2,242,No,Home/Furniture,459,Low
C02511,24,Employed,36871.0,714.0,3,319,No,Fashion,69,Low
C02512,49,Student,14658.0,618.0,0,0,No,Home/Furniture,456,Low
C02513,20,Unemployed,21720.0,537.0,1,174,Yes,Travel,860,Low
C02514,23,Employed,57446.0,656.0,0,0,No,Fashion,89,Low
C02515,48,Employed,82826.0,823.0,4,1099,No,Electronics,577,Low
C02516,21,Student,14339.0,640.0,2,491,Yes,Fashion,142,Medium
C02517,21,Employed,69323.0,637.0,5,819,No,Fashion,84,Low
C02518,18,Employed,60691.0,,1,115,No,Fashion,52,Low
C02519,31,Employed,56537.0,760.0,1,152,No,Electronics,224,Low
C02520,30,Employed,65694.0,724.0,3,341,No,Home/Furniture,373,Low
C02521,44,Employed,60607.0,766.0,1,52,No,Fashion,125,Low
C02522,60,Employed,60273.0,731.0,4,201,No,Electronics,348,Low
C02523,23,Employed,82282.0,726.0,3,900,No,Home/Furniture,217,Low
C02524,61,Employed,102657.0,696.0,3,656,No,Electronics,672,Low
C02525,20,Employed,,702.0,1,139,No,Electronics,513,Low
C02526,22,Employed,59264.0,,2,172,Yes,Electronics,375,Low
C02527,23,Employed,66375.0,,4,697,No,Home/Furniture,263,Low
C02528,29,Employed,46253.0,659.0,3,614,No,Home/Furniture,375,Low
C02529,25,Student,6547.0,725.0,3,602,No,Travel,1104,High
C02530,22,Employed,63162.0,743.0,7,913,No,Electronics,320,Low
C02531,62,Student,10378.0,648.0,4,664,No,Electronics,509,High
C02532,52,Student,8608.0,503.0,1,149,Yes,Fashion,144,Low
C02533,23,Employed,40721.0,684.0,0,0,No,Fashion,92,Low
C02534,19,Employed,93799.0,665.0,2,211,Yes,Fashion,109,Low
C02535,43,Employed,90361.0,759.0,0,0,No,Home/Furniture,479,Low
C02536,56,Employed,38657.0,689.0,3,429,No,Electronics,392,Low
C02537,53,Employed,67953.0,610.0,2,348,Yes,Home/Furniture,341,Low
C02538,44,Employed,60791.0,678.0,3,403,Yes,Home/Furniture,337,Low
C02539,21,Employed,82955.0,658.0,7,697,No,Travel,620,Low
C02540,19,Employed,101267.0,655.0,3,334,No,Travel,885,Low
C02541,24,Employed,70587.0,634.0,6,689,Yes,Electronics,513,Low
C02542,26,Freelancer,65286.0,686.0,6,523,No,Fashion,102,Low
C02543,18,Freelancer,31361.0,725.0,6,851,No,Travel,793,Low
C02544,22,Employed,57008.0,761.0,0,0,No,Electronics,424,Low
C02545,33,Employed,64516.0,652.0,0,0,No,Fashion,102,Low
C02546,37,Student,14896.0,634.0,2,311,No,Electronics,256,Low
C02547,21,Freelancer,93773.0,672.0,0,0,No,Electronics,661,Low
C02548,61,Unemployed,20430.0,494.0,1,182,Yes,Fashion,106,Low
C02549,34,Employed,55487.0,693.0,0,0,No,Electronics,611,Low
C02550,24,Employed,74339.0,729.0,0,0,No,Electronics,531,Low
C02551,24,Student,10899.0,634.0,3,406,No,Travel,880,Medium
C02552,42,Student,19761.0,639.0,7,725,No,Fashion,82,Medium
C02553,36,Employed,69616.0,720.0,2,422,No,Electronics,400,Low
C02554,22,Student,6958.0,617.0,2,380,Yes,Fashion,79,High
C02555,37,Employed,60494.0,716.0,3,319,No,Home/Furniture,509,Low
C02556,24,Employed,59854.0,665.0,6,925,No,Fashion,127,Low
C02557,22,Student,11050.0,624.0,1,223,Yes,Fashion,96,Low
C02558,19,Student,12812.0,551.0,2,260,Yes,Home/Furniture,457,Low
C02559,43,Freelancer,,608.0,4,635,Yes,Electronics,440,Low
C02560,38,Employed,73670.0,738.0,0,0,No,Electronics,443,Low
C02561,47,Student,22376.0,574.0,1,176,No,Fashion,30,Low
C02562,32,Employed,30897.0,597.0,0,0,Yes,Home/Furniture,432,Low
C02563,26,Employed,68176.0,685.0,2,222,No,Travel,957,Low
C02564,22,Employed,86967.0,698.0,2,265,No,Fashion,76,Low
C02565,19,Employed,65753.0,730.0,4,476,No,Fashion,66,Low
C02566,48,Freelancer,100989.0,617.0,0,0,No,Home/Furniture,565,Low
C02567,37,Unemployed,19825.0,,6,382,No,Fashion,79,Medium
C02568,32,Student,21617.0,614.0,1,183,Yes,Fashion,116,Low
C02569,20,Employed,89162.0,644.0,3,625,Yes,Fashion,79,Low
C02570,21,Student,17620.0,548.0,1,171,No,Fashion,126,Low
C02571,38,Freelancer,26459.0,721.0,4,536,No,Home/Furniture,318,Low
C02572,38,Employed,88590.0,675.0,2,309,Yes,Home/Furniture,324,Low
C02573,24,Student,23436.0,591.0,2,296,No,Fashion,102,Low
C02574,21,Employed,82051.0,651.0,1,186,No,Fashion,87,Low
C02575,38,Student,12910.0,607.0,2,355,Yes,Electronics,499,Medium
C02576,21,Employed,50228.0,692.0,1,215,No,Home/Furniture,370,Low
C02577,26,Employed,89411.0,775.0,1,125,No,Fashion,55,Low
C02578,31,Employed,83580.0,676.0,4,194,Yes,Groceries/Essentials,38,Low
C02579,21,Employed,82495.0,757.0,3,215,No,Fashion,127,Low
C02580,21,Employed,29547.0,687.0,3,662,No,Electronics,536,Low
C02581,43,Employed,34420.0,679.0,0,0,No,Fashion,126,Low
C02582,47,Freelancer,84717.0,563.0,1,205,Yes,Fashion,108,Low
C02583,25,Employed,57842.0,743.0,1,68,No,Electronics,659,Low
C02584,20,Unemployed,6591.0,611.0,6,458,No,Groceries/Essentials,41,High
C02585,38,Employed,82331.0,598.0,1,135,No,Electronics,209,Low
C02586,40,Student,9107.0,712.0,2,283,Yes,Fashion,156,Medium
C02587,48,Employed,52281.0,723.0,2,264,No,Electronics,271,Low
C02588,34,Employed,67600.0,610.0,3,452,Yes,Groceries/Essentials,64,Low
C02589,24,Unemployed,21317.0,428.0,2,349,Yes,Electronics,585,Medium
C02590,33,Employed,65072.0,717.0,2,184,No,Electronics,615,Low
C02591,43,Employed,64193.0,736.0,3,235,No,Groceries/Essentials,38,Low
C02592,48,Student,19636.0,653.0,0,0,No,Fashion,39,Low
C02593,64,Employed,69642.0,707.0,2,471,No,Electronics,657,Low
C02594,49,Freelancer,78985.0,566.0,5,547,Yes,Fashion,148,Low
C02595,63,Employed,99917.0,561.0,2,206,No,Fashion,10,Low
C02596,35,Employed,76275.0,704.0,1,170,No,Home/Furniture,340,Low
C02597,39,Unemployed,18454.0,516.0,2,88,Yes,Electronics,526,Low
C02598,19,Employed,46910.0,674.0,3,266,No,Fashion,93,Low
C02599,18,Freelancer,47801.0,668.0,2,315,No,Electronics,587,Low
C02600,43,Freelancer,56613.0,624.0,8,460,No,Fashion,76,Low
C02601,31,Employed,17510.0,709.0,3,601,No,Fashion,124,Low
C02602,19,Freelancer,33691.0,738.0,3,564,No,Electronics,353,Low
C02603,22,Employed,82530.0,,4,630,No,Home/Furniture,355,Low
C02604,28,Student,13754.0,713.0,2,191,No,Travel,827,Low
C02605,34,Unemployed,19338.0,513.0,2,206,Yes,Home/Furniture,369,Low
C02606,34,Employed,,652.0,2,424,No,Fashion,105,Low
C02607,30,Student,8684.0,460.0,4,537,Yes,Electronics,257,High
C02608,25,Employed,62036.0,683.0,1,116,No,Fashion,84,Low
C02609,18,Employed,98757.0,677.0,2,309,No,Travel,753,Low
C02610,21,Employed,53722.0,667.0,1,143,No,Fashion,57,Low
C02611,34,Employed,75201.0,663.0,0,0,No,Fashion,93,Low
C02612,21,Student,12355.0,734.0,1,182,No,Electronics,538,Low
C02613,30,Student,9899.0,583.0,1,181,No,Fashion,74,Low
C02614,52,Employed,55493.0,647.0,3,412,No,Electronics,412,Low
C02615,22,Employed,87295.0,654.0,3,344,No,Electronics,363,Low
C02616,35,Student,11390.0,653.0,1,118,No,Fashion,96,Low
C02617,30,Employed,42356.0,789.0,5,741,No,Home/Furniture,471,Low
C02618,44,Employed,80141.0,757.0,5,822,No,Fashion,185,Low
C02619,26,Unemployed,23281.0,506.0,2,351,Yes,Electronics,776,Medium
C02620,23,Freelancer,68400.0,619.0,4,751,Yes,Travel,839,Low
C02621,22,Employed,62733.0,649.0,1,143,Yes,Fashion,19,Low
C02622,59,Employed,53224.0,711.0,2,449,No,Fashion,112,Low
C02623,30,Employed,72484.0,716.0,1,163,No,Fashion,186,Low
C02624,24,Employed,77335.0,778.0,4,567,No,Groceries/Essentials,70,Low
C02625,18,Employed,71914.0,673.0,1,104,No,Fashion,46,Low
C02626,22,Employed,60593.0,755.0,0,0,No,Fashion,47,Low
C02627,36,Freelancer,57607.0,632.0,6,984,Yes,Fashion,128,Medium
C02628,24,Student,9060.0,575.0,4,684,No,Electronics,588,High
C02629,34,Employed,77520.0,626.0,3,525,No,Electronics,580,Low
C02630,44,Employed,93008.0,645.0,3,702,No,Fashion,55,Low
C02631,57,Employed,54652.0,668.0,1,122,Yes,Fashion,170,Low
C02632,19,Student,7940.0,524.0,3,504,Yes,Home/Furniture,268,High
C02633,47,Employed,91173.0,685.0,2,260,No,Groceries/Essentials,50,Low
C02634,42,Employed,105204.0,683.0,8,835,No,Fashion,92,Low
C02635,30,Employed,37583.0,744.0,3,298,No,Fashion,99,Low
C02636,44,Freelancer,74003.0,586.0,3,321,No,Travel,779,Low
C02637,42,Student,12773.0,598.0,5,741,Yes,Electronics,938,High
C02638,35,Employed,76059.0,634.0,1,75,Yes,Fashion,78,Low
C02639,27,Employed,52688.0,726.0,1,148,No,Electronics,284,Low
C02640,22,Employed,50742.0,753.0,1,173,No,Travel,747,Low
C02641,26,Freelancer,43759.0,651.0,4,1054,Yes,Fashion,105,Medium
C02642,41,Employed,59556.0,688.0,2,174,No,Electronics,346,Low
C02643,33,Employed,93589.0,669.0,3,655,No,Travel,1224,Low
C02644,24,Employed,63513.0,704.0,5,447,No,Fashion,122,Low
C02645,21,Employed,68175.0,719.0,4,759,No,Fashion,114,Low
C02646,39,Student,19021.0,574.0,2,214,No,Groceries/Essentials,58,Low
C02647,40,Employed,95649.0,724.0,4,693,No,Electronics,496,Low
C02648,38,Freelancer,23396.0,551.0,1,211,Yes,Fashion,109,Low
C02649,22,Student,13647.0,659.0,2,261,No,Electronics,320,Low
C02650,18,Employed,91666.0,661.0,1,236,No,Fashion,112,Low
C02651,21,Employed,66009.0,645.0,3,578,Yes,Fashion,28,Low
C02652,25,Employed,63277.0,644.0,3,306,Yes,Fashion,101,Low
C02653,22,Employed,54536.0,735.0,7,695,No,Home/Furniture,318,Low
C02654,29,Student,14103.0,668.0,2,490,No,Electronics,797,Low
C02655,21,Employed,64128.0,713.0,2,367,Yes,Fashion,141,Low
C02656,31,Employed,80526.0,712.0,2,144,No,Fashion,58,Low
C02657,26,Student,15827.0,575.0,2,142,Yes,Fashion,81,Low
C02658,55,Freelancer,54994.0,661.0,1,203,No,Fashion,114,Low
C02659,23,Employed,68342.0,668.0,2,138,No,Electronics,583,Low
C02660,21,Employed,63593.0,736.0,1,104,No,Electronics,432,Low
C02661,32,Employed,63867.0,742.0,1,92,No,Fashion,64,Low
C02662,43,Employed,54451.0,687.0,4,660,No,Fashion,162,Low
C02663,48,Employed,105312.0,625.0,1,94,No,Electronics,413,Low
C02664,32,Employed,48441.0,718.0,2,352,No,Electronics,301,Low
C02665,24,Student,16332.0,499.0,2,416,Yes,Fashion,115,Medium
C02666,35,Employed,44599.0,742.0,2,280,No,Fashion,125,Low
C02667,18,Employed,55003.0,672.0,2,225,No,Fashion,100,Low
C02668,25,Employed,110474.0,577.0,1,193,No,Electronics,449,Low
C02669,62,Employed,66606.0,708.0,2,346,No,Fashion,99,Low
C02670,41,Freelancer,,626.0,1,131,No,Fashion,102,Low
C02671,37,Student,15352.0,571.0,3,696,No,Home/Furniture,407,Medium
C02672,31,Student,16442.0,643.0,3,446,Yes,Travel,499,Medium
C02673,44,Employed,69390.0,634.0,3,578,No,Fashion,120,Low
C02674,19,Student,12243.0,527.0,5,787,Yes,Home/Furniture,508,High
C02675,30,Student,6979.0,636.0,1,105,No,Travel,592,Low
C02676,40,Student,12750.0,565.0,1,115,Yes,Travel,806,Low
C02677,21,Employed,112347.0,737.0,4,595,No,Fashion,97,Low
C02678,32,Student,13821.0,614.0,6,977,Yes,Electronics,475,High
C02679,22,Employed,55018.0,718.0,3,691,Yes,Home/Furniture,391,Low
C02680,42,Employed,70088.0,644.0,2,176,No,Groceries/Essentials,37,Low
C02681,50,Employed,90882.0,774.0,0,0,No,Electronics,573,Low
C02682,22,Employed,48661.0,725.0,0,0,No,Fashion,151,Low
C02683,51,Employed,101526.0,683.0,0,0,No,Electronics,821,Low
C02684,46,Employed,78647.0,685.0,1,173,No,Electronics,493,Low
C02685,44,Employed,59832.0,667.0,2,359,No,Electronics,761,Low
C02686,29,Employed,42298.0,711.0,1,131,No,Travel,975,Low
C02687,55,Student,6491.0,679.0,2,413,No,Fashion,20,Medium
C02688,31,Freelancer,24466.0,629.0,0,0,Yes,Electronics,265,Low
C02689,52,Employed,56394.0,717.0,2,187,No,Fashion,55,Low
C02690,25,Freelancer,53924.0,583.0,2,329,No,Fashion,49,Low
C02691,39,Student,15065.0,450.0,1,159,Yes,Travel,658,Low
C02692,51,Employed,78812.0,661.0,2,469,No,Travel,254,Low
C02693,28,Unemployed,12434.0,523.0,2,367,Yes,Electronics,484,Medium
C02694,42,Employed,53803.0,725.0,0,0,No,Home/Furniture,471,Low
C02695,60,Employed,45296.0,724.0,1,183,No,Electronics,245,Low
C02696,26,Employed,66217.0,649.0,2,233,No,Fashion,147,Low
C02697,27,Employed,51551.0,695.0,4,844,No,Fashion,10,Low
C02698,60,Student,20571.0,607.0,7,543,Yes,Travel,745,Medium
C02699,18,Employed,107121.0,731.0,5,868,No,Groceries/Essentials,49,Low
C02700,21,Unemployed,5000.0,446.0,1,151,Yes,Electronics,698,Medium
C02701,19,Employed,74723.0,720.0,3,315,No,Electronics,597,Low
C02702,18,Student,17524.0,575.0,1,98,No,Fashion,121,Low
C02703,21,Employed,,553.0,0,0,Yes,Electronics,469,Low
C02704,33,Student,11249.0,544.0,0,0,No,Home/Furniture,379,Low
C02705,50,Employed,60558.0,,2,221,No,Fashion,65,Low
C02706,41,Employed,79955.0,746.0,5,977,No,Fashion,93,Low
C02707,47,Employed,91887.0,791.0,2,214,No,Travel,529,Low
C02708,48,Employed,76668.0,719.0,1,135,No,Fashion,82,Low
C02709,33,Employed,54768.0,719.0,1,83,No,Home/Furniture,294,Low
C02710,23,Freelancer,62176.0,695.0,3,355,No,Fashion,59,Low
C02711,28,Employed,75437.0,684.0,9,994,No,Fashion,106,Low
C02712,24,Student,10524.0,643.0,1,142,No,Fashion,169,Low
C02713,23,Employed,60406.0,720.0,2,373,No,Travel,278,Low
C02714,18,Employed,87670.0,584.0,1,120,No,Fashion,87,Low
C02715,22,Freelancer,40922.0,569.0,1,136,Yes,Home/Furniture,401,Low
C02716,39,Employed,90241.0,680.0,1,167,No,Groceries/Essentials,37,Low
C02717,25,Student,14860.0,642.0,3,523,No,Travel,901,Low
C02718,60,Employed,73635.0,632.0,5,916,Yes,Fashion,109,Medium
C02719,58,Employed,37734.0,705.0,4,490,No,Travel,801,Low
C02720,23,Employed,79468.0,738.0,1,238,No,Fashion,92,Low
C02721,44,Employed,113948.0,584.0,2,375,No,Electronics,732,Low
C02722,53,Freelancer,45686.0,727.0,8,618,No,Fashion,136,Low
C02723,44,Freelancer,55976.0,642.0,0,0,No,Fashion,137,Low
C02724,41,Employed,61189.0,699.0,2,354,No,Travel,666,Low
C02725,34,Employed,87411.0,680.0,8,1042,No,Fashion,62,Low
C02726,40,Employed,74118.0,747.0,3,416,No,Fashion,92,Low
C02727,60,Employed,115368.0,729.0,2,157,No,Home/Furniture,435,Low
C02728,24,Student,,463.0,2,401,Yes,Fashion,114,Medium
C02729,54,Freelancer,30449.0,639.0,5,708,No,Fashion,52,Low
C02730,29,Employed,55477.0,690.0,7,923,No,Electronics,734,Low
C02731,33,Unemployed,21684.0,621.0,7,1097,No,Fashion,114,High
C02732,47,Employed,93520.0,614.0,4,715,Yes,Home/Furniture,513,Low
C02733,41,Employed,47817.0,803.0,5,769,No,Fashion,72,Low
C02734,28,Employed,68575.0,656.0,2,312,No,Fashion,153,Low
C02735,29,Employed,37173.0,,1,159,No,Fashion,33,Low
C02736,31,Employed,83668.0,611.0,3,473,No,Fashion,112,Low
C02737,22,Student,11799.0,573.0,1,161,No,Groceries/Essentials,37,Low
C02738,27,Freelancer,75322.0,491.0,1,140,No,Fashion,97,Low
C02739,36,Student,15543.0,562.0,2,295,No,Groceries/Essentials,48,Low
C02740,19,Employed,88428.0,769.0,3,334,No,Fashion,125,Low
C02741,20,Employed,76339.0,730.0,4,348,No,Fashion,140,Low
C02742,44,Employed,92219.0,700.0,3,403,Yes,Fashion,96,Low
C02743,31,Employed,100991.0,,1,139,No,Fashion,10,Low
C02744,44,Employed,86400.0,739.0,1,109,No,Home/Furniture,290,Low
C02745,57,Freelancer,80574.0,659.0,4,604,No,Home/Furniture,368,Low
C02746,30,Employed,72052.0,635.0,0,0,No,Fashion,97,Low
C02747,60,Unemployed,5651.0,493.0,0,0,Yes,Electronics,651,Low
C02748,37,Unemployed,19573.0,580.0,0,0,Yes,Fashion,53,Low
C02749,24,Employed,61706.0,697.0,2,205,No,Electronics,421,Low
C02750,31,Employed,53098.0,596.0,3,615,No,Fashion,152,Low
C02751,31,Employed,72090.0,641.0,2,177,Yes,Home/Furniture,469,Low
C02752,24,Employed,91260.0,661.0,3,593,No,Fashion,53,Low
C02753,28,Employed,52225.0,714.0,0,0,No,Fashion,150,Low
C02754,21,Freelancer,83221.0,699.0,2,267,No,Electronics,485,Low
C02755,40,Student,17488.0,482.0,1,176,Yes,Home/Furniture,537,Low
C02756,49,Freelancer,44860.0,609.0,5,967,No,Electronics,721,Low
C02757,29,Employed,75621.0,658.0,1,146,No,Electronics,196,Low
C02758,35,Employed,61673.0,634.0,1,181,Yes,Fashion,81,Low
C02759,36,Employed,88084.0,750.0,5,707,No,Travel,644,Low
C02760,24,Employed,78261.0,697.0,1,140,No,Fashion,69,Low
C02761,25,Student,23920.0,633.0,2,300,Yes,Electronics,268,Low
C02762,43,Employed,102618.0,678.0,1,115,Yes,Home/Furniture,416,Low
C02763,29,Freelancer,47928.0,613.0,1,162,No,Fashion,122,Low
C02764,20,Student,21098.0,677.0,1,78,No,Electronics,614,Low
C02765,54,Employed,80142.0,641.0,1,216,No,Home/Furniture,497,Low
C02766,27,Employed,61274.0,675.0,2,460,No,Electronics,561,Low
C02767,46,Student,24666.0,615.0,3,226,No,Electronics,315,Low
C02768,31,Employed,99188.0,730.0,0,0,No,Travel,1258,Low
C02769,62,Student,7167.0,565.0,0,0,No,Electronics,709,Low
C02770,51,Employed,48311.0,770.0,1,131,No,Groceries/Essentials,79,Low
C02771,39,Freelancer,31557.0,628.0,10,1794,No,Home/Furniture,580,High
C02772,21,Employed,118760.0,741.0,1,48,No,Home/Furniture,504,Low
C02773,34,Freelancer,25782.0,650.0,2,275,No,Travel,729,Low
C02774,37,Employed,110824.0,663.0,1,149,No,Travel,925,Low
C02775,44,Employed,57306.0,709.0,3,423,No,Fashion,183,Low
C02776,25,Employed,75988.0,715.0,0,0,No,Travel,707,Low
C02777,48,Employed,51105.0,694.0,8,1391,No,Home/Furniture,600,Low
C02778,59,Employed,50848.0,748.0,9,1324,No,Electronics,352,Medium
C02779,21,Employed,69566.0,628.0,1,174,No,Fashion,159,Low
C02780,32,Freelancer,42757.0,626.0,2,146,Yes,Fashion,82,Low
C02781,55,Student,11241.0,453.0,2,381,No,Fashion,155,Low
C02782,32,Freelancer,36307.0,667.0,2,253,No,Electronics,351,Low
C02783,28,Unemployed,5000.0,504.0,4,667,Yes,Fashion,133,High
C02784,52,Freelancer,31795.0,519.0,1,150,Yes,Electronics,318,Low
C02785,44,Student,19842.0,658.0,0,0,No,Fashion,99,Low
C02786,35,Employed,67020.0,677.0,2,406,No,Electronics,600,Low
C02787,39,Unemployed,5000.0,757.0,1,179,No,Fashion,123,Low
C02788,27,Freelancer,83864.0,638.0,2,364,Yes,Electronics,396,Low
C02789,19,Employed,,638.0,1,106,No,Fashion,63,Low
C02790,41,Employed,57448.0,703.0,2,297,No,Electronics,705,Low
C02791,56,Freelancer,34484.0,585.0,1,152,No,Fashion,47,Low
C02792,18,Employed,83970.0,,4,816,No,Electronics,894,Low
C02793,41,Freelancer,5000.0,532.0,2,183,No,Fashion,165,Low
C02794,23,Student,17405.0,652.0,1,83,No,Fashion,99,Low
C02795,19,Employed,49707.0,712.0,4,680,No,Fashion,92,Low
C02796,26,Student,19075.0,595.0,4,758,No,Fashion,208,Medium
C02797,37,Employed,61008.0,758.0,3,627,Yes,Fashion,79,Low
C02798,27,Freelancer,54185.0,604.0,5,746,Yes,Fashion,66,Low
C02799,39,Unemployed,12562.0,577.0,1,157,Yes,Fashion,128,Low
C02800,20,Employed,109355.0,664.0,2,283,No,Electronics,494,Low
C02801,24,Employed,66713.0,693.0,3,300,No,Electronics,353,Low
C02802,36,Employed,63142.0,730.0,2,347,No,Fashion,88,Low
C02803,39,Employed,33584.0,740.0,4,786,Yes,Fashion,93,Medium
C02804,51,Employed,101938.0,692.0,1,191,No,Travel,417,Low
C02805,40,Employed,47399.0,685.0,1,153,No,Electronics,338,Low
C02806,19,Employed,63814.0,676.0,1,46,No,Travel,499,Low
C02807,53,Employed,82294.0,707.0,2,475,No,Fashion,53,Low
C02808,18,Employed,,655.0,1,90,No,Home/Furniture,467,Low
C02809,29,Student,,536.0,7,1598,Yes,Fashion,142,High
C02810,45,Student,8202.0,601.0,2,433,No,Home/Furniture,420,Medium
C02811,53,Student,14711.0,604.0,2,368,No,Groceries/Essentials,51,Low
C02812,56,Employed,74987.0,675.0,2,428,No,Home/Furniture,408,Low
C02813,36,Employed,67348.0,662.0,4,990,No,Electronics,544,Low
C02814,48,Student,13894.0,490.0,3,271,Yes,Groceries/Essentials,22,Medium
C02815,23,Employed,62967.0,675.0,3,559,No,Fashion,135,Low
C02816,31,Unemployed,14709.0,556.0,0,0,No,Fashion,55,Low
C02817,42,Student,14154.0,599.0,4,699,Yes,Electronics,498,High
C02818,20,Employed,67763.0,614.0,2,218,Yes,Home/Furniture,361,Low
C02819,46,Employed,74339.0,740.0,4,498,No,Electronics,694,Low
C02820,22,Employed,79475.0,702.0,4,894,No,Home/Furniture,472,Low
C02821,20,Employed,67220.0,711.0,4,345,No,Home/Furniture,330,Low
C02822,51,Student,15006.0,619.0,1,152,No,Electronics,509,Low
C02823,64,Employed,95755.0,726.0,5,670,No,Home/Furniture,385,Low
C02824,22,Student,13202.0,637.0,7,886,No,Fashion,109,High
C02825,64,Employed,121850.0,730.0,3,417,No,Electronics,401,Low
C02826,41,Employed,71668.0,570.0,1,143,No,Groceries/Essentials,16,Low
C02827,59,Employed,22762.0,695.0,0,0,No,Fashion,109,Low
C02828,43,Employed,92337.0,739.0,6,613,No,Home/Furniture,529,Low
C02829,33,Student,16468.0,661.0,3,73,No,Electronics,357,Low
C02830,45,Employed,66545.0,613.0,5,626,No,Fashion,22,Low
C02831,24,Freelancer,48611.0,638.0,2,206,Yes,Travel,788,Low
C02832,28,Freelancer,47091.0,587.0,1,203,No,Fashion,129,Low
C02833,64,Student,14431.0,525.0,3,391,Yes,Electronics,724,Medium
C02834,20,Employed,56497.0,754.0,4,255,No,Fashion,107,Low
C02835,61,Employed,93983.0,697.0,1,209,Yes,Home/Furniture,388,Low
C02836,26,Unemployed,5000.0,694.0,1,119,No,Fashion,170,Low
C02837,46,Employed,100594.0,702.0,5,860,No,Fashion,122,Low
C02838,18,Employed,46165.0,747.0,2,283,No,Electronics,359,Low
C02839,48,Employed,65748.0,688.0,3,286,No,Travel,696,Low
C02840,24,Student,12582.0,594.0,3,370,Yes,Home/Furniture,298,Medium
C02841,48,Employed,110488.0,644.0,0,0,No,Fashion,86,Low
C02842,46,Employed,63818.0,712.0,0,0,No,Fashion,146,Low
C02843,49,Student,15294.0,656.0,1,157,No,Groceries/Essentials,30,Low
C02844,59,Freelancer,21332.0,616.0,3,482,No,Electronics,415,Low
C02845,21,Student,19782.0,680.0,3,616,No,Travel,890,Medium
C02846,62,Employed,84063.0,751.0,2,232,No,Home/Furniture,55,Low
C02847,50,Employed,89773.0,651.0,1,86,Yes,Fashion,78,Low
C02848,19,Employed,71675.0,635.0,1,186,Yes,Electronics,307,Low
C02849,20,Freelancer,66863.0,729.0,1,21,No,Fashion,120,Low
C02850,30,Student,8142.0,498.0,0,0,Yes,Electronics,602,Low
C02851,31,Employed,30791.0,701.0,1,148,No,Electronics,394,Low
C02852,22,Freelancer,39461.0,750.0,3,578,No,Home/Furniture,489,Low
C02853,54,Employed,93343.0,687.0,3,474,No,Travel,1013,Low
C02854,23,Unemployed,15839.0,542.0,2,326,Yes,Travel,933,Medium
C02855,52,Employed,73284.0,725.0,3,752,No,Fashion,134,Low
C02856,25,Employed,95408.0,684.0,1,231,No,Travel,1213,Low
C02857,23,Employed,53201.0,650.0,0,0,No,Fashion,75,Low
C02858,25,Employed,82374.0,782.0,1,165,No,Electronics,680,Low
C02859,28,Employed,99093.0,741.0,1,198,No,Fashion,22,Low
C02860,43,Student,13983.0,464.0,4,674,Yes,Electronics,705,High
C02861,35,Employed,77063.0,695.0,5,304,No,Home/Furniture,458,Low
C02862,20,Employed,74573.0,735.0,1,104,No,Electronics,438,Low
C02863,32,Freelancer,63188.0,,1,163,No,Electronics,791,Low
C02864,35,Employed,51553.0,620.0,2,415,No,Electronics,397,Low
C02865,25,Freelancer,32183.0,702.0,2,225,No,Travel,544,Low
C02866,64,Employed,67072.0,710.0,1,52,No,Electronics,407,Low
C02867,23,Student,19908.0,550.0,4,499,No,Electronics,516,Low
C02868,23,Student,22212.0,551.0,7,929,No,Travel,558,Medium
C02869,25,Freelancer,38333.0,622.0,2,248,No,Electronics,405,Low
C02870,32,Employed,70764.0,663.0,6,946,No,Fashion,80,Low
C02871,30,Freelancer,58935.0,543.0,2,180,No,Fashion,138,Low
C02872,29,Freelancer,28175.0,681.0,0,0,No,Electronics,554,Low
C02873,20,Employed,63351.0,703.0,5,791,No,Fashion,191,Low
C02874,64,Employed,,674.0,3,754,No,Fashion,18,Low
C02875,32,Employed,100143.0,602.0,0,0,No,Fashion,107,Low
C02876,20,Unemployed,5000.0,623.0,2,320,No,Fashion,91,High
C02877,39,Unemployed,9066.0,479.0,4,471,Yes,Fashion,152,High
C02878,21,Employed,45795.0,686.0,1,92,Yes,Electronics,463,Low
C02879,19,Unemployed,5000.0,607.0,3,539,No,Electronics,132,High
C02880,32,Freelancer,83235.0,571.0,1,81,No,Fashion,43,Low
C02881,31,Employed,85598.0,698.0,1,218,No,Electronics,422,Low
C02882,33,Employed,59187.0,650.0,3,122,No,Home/Furniture,500,Low
C02883,25,Student,13731.0,574.0,4,465,No,Fashion,88,Low
C02884,18,Freelancer,42702.0,690.0,4,657,No,Electronics,373,Low
C02885,20,Student,13937.0,662.0,0,0,No,Electronics,402,Low
C02886,19,Unemployed,5000.0,616.0,3,418,No,Fashion,70,High
C02887,45,Unemployed,13873.0,487.0,2,275,Yes,Fashion,136,Medium
C02888,40,Employed,86372.0,754.0,0,0,No,Electronics,568,Low
C02889,32,Student,10192.0,540.0,5,452,Yes,Home/Furniture,313,High
C02890,31,Employed,60720.0,645.0,1,164,No,Home/Furniture,325,Low
C02891,32,Unemployed,20500.0,395.0,9,1349,Yes,Fashion,127,High
C02892,18,Employed,63585.0,721.0,1,147,Yes,Electronics,543,Low
C02893,34,Employed,74030.0,767.0,7,1135,No,Travel,564,Low
C02894,48,Employed,64982.0,697.0,2,138,No,Home/Furniture,354,Low
C02895,32,Student,13442.0,683.0,2,431,Yes,Travel,984,Medium
C02896,20,Freelancer,100574.0,691.0,1,196,No,Electronics,394,Low
C02897,33,Student,16785.0,607.0,3,501,No,Travel,649,Low
C02898,20,Student,8940.0,606.0,1,117,No,Electronics,482,Low
C02899,32,Student,8201.0,553.0,2,300,No,Home/Furniture,432,Medium
C02900,22,Student,10978.0,676.0,0,0,No,Home/Furniture,423,Low
C02901,23,Student,15084.0,566.0,2,206,Yes,Fashion,94,Low
C02902,56,Employed,48553.0,745.0,1,179,No,Fashion,132,Low
C02903,48,Employed,102222.0,609.0,3,167,No,Fashion,123,Low
C02904,22,Employed,58620.0,724.0,2,227,No,Fashion,115,Low
C02905,40,Employed,98114.0,634.0,2,274,No,Home/Furniture,367,Low
C02906,54,Employed,68081.0,813.0,2,75,No,Fashion,59,Low
C02907,23,Employed,33452.0,782.0,1,298,No,Electronics,492,Low
C02908,43,Employed,115656.0,804.0,0,0,No,Groceries/Essentials,41,Low
C02909,30,Student,13638.0,505.0,4,851,Yes,Fashion,147,High
C02910,49,Employed,66348.0,752.0,1,158,No,Electronics,459,Low
C02911,34,Unemployed,5000.0,541.0,2,289,No,Travel,763,High
C02912,50,Employed,82428.0,673.0,1,172,No,Fashion,87,Low
C02913,27,Employed,68553.0,703.0,5,444,No,Electronics,412,Low
C02914,26,Employed,55136.0,628.0,1,163,No,Fashion,102,Low
C02915,22,Employed,82535.0,652.0,1,179,No,Groceries/Essentials,64,Low
C02916,50,Employed,112768.0,654.0,4,629,No,Fashion,150,Low
C02917,28,Employed,69862.0,739.0,5,538,No,Electronics,503,Low
C02918,22,Employed,44466.0,627.0,5,358,No,Fashion,46,Low
C02919,31,Employed,107607.0,772.0,3,312,No,Fashion,80,Low
C02920,58,Freelancer,76950.0,656.0,0,0,No,Travel,943,Low
C02921,39,Employed,62242.0,617.0,1,75,No,Fashion,114,Low
C02922,37,Employed,56492.0,707.0,3,569,No,Home/Furniture,278,Low
C02923,19,Employed,68525.0,,1,109,No,Home/Furniture,549,Low
C02924,23,Employed,56719.0,698.0,2,318,No,Electronics,571,Low
C02925,40,Employed,29378.0,679.0,3,569,No,Electronics,730,Low
C02926,63,Employed,89747.0,735.0,2,216,No,Electronics,422,Low
C02927,31,Employed,74879.0,780.0,4,922,No,Electronics,591,Low
C02928,18,Employed,48980.0,643.0,1,124,No,Fashion,97,Low
C02929,27,Freelancer,98591.0,668.0,0,0,No,Electronics,544,Low
C02930,27,Employed,63198.0,684.0,1,156,No,Electronics,524,Low
C02931,26,Employed,57870.0,619.0,3,432,No,Fashion,10,Low
C02932,20,Employed,,707.0,1,124,No,Fashion,43,Low
C02933,21,Freelancer,51482.0,651.0,2,312,No,Fashion,75,Low
C02934,43,Freelancer,56379.0,661.0,4,661,Yes,Fashion,111,Low
C02935,33,Employed,104734.0,782.0,2,187,No,Fashion,165,Low
C02936,48,Employed,49539.0,713.0,2,191,No,Fashion,94,Low
C02937,23,Freelancer,84831.0,603.0,1,132,Yes,Fashion,131,Low
C02938,18,Employed,,676.0,1,176,No,Home/Furniture,290,Low
C02939,39,Unemployed,5000.0,566.0,7,693,Yes,Travel,1000,High
C02940,44,Freelancer,57894.0,710.0,6,972,No,Home/Furniture,589,Low
C02941,25,Employed,61491.0,672.0,2,132,No,Electronics,681,Low
C02942,47,Employed,77580.0,678.0,0,0,No,Fashion,92,Low
C02943,23,Unemployed,8133.0,532.0,1,174,Yes,Groceries/Essentials,56,Medium
C02944,53,Employed,63084.0,691.0,2,413,No,Fashion,87,Low
C02945,34,Employed,66072.0,765.0,3,588,No,Travel,825,Low
C02946,27,Freelancer,67878.0,631.0,2,150,Yes,Travel,610,Low
C02947,21,Employed,21450.0,627.0,2,272,Yes,Travel,862,Low
C02948,35,Unemployed,8663.0,597.0,1,143,No,Travel,760,Low
C02949,47,Freelancer,23914.0,547.0,4,364,Yes,Electronics,66,Medium
C02950,28,Student,20138.0,544.0,1,82,Yes,Electronics,452,Low
C02951,24,Student,18762.0,529.0,1,180,Yes,Electronics,999,Low
C02952,39,Student,14564.0,437.0,1,167,Yes,Home/Furniture,416,Low
C02953,64,Freelancer,62856.0,587.0,3,569,Yes,Fashion,142,Low
C02954,23,Student,14657.0,629.0,1,145,No,Electronics,501,Low
C02955,39,Freelancer,35581.0,707.0,3,213,No,Electronics,565,Low
C02956,21,Employed,37929.0,667.0,2,320,Yes,Home/Furniture,222,Low
C02957,30,Employed,81403.0,722.0,2,43,No,Home/Furniture,150,Low
C02958,41,Employed,47238.0,714.0,2,274,No,Fashion,122,Low
C02959,63,Student,7468.0,527.0,7,1242,No,Fashion,94,High
C02960,28,Employed,56747.0,730.0,0,0,No,Travel,577,Low
C02961,22,Freelancer,55524.0,691.0,1,157,No,Fashion,100,Low
C02962,32,Employed,75305.0,768.0,6,1084,No,Fashion,104,Low
C02963,36,Unemployed,5000.0,473.0,6,832,Yes,Fashion,142,High
C02964,48,Employed,105235.0,789.0,3,697,No,Fashion,59,Low
C02965,19,Employed,76399.0,708.0,2,296,No,Fashion,98,Low
C02966,39,Employed,73296.0,648.0,2,238,No,Home/Furniture,274,Low
C02967,51,Employed,61297.0,697.0,4,719,No,Fashion,10,Low
C02968,19,Employed,,588.0,1,138,Yes,Electronics,653,Low
C02969,34,Employed,41114.0,732.0,4,556,No,Home/Furniture,329,Low
C02970,40,Student,14717.0,557.0,0,0,Yes,Electronics,655,Low
C02971,42,Employed,88635.0,662.0,3,369,No,Electronics,236,Low
C02972,26,Employed,85605.0,712.0,2,193,No,Fashion,150,Low
C02973,50,Employed,79677.0,731.0,2,249,Yes,Electronics,534,Low
C02974,42,Employed,,648.0,3,357,No,Travel,725,Low
C02975,36,Employed,80305.0,647.0,2,249,No,Fashion,53,Low
C02976,64,Employed,40093.0,644.0,1,124,No,Fashion,113,Low
C02977,52,Employed,79677.0,600.0,1,98,No,Travel,895,Low
C02978,20,Employed,91719.0,661.0,4,726,No,Electronics,376,Low
C02979,29,Employed,79971.0,774.0,3,538,Yes,Home/Furniture,423,Low
C02980,62,Freelancer,63479.0,599.0,2,392,No,Electronics,493,Low
C02981,24,Freelancer,26565.0,673.0,4,851,No,Travel,1079,Low
C02982,25,Employed,139452.0,783.0,5,768,No,Electronics,605,Low
C02983,28,Employed,83634.0,719.0,1,69,No,Fashion,136,Low
C02984,19,Freelancer,43658.0,488.0,5,806,Yes,Home/Furniture,225,Medium
C02985,22,Employed,96916.0,743.0,2,526,No,Fashion,128,Low
C02986,23,Employed,51846.0,658.0,1,67,Yes,Groceries/Essentials,10,Low
C02987,20,Student,8789.0,529.0,0,0,Yes,Fashion,124,Low
C02988,46,Employed,50703.0,657.0,0,0,No,Electronics,541,Low
C02989,51,Student,20861.0,628.0,2,288,No,Fashion,23,Low
C02990,32,Employed,78519.0,674.0,7,715,No,Fashion,77,Low
C02991,48,Freelancer,51620.0,678.0,0,0,No,Fashion,79,Low
C02992,24,Employed,101028.0,682.0,2,323,No,Home/Furniture,369,Low
C02993,23,Unemployed,5000.0,567.0,1,70,No,Fashion,93,Low
C02994,33,Student,18275.0,585.0,3,449,No,Home/Furniture,318,Low
C02995,28,Freelancer,16606.0,543.0,0,0,Yes,Fashion,107,Low
C02996,25,Employed,88070.0,717.0,0,0,No,Home/Furniture,540,Low
C02997,30,Student,25653.0,686.0,1,194,No,Fashion,155,Low
C02998,62,Freelancer,65066.0,663.0,2,197,No,Fashion,156,Low
C02999,25,Employed,58082.0,699.0,1,132,No,Electronics,422,Low
C03000,40,Freelancer,20115.0,610.0,1,208,No,Fashion,94,Low
C03001,56,Employed,100329.0,697.0,1,129,No,Electronics,724,Low
C03002,63,Employed,41015.0,731.0,1,245,No,Fashion,90,Low
C03003,22,Employed,75084.0,753.0,3,544,No,Electronics,469,Low
C03004,38,Unemployed,5000.0,538.0,4,720,Yes,Home/Furniture,462,High
C03005,22,Student,20750.0,658.0,3,238,No,Fashion,140,Low
C03006,24,Employed,72678.0,717.0,4,720,No,Fashion,96,Low
C03007,19,Student,5000.0,717.0,2,326,No,Travel,688,Medium
C03008,56,Employed,46197.0,686.0,2,204,No,Groceries/Essentials,50,Low
C03009,28,Student,22997.0,646.0,1,150,Yes,Fashion,56,Low
C03010,62,Employed,54300.0,758.0,2,378,No,Home/Furniture,478,Low
C03011,31,Student,15898.0,519.0,2,293,Yes,Electronics,629,Medium
C03012,49,Employed,87684.0,834.0,1,101,No,Home/Furniture,378,Low
C03013,18,Employed,65776.0,735.0,1,174,No,Electronics,250,Low
C03014,62,Employed,99332.0,662.0,1,220,No,Electronics,412,Low
C03015,19,Employed,64070.0,630.0,4,521,No,Electronics,130,Low
C03016,19,Employed,64653.0,623.0,2,169,No,Fashion,103,Low
C03017,43,Student,28188.0,538.0,5,361,Yes,Electronics,577,Medium
C03018,23,Freelancer,43605.0,694.0,1,134,No,Fashion,42,Low
C03019,23,Employed,77124.0,768.0,5,651,No,Travel,763,Low
C03020,60,Employed,45753.0,698.0,5,468,No,Fashion,45,Low
C03021,35,Employed,57728.0,606.0,3,866,No,Fashion,131,Low
C03022,20,Employed,,798.0,4,807,No,Electronics,512,Low
C03023,27,Employed,97386.0,723.0,1,135,No,Groceries/Essentials,70,Low
C03024,24,Employed,49457.0,714.0,1,198,No,Travel,1141,Low
C03025,60,Unemployed,5000.0,510.0,1,205,Yes,Travel,660,High
C03026,34,Employed,71654.0,685.0,4,603,No,Electronics,515,Low
C03027,26,Employed,61776.0,586.0,9,841,No,Groceries/Essentials,61,Low
C03028,42,Employed,73246.0,647.0,6,300,No,Groceries/Essentials,51,Low
C03029,26,Employed,91786.0,685.0,3,375,Yes,Fashion,144,Low
C03030,23,Employed,64521.0,721.0,1,181,No,Fashion,117,Low
C03031,20,Student,11278.0,645.0,3,353,Yes,Travel,872,Medium
C03032,33,Employed,67346.0,,2,333,Yes,Home/Furniture,434,Low
C03033,22,Employed,65220.0,707.0,6,1092,No,Groceries/Essentials,34,Low
C03034,19,Employed,68283.0,705.0,1,74,No,Groceries/Essentials,71,Low
C03035,42,Employed,54117.0,759.0,1,135,Yes,Groceries/Essentials,42,Low
C03036,28,Freelancer,54277.0,636.0,6,739,Yes,Travel,530,Low
C03037,24,Freelancer,64395.0,671.0,5,533,Yes,Fashion,22,Low
C03038,41,Employed,73842.0,619.0,1,110,No,Electronics,728,Low
C03039,54,Employed,102532.0,751.0,1,82,No,Home/Furniture,489,Low
C03040,34,Employed,78801.0,752.0,2,191,No,Fashion,142,Low
C03041,41,Employed,55744.0,643.0,4,781,Yes,Fashion,120,Low
C03042,38,Student,19904.0,706.0,3,424,Yes,Home/Furniture,320,Low
C03043,29,Freelancer,70869.0,714.0,2,302,Yes,Fashion,65,Low
C03044,50,Freelancer,88526.0,745.0,1,124,Yes,Electronics,673,Low
C03045,28,Employed,84134.0,688.0,0,0,No,Electronics,558,Low
C03046,60,Employed,78181.0,700.0,2,297,No,Electronics,602,Low
C03047,19,Unemployed,8317.0,550.0,4,764,No,Travel,621,High
C03048,32,Employed,42443.0,818.0,1,155,No,Fashion,42,Low
C03049,22,Employed,69315.0,649.0,1,62,Yes,Fashion,116,Low
C03050,20,Freelancer,51036.0,662.0,0,0,No,Fashion,133,Low
C03051,25,Employed,60055.0,709.0,7,1331,Yes,Groceries/Essentials,106,Medium
C03052,32,Freelancer,95148.0,555.0,2,241,Yes,Home/Furniture,373,Low
C03053,58,Employed,44682.0,717.0,1,195,No,Fashion,154,Low
C03054,42,Freelancer,51635.0,656.0,1,81,No,Fashion,66,Low
C03055,42,Employed,58292.0,640.0,2,278,No,Fashion,76,Low
C03056,58,Freelancer,57510.0,634.0,7,1496,No,Fashion,132,Medium
C03057,24,Employed,113217.0,723.0,1,166,No,Electronics,544,Low
C03058,33,Employed,56980.0,692.0,0,0,No,Electronics,315,Low
C03059,42,Employed,38344.0,668.0,1,212,No,Electronics,364,Low
C03060,38,Employed,63788.0,712.0,2,285,No,Electronics,276,Low
C03061,64,Freelancer,54319.0,584.0,2,328,No,Fashion,77,Low
C03062,47,Employed,60135.0,646.0,2,108,No,Groceries/Essentials,57,Low
C03063,48,Student,10162.0,554.0,1,205,No,Electronics,385,Low
C03064,42,Employed,75782.0,739.0,4,606,No,Fashion,206,Low
C03065,50,Employed,72438.0,694.0,2,266,No,Fashion,99,Low
C03066,55,Student,12426.0,532.0,2,298,Yes,Fashion,153,Medium
C03067,47,Freelancer,83071.0,755.0,1,153,No,Electronics,601,Low
C03068,30,Employed,106716.0,,6,1483,No,Fashion,72,Low
C03069,41,Freelancer,25941.0,669.0,0,0,Yes,Electronics,519,Low
C03070,23,Employed,51027.0,652.0,3,586,No,Fashion,87,Low
C03071,18,Employed,54800.0,718.0,5,755,No,Fashion,84,Low
C03072,64,Unemployed,17124.0,480.0,2,191,Yes,Electronics,520,Medium
C03073,27,Employed,72886.0,696.0,1,182,No,Fashion,71,Low
C03074,24,Freelancer,18857.0,494.0,3,387,Yes,Travel,817,Low
C03075,22,Employed,49745.0,613.0,2,280,Yes,Fashion,160,Low
C03076,54,Student,19794.0,599.0,0,0,No,Travel,1100,Low
C03077,27,Freelancer,6056.0,559.0,4,744,Yes,Fashion,99,High
C03078,30,Freelancer,127688.0,676.0,7,573,No,Groceries/Essentials,58,Low
C03079,60,Student,12364.0,711.0,4,636,No,Home/Furniture,387,Medium
C03080,18,Freelancer,83933.0,717.0,1,137,No,Travel,744,Low
C03081,28,Student,15079.0,480.0,1,251,No,Electronics,653,Low
C03082,56,Employed,,758.0,2,76,No,Fashion,50,Low
C03083,28,Employed,54849.0,736.0,2,309,No,Fashion,67,Low
C03084,19,Student,24216.0,560.0,3,533,Yes,Travel,787,Medium
C03085,47,Freelancer,81963.0,564.0,5,778,Yes,Groceries/Essentials,74,Low
C03086,20,Freelancer,35042.0,701.0,3,445,No,Fashion,99,Low
C03087,28,Employed,77478.0,715.0,2,320,No,Travel,1048,Low
C03088,40,Freelancer,25028.0,679.0,1,199,No,Travel,868,Low
C03089,23,Student,14162.0,574.0,1,129,No,Electronics,477,Low
C03090,22,Employed,85703.0,718.0,2,254,No,Travel,746,Low
C03091,39,Employed,,,7,1051,No,Fashion,95,Low
C03092,18,Employed,96138.0,687.0,5,862,No,Home/Furniture,403,Low
C03093,63,Student,18922.0,693.0,1,237,No,Groceries/Essentials,72,Low
C03094,59,Employed,64146.0,610.0,1,257,No,Electronics,728,Low
C03095,40,Freelancer,34360.0,654.0,3,456,No,Home/Furniture,482,Low
C03096,18,Employed,53465.0,731.0,3,312,No,Fashion,64,Low
C03097,33,Student,23705.0,531.0,2,299,No,Electronics,435,Low
C03098,26,Employed,90447.0,686.0,2,355,No,Electronics,739,Low
C03099,42,Employed,45412.0,741.0,6,903,No,Travel,620,Low
C03100,36,Student,12383.0,564.0,2,406,No,Home/Furniture,174,Low
C03101,53,Student,10347.0,540.0,0,0,Yes,Travel,736,Low
C03102,18,Employed,59302.0,702.0,8,1154,No,Electronics,348,Low
C03103,51,Employed,67311.0,726.0,3,602,No,Fashion,43,Low
C03104,55,Employed,80239.0,762.0,2,421,No,Fashion,153,Low
C03105,40,Unemployed,9456.0,603.0,1,114,No,Fashion,122,Low
C03106,20,Employed,51509.0,677.0,2,276,No,Fashion,102,Low
C03107,42,Employed,120611.0,661.0,2,257,No,Fashion,45,Low
C03108,38,Employed,68931.0,691.0,4,698,No,Home/Furniture,288,Low
C03109,23,Employed,38910.0,691.0,5,409,No,Travel,580,Low
C03110,18,Employed,66714.0,628.0,2,134,Yes,Home/Furniture,574,Low
C03111,29,Employed,79618.0,663.0,7,609,No,Electronics,558,Low
C03112,24,Freelancer,,,0,0,No,Home/Furniture,282,Low
C03113,18,Student,15839.0,513.0,2,249,No,Electronics,556,Low
C03114,28,Employed,44739.0,664.0,6,525,No,Groceries/Essentials,45,Low
C03115,33,Employed,79477.0,734.0,6,624,No,Fashion,79,Low
C03116,30,Employed,39096.0,755.0,7,1281,No,Electronics,811,Low
C03117,31,Student,7085.0,552.0,1,65,No,Fashion,98,Low
C03118,27,Student,9515.0,529.0,2,371,Yes,Electronics,428,High
C03119,56,Employed,75727.0,652.0,2,406,No,Electronics,224,Low
C03120,38,Student,12158.0,584.0,2,295,Yes,Home/Furniture,342,Low
C03121,34,Unemployed,5000.0,694.0,2,530,No,Electronics,578,High
C03122,21,Employed,63700.0,739.0,2,200,No,Electronics,509,Low
C03123,47,Employed,51716.0,589.0,6,872,Yes,Fashion,71,Medium
C03124,35,Student,16698.0,736.0,2,282,Yes,Electronics,464,Low
C03125,25,Employed,64785.0,744.0,1,129,No,Fashion,100,Low
C03126,54,Freelancer,84302.0,681.0,3,575,No,Electronics,719,Low
C03127,43,Employed,49582.0,704.0,3,440,No,Fashion,10,Low
C03128,44,Employed,71367.0,673.0,2,517,Yes,Electronics,711,Low
C03129,26,Employed,79647.0,721.0,2,318,No,Fashion,80,Low
C03130,52,Unemployed,5000.0,525.0,0,0,Yes,Groceries/Essentials,29,Low
C03131,20,Freelancer,43581.0,678.0,2,314,No,Electronics,799,Low
C03132,33,Employed,71202.0,685.0,1,148,No,Fashion,110,Low
C03133,41,Student,16846.0,706.0,3,575,No,Electronics,414,Low
C03134,22,Employed,82485.0,715.0,4,522,No,Groceries/Essentials,38,Low
C03135,32,Employed,109612.0,655.0,1,244,No,Fashion,56,Low
C03136,46,Employed,89451.0,680.0,2,146,No,Home/Furniture,302,Low
C03137,34,Employed,61568.0,768.0,2,360,No,Electronics,610,Low
C03138,45,Employed,78517.0,735.0,9,1196,No,Travel,1094,Low
C03139,23,Freelancer,54724.0,696.0,5,1324,No,Fashion,115,Low
C03140,51,Employed,61583.0,620.0,3,626,No,Home/Furniture,362,Low
C03141,54,Employed,59228.0,654.0,3,504,No,Electronics,653,Low
C03142,32,Student,13131.0,587.0,2,283,No,Electronics,202,Low
C03143,21,Employed,57408.0,604.0,3,528,No,Electronics,750,Low
C03144,24,Student,15929.0,656.0,6,1128,Yes,Electronics,367,High
C03145,48,Employed,72517.0,686.0,2,18,No,Electronics,548,Low
C03146,45,Employed,69017.0,684.0,1,128,No,Fashion,94,Low
C03147,48,Employed,,745.0,5,777,No,Fashion,49,Low
C03148,20,Freelancer,24933.0,705.0,7,0,No,Groceries/Essentials,73,Low
C03149,23,Freelancer,62954.0,648.0,1,110,Yes,Fashion,125,Low
C03150,20,Employed,94427.0,728.0,3,342,No,Electronics,601,Low
C03151,29,Employed,58749.0,679.0,2,394,No,Electronics,715,Low
C03152,39,Employed,,608.0,2,209,No,Fashion,124,Low
C03153,23,Employed,55720.0,667.0,0,0,No,Home/Furniture,400,Low
C03154,20,Employed,48825.0,700.0,0,0,No,Home/Furniture,396,Low
C03155,30,Employed,59476.0,632.0,2,378,No,Electronics,648,Low
C03156,54,Student,19564.0,707.0,2,372,No,Electronics,671,Low
C03157,22,Employed,94227.0,736.0,2,404,Yes,Fashion,26,Low
C03158,19,Student,28266.0,573.0,1,101,No,Electronics,565,Low
C03159,24,Employed,46739.0,743.0,3,600,No,Electronics,388,Low
C03160,32,Employed,64881.0,732.0,4,591,Yes,Electronics,575,Low
C03161,29,Employed,71469.0,708.0,1,94,No,Electronics,357,Low
C03162,24,Freelancer,84697.0,647.0,5,826,No,Electronics,485,Low
C03163,19,Employed,108071.0,649.0,3,585,No,Electronics,591,Low
C03164,43,Employed,52609.0,628.0,1,195,Yes,Fashion,126,Low
C03165,21,Employed,70331.0,797.0,2,288,No,Home/Furniture,458,Low
C03166,18,Employed,75389.0,743.0,3,270,No,Electronics,464,Low
C03167,20,Freelancer,53440.0,720.0,3,405,No,Home/Furniture,340,Low
C03168,25,Student,19560.0,565.0,0,0,Yes,Travel,732,Low
C03169,23,Unemployed,26128.0,486.0,3,304,Yes,Electronics,429,Medium
C03170,30,Employed,32340.0,684.0,2,310,Yes,Fashion,16,Low
C03171,21,Employed,107544.0,632.0,1,124,Yes,Fashion,59,Low
C03172,21,Student,17776.0,569.0,7,1016,Yes,Home/Furniture,232,High
C03173,61,Employed,71425.0,728.0,5,332,No,Electronics,913,Low
C03174,37,Freelancer,25977.0,755.0,1,190,No,Electronics,647,Low
C03175,43,Employed,73152.0,703.0,5,881,No,Fashion,78,Low
C03176,50,Employed,55649.0,695.0,2,243,No,Fashion,128,Low
C03177,54,Employed,105292.0,749.0,6,1255,No,Travel,862,Low
C03178,55,Freelancer,54482.0,713.0,2,386,No,Electronics,583,Low
C03179,18,Employed,84970.0,719.0,3,505,No,Fashion,142,Low
C03180,30,Employed,99404.0,607.0,2,312,No,Fashion,131,Low
C03181,18,Student,15026.0,438.0,10,976,Yes,Fashion,139,High
C03182,24,Employed,56769.0,712.0,5,1197,No,Electronics,747,Low
C03183,19,Freelancer,11270.0,646.0,0,0,Yes,Electronics,789,Low
C03184,34,Freelancer,57833.0,713.0,4,443,No,Fashion,76,Low
C03185,21,Student,14202.0,653.0,2,346,No,Fashion,102,Low
C03186,38,Student,12597.0,406.0,3,312,Yes,Electronics,528,Medium
C03187,39,Freelancer,102919.0,621.0,1,86,Yes,Fashion,84,Low
C03188,55,Freelancer,53316.0,574.0,3,452,Yes,Travel,840,Low
C03189,47,Employed,87729.0,734.0,5,545,No,Home/Furniture,340,Low
C03190,28,Employed,92221.0,605.0,6,733,No,Home/Furniture,401,Low
C03191,18,Student,13029.0,671.0,6,960,No,Fashion,102,High
C03192,45,Student,9235.0,749.0,1,114,No,Travel,671,Low
C03193,23,Employed,60286.0,683.0,3,470,No,Home/Furniture,364,Low
C03194,60,Freelancer,59117.0,623.0,2,227,No,Electronics,610,Low
C03195,32,Student,11655.0,657.0,1,122,No,Fashion,82,Low
C03196,50,Employed,62792.0,726.0,9,896,Yes,Fashion,85,Medium
C03197,19,Student,5644.0,,2,435,Yes,Groceries/Essentials,80,High
C03198,36,Freelancer,49336.0,678.0,0,0,No,Fashion,97,Low
C03199,33,Employed,70007.0,659.0,1,235,No,Groceries/Essentials,45,Low
C03200,24,Freelancer,31065.0,686.0,1,198,No,Travel,942,Low
C03201,26,Student,12401.0,,2,354,No,Home/Furniture,198,Low
C03202,31,Freelancer,92346.0,660.0,5,826,No,Fashion,190,Low
C03203,46,Freelancer,82372.0,582.0,2,460,No,Fashion,122,Low
C03204,33,Employed,70853.0,687.0,2,285,No,Electronics,656,Low
C03205,32,Freelancer,64670.0,680.0,3,512,No,Home/Furniture,348,Low
C03206,54,Employed,100783.0,572.0,2,416,No,Home/Furniture,239,Low
C03207,54,Employed,66140.0,661.0,1,237,No,Fashion,147,Low
C03208,60,Employed,78154.0,597.0,2,100,Yes,Groceries/Essentials,30,Low
C03209,25,Student,15309.0,608.0,2,265,Yes,Travel,918,Low
C03210,60,Freelancer,73412.0,595.0,1,192,No,Fashion,121,Low
C03211,36,Employed,104358.0,770.0,2,185,No,Fashion,125,Low
C03212,44,Employed,84564.0,703.0,1,156,No,Travel,602,Low
C03213,34,Student,12089.0,720.0,6,914,No,Fashion,27,High
C03214,29,Employed,60715.0,679.0,5,750,No,Travel,812,Low
C03215,33,Employed,50775.0,655.0,3,608,No,Home/Furniture,387,Low
C03216,18,Employed,58019.0,761.0,1,277,No,Groceries/Essentials,63,Low
C03217,35,Employed,91195.0,577.0,4,891,No,Travel,1021,Low
C03218,41,Student,22707.0,697.0,4,654,No,Electronics,776,Low
C03219,38,Employed,75394.0,655.0,2,444,No,Electronics,461,Low
C03220,46,Student,16271.0,669.0,9,1292,No,Electronics,534,High
C03221,48,Student,6293.0,554.0,1,183,No,Electronics,537,Low
C03222,64,Student,15157.0,643.0,1,162,No,Fashion,129,Low
C03223,29,Freelancer,28630.0,711.0,3,198,No,Fashion,68,Low
C03224,44,Employed,64380.0,695.0,1,119,No,Fashion,86,Low
C03225,29,Employed,61879.0,609.0,3,558,Yes,Fashion,109,Low
C03226,43,Freelancer,,577.0,4,744,No,Electronics,621,Medium
C03227,21,Employed,50199.0,736.0,1,60,No,Electronics,453,Low
C03228,28,Freelancer,39983.0,670.0,3,463,No,Home/Furniture,411,Low
C03229,26,Student,9044.0,690.0,0,0,No,Home/Furniture,277,Low
C03230,32,Employed,88970.0,733.0,4,461,No,Travel,783,Low
C03231,34,Employed,89943.0,742.0,3,615,No,Home/Furniture,174,Low
C03232,43,Employed,41052.0,627.0,0,0,Yes,Groceries/Essentials,60,Low
C03233,40,Freelancer,53450.0,643.0,2,331,No,Travel,751,Low
C03234,19,Student,9638.0,602.0,4,709,No,Travel,818,High
C03235,19,Employed,41984.0,698.0,3,413,No,Electronics,271,Low
C03236,53,Unemployed,24540.0,548.0,3,527,Yes,Travel,991,Medium
C03237,30,Employed,93380.0,665.0,4,774,No,Home/Furniture,367,Low
C03238,22,Student,7980.0,513.0,3,692,Yes,Fashion,73,High
C03239,30,Employed,80120.0,657.0,4,1106,No,Fashion,141,Low
C03240,37,Employed,50716.0,633.0,2,438,Yes,Fashion,109,Low
C03241,32,Employed,73488.0,732.0,1,136,No,Home/Furniture,413,Low
C03242,26,Employed,63692.0,726.0,2,284,No,Electronics,425,Low
C03243,26,Freelancer,49701.0,672.0,3,351,No,Fashion,83,Low
C03244,54,Employed,91709.0,770.0,8,1180,Yes,Travel,1188,Medium
C03245,38,Employed,64162.0,724.0,0,0,No,Fashion,154,Low
C03246,39,Employed,94301.0,700.0,2,327,No,Electronics,511,Low
C03247,43,Employed,49947.0,672.0,1,178,No,Electronics,439,Low
C03248,34,Employed,92885.0,626.0,3,366,No,Home/Furniture,239,Low
C03249,38,Employed,92394.0,636.0,6,1079,No,Groceries/Essentials,86,Low
C03250,59,Unemployed,5000.0,547.0,1,161,Yes,Fashion,157,Medium
C03251,29,Student,18121.0,600.0,1,120,No,Groceries/Essentials,50,Low
C03252,23,Freelancer,66125.0,555.0,3,532,No,Home/Furniture,394,Low
C03253,64,Employed,86126.0,795.0,2,378,No,Home/Furniture,437,Low
C03254,18,Employed,63890.0,697.0,1,190,No,Electronics,678,Low
C03255,24,Student,16889.0,679.0,3,594,No,Fashion,81,Low
C03256,32,Employed,55733.0,720.0,3,278,No,Travel,727,Low
C03257,26,Freelancer,52299.0,608.0,2,388,Yes,Electronics,778,Low
C03258,49,Student,16610.0,583.0,1,96,No,Electronics,570,Low
C03259,59,Freelancer,,778.0,2,235,No,Fashion,96,Low
C03260,20,Student,11159.0,723.0,1,144,No,Electronics,328,Low
C03261,48,Student,15475.0,564.0,5,1059,Yes,Fashion,108,High
C03262,46,Freelancer,43436.0,675.0,1,214,No,Electronics,481,Low
C03263,24,Student,9163.0,724.0,2,543,No,Fashion,31,Medium
C03264,48,Student,10471.0,672.0,3,424,No,Home/Furniture,282,Low
C03265,28,Employed,52720.0,747.0,2,221,No,Home/Furniture,399,Low
C03266,38,Employed,88631.0,717.0,4,618,No,Home/Furniture,442,Low
C03267,18,Freelancer,27564.0,613.0,0,0,Yes,Fashion,103,Low
C03268,20,Employed,109797.0,686.0,2,311,No,Electronics,530,Low
C03269,44,Employed,79029.0,665.0,3,317,No,Electronics,645,Low
C03270,24,Employed,74806.0,676.0,2,315,No,Fashion,129,Low
C03271,32,Employed,74322.0,742.0,1,200,No,Fashion,82,Low
C03272,24,Employed,,648.0,2,317,No,Electronics,603,Low
C03273,28,Employed,80404.0,809.0,2,273,No,Fashion,58,Low
C03274,53,Student,20136.0,573.0,2,363,No,Home/Furniture,426,Low
C03275,60,Student,,573.0,2,177,No,Travel,892,Low
C03276,30,Student,,735.0,1,155,No,Fashion,76,Low
C03277,38,Employed,31364.0,786.0,1,71,No,Groceries/Essentials,61,Low
C03278,40,Student,20663.0,767.0,1,104,No,Fashion,73,Low
C03279,23,Employed,61728.0,691.0,1,156,No,Fashion,138,Low
C03280,22,Employed,86434.0,762.0,1,38,No,Groceries/Essentials,58,Low
C03281,32,Freelancer,76758.0,615.0,1,175,No,Fashion,150,Low
C03282,18,Freelancer,73283.0,703.0,3,624,No,Electronics,297,Low
C03283,51,Freelancer,84038.0,593.0,4,270,No,Electronics,498,Low
C03284,22,Employed,38716.0,638.0,1,159,No,Fashion,22,Low
C03285,21,Student,12962.0,621.0,4,573,No,Fashion,160,Medium
C03286,37,Freelancer,51383.0,660.0,3,708,No,Fashion,98,Low
C03287,28,Student,15004.0,486.0,5,815,Yes,Fashion,26,High
C03288,59,Employed,43784.0,658.0,1,185,No,Electronics,407,Low
C03289,59,Freelancer,90864.0,603.0,2,169,No,Fashion,68,Low
C03290,21,Employed,77232.0,755.0,2,90,No,Fashion,136,Low
C03291,29,Employed,54435.0,732.0,1,215,No,Travel,540,Low
C03292,34,Student,10371.0,544.0,3,478,Yes,Fashion,131,High
C03293,20,Employed,58368.0,663.0,6,903,Yes,Electronics,419,Low
C03294,29,Student,12756.0,593.0,5,792,Yes,Fashion,177,High
C03295,50,Employed,66976.0,701.0,1,101,No,Travel,874,Low
C03296,43,Employed,96755.0,646.0,2,358,No,Electronics,337,Low
C03297,20,Freelancer,51954.0,707.0,1,167,No,Travel,470,Low
C03298,50,Employed,67086.0,770.0,1,185,No,Fashion,126,Low
C03299,18,Employed,82484.0,629.0,1,191,No,Electronics,514,Low
C03300,45,Employed,61881.0,742.0,2,278,No,Travel,1086,Low
C03301,20,Employed,75676.0,662.0,3,618,No,Electronics,579,Low
C03302,33,Employed,69547.0,671.0,3,682,No,Home/Furniture,397,Low
C03303,31,Student,5743.0,609.0,3,221,Yes,Electronics,497,Medium
C03304,29,Freelancer,35308.0,621.0,1,248,Yes,Electronics,499,Low
C03305,38,Student,20495.0,542.0,2,500,Yes,Travel,877,Low
C03306,40,Employed,89633.0,736.0,2,322,No,Fashion,67,Low
C03307,18,Employed,30348.0,686.0,1,269,No,Fashion,62,Low
C03308,44,Student,14325.0,533.0,1,176,No,Electronics,503,Low
C03309,21,Employed,49185.0,812.0,3,479,No,Groceries/Essentials,55,Low
C03310,40,Employed,87272.0,725.0,1,150,No,Travel,805,Low
C03311,19,Student,24954.0,478.0,1,141,Yes,Electronics,547,Low
C03312,34,Employed,93570.0,741.0,2,66,No,Home/Furniture,397,Low
C03313,26,Student,11413.0,416.0,2,345,Yes,Fashion,109,Medium
C03314,40,Employed,52286.0,634.0,3,362,No,Home/Furniture,422,Low
C03315,19,Employed,5173.0,702.0,5,1179,No,Electronics,601,High
C03316,30,Employed,41430.0,592.0,3,271,No,Electronics,645,Low
C03317,43,Employed,23938.0,689.0,3,337,No,Home/Furniture,326,Low
C03318,36,Employed,79859.0,674.0,1,182,Yes,Fashion,198,Low
C03319,54,Employed,74957.0,738.0,0,0,No,Fashion,164,Low
C03320,32,Employed,108202.0,,2,525,No,Fashion,112,Low
C03321,56,Employed,94804.0,767.0,1,145,No,Electronics,493,Low
C03322,41,Freelancer,44994.0,618.0,2,226,No,Electronics,229,Low
C03323,20,Employed,41169.0,741.0,3,450,No,Groceries/Essentials,49,Low
C03324,43,Employed,52317.0,,4,665,No,Electronics,434,Low
C03325,48,Freelancer,39603.0,669.0,6,1154,Yes,Electronics,481,Medium
C03326,23,Freelancer,52428.0,708.0,4,450,No,Groceries/Essentials,52,Low
C03327,47,Employed,86543.0,650.0,1,138,No,Fashion,80,Low
C03328,18,Student,17280.0,457.0,3,389,Yes,Home/Furniture,568,Medium
C03329,43,Employed,75132.0,697.0,1,80,No,Electronics,569,Low
C03330,35,Employed,69751.0,721.0,5,1288,No,Home/Furniture,525,Low
C03331,32,Student,12096.0,639.0,4,759,No,Electronics,695,High
C03332,42,Student,12242.0,585.0,1,170,No,Fashion,92,Low
C03333,31,Student,,541.0,5,908,No,Electronics,566,Medium
C03334,52,Employed,73424.0,664.0,1,149,No,Electronics,756,Low
C03335,47,Employed,79471.0,642.0,2,251,No,Fashion,29,Low
C03336,57,Employed,104457.0,635.0,5,643,No,Travel,921,Low
C03337,45,Employed,69252.0,703.0,0,0,No,Travel,695,Low
C03338,52,Freelancer,61996.0,616.0,3,457,No,Home/Furniture,235,Low
C03339,22,Employed,,591.0,1,130,No,Fashion,116,Low
C03340,62,Employed,57286.0,654.0,1,182,No,Groceries/Essentials,30,Low
C03341,42,Unemployed,17663.0,476.0,1,292,Yes,Electronics,487,Medium
C03342,43,Employed,57539.0,628.0,3,540,Yes,Electronics,521,Low
C03343,21,Freelancer,46084.0,582.0,1,128,No,Electronics,754,Low
C03344,57,Student,8521.0,522.0,2,363,Yes,Home/Furniture,245,Medium
C03345,20,Employed,59287.0,788.0,8,1035,No,Electronics,531,Low
C03346,35,Employed,61368.0,762.0,0,0,No,Fashion,35,Low
C03347,41,Employed,64486.0,769.0,2,331,No,Fashion,66,Low
C03348,52,Employed,57523.0,730.0,2,387,Yes,Fashion,124,Low
C03349,38,Employed,91382.0,741.0,3,596,No,Travel,759,Low
C03350,28,Employed,67421.0,748.0,0,0,No,Travel,985,Low
C03351,50,Employed,,684.0,2,277,No,Electronics,582,Low
C03352,18,Employed,,698.0,3,609,No,Electronics,563,Low
C03353,19,Freelancer,45285.0,707.0,2,257,No,Electronics,694,Low
C03354,21,Employed,76311.0,721.0,2,184,No,Fashion,185,Low
C03355,43,Employed,77639.0,692.0,2,385,Yes,Electronics,511,Low
C03356,63,Employed,61588.0,711.0,3,401,No,Home/Furniture,442,Low
C03357,21,Unemployed,12653.0,580.0,3,440,No,Home/Furniture,355,Medium
C03358,42,Freelancer,41454.0,561.0,10,2329,No,Travel,500,High
C03359,35,Employed,47615.0,688.0,4,733,Yes,Fashion,100,Low
C03360,37,Employed,63707.0,,2,274,No,Electronics,381,Low
C03361,29,Student,5000.0,580.0,1,193,No,Electronics,535,Low
C03362,19,Employed,62667.0,708.0,1,98,No,Fashion,100,Low
C03363,60,Unemployed,10648.0,582.0,2,407,Yes,Home/Furniture,478,High
C03364,31,Employed,68517.0,638.0,2,203,No,Electronics,648,Low
C03365,42,Employed,70278.0,674.0,2,255,No,Electronics,650,Low
C03366,33,Employed,58970.0,713.0,2,234,Yes,Electronics,572,Low
C03367,21,Freelancer,35943.0,672.0,2,299,No,Fashion,137,Low
C03368,22,Employed,90652.0,685.0,1,218,No,Travel,697,Low
C03369,38,Student,14960.0,606.0,3,254,No,Fashion,84,Low
C03370,30,Employed,96726.0,700.0,1,256,No,Fashion,138,Low
C03371,18,Unemployed,13546.0,589.0,0,0,No,Travel,1007,Low
C03372,44,Freelancer,20588.0,719.0,1,170,No,Home/Furniture,437,Low
C03373,21,Employed,62920.0,692.0,1,137,No,Electronics,513,Low
C03374,36,Employed,74876.0,720.0,1,204,No,Fashion,91,Low
C03375,19,Employed,55002.0,703.0,3,258,No,Fashion,150,Low
C03376,52,Freelancer,95282.0,,7,463,No,Fashion,80,Low
C03377,27,Employed,68082.0,677.0,2,347,No,Home/Furniture,287,Low
C03378,25,Employed,40544.0,711.0,1,153,Yes,Electronics,520,Low
C03379,62,Freelancer,76809.0,652.0,7,1692,No,Groceries/Essentials,64,Low
C03380,61,Employed,77027.0,727.0,3,781,Yes,Home/Furniture,400,Low
C03381,60,Student,,684.0,1,154,No,Home/Furniture,344,Low
C03382,52,Employed,66160.0,695.0,1,144,No,Travel,664,Low
C03383,19,Student,14076.0,693.0,4,867,No,Travel,830,Medium
C03384,55,Freelancer,5000.0,637.0,1,156,No,Fashion,63,Low
C03385,20,Employed,53369.0,771.0,2,422,No,Electronics,294,Low
C03386,63,Employed,42304.0,711.0,6,807,No,Fashion,156,Low
C03387,23,Employed,61843.0,678.0,0,0,Yes,Home/Furniture,361,Low
C03388,23,Unemployed,6941.0,629.0,5,549,Yes,Home/Furniture,434,High
C03389,26,Student,17381.0,611.0,3,472,No,Fashion,85,Low
C03390,23,Employed,79137.0,725.0,1,177,Yes,Electronics,615,Low
C03391,55,Employed,61066.0,801.0,3,376,No,Fashion,87,Low
C03392,21,Employed,95428.0,711.0,1,205,No,Electronics,374,Low
C03393,27,Student,17184.0,633.0,4,724,No,Fashion,93,Low
C03394,29,Freelancer,,620.0,0,0,No,Electronics,282,Low
C03395,39,Student,16848.0,567.0,4,494,No,Home/Furniture,371,Low
C03396,18,Student,15889.0,612.0,0,0,Yes,Electronics,375,Low
C03397,62,Employed,52854.0,635.0,0,0,No,Electronics,380,Low
C03398,40,Employed,87145.0,687.0,1,281,No,Electronics,541,Low
C03399,39,Employed,68008.0,702.0,2,578,No,Home/Furniture,390,Low
C03400,22,Employed,72469.0,684.0,2,171,No,Fashion,123,Low
C03401,47,Employed,70403.0,755.0,3,309,No,Electronics,482,Low
C03402,28,Employed,85740.0,657.0,2,296,No,Home/Furniture,405,Low
C03403,26,Freelancer,,647.0,3,792,Yes,Home/Furniture,523,Low
C03404,31,Employed,81576.0,664.0,1,129,No,Home/Furniture,229,Low
C03405,19,Employed,,674.0,2,303,No,Home/Furniture,561,Low
C03406,36,Student,17986.0,610.0,1,97,Yes,Electronics,470,Low
C03407,30,Employed,46856.0,799.0,3,421,No,Fashion,71,Low
C03408,58,Employed,78220.0,680.0,1,190,No,Groceries/Essentials,73,Low
C03409,19,Student,6398.0,611.0,6,1198,No,Electronics,286,High
C03410,52,Employed,109019.0,710.0,7,917,No,Home/Furniture,336,Low
C03411,19,Unemployed,11825.0,602.0,1,109,Yes,Fashion,59,Low
C03412,22,Freelancer,69229.0,756.0,2,189,No,Home/Furniture,317,Low
C03413,28,Employed,76596.0,640.0,1,120,Yes,Fashion,148,Low
C03414,18,Employed,90110.0,673.0,3,317,No,Home/Furniture,507,Low
C03415,19,Freelancer,96699.0,660.0,2,215,No,Fashion,59,Low
C03416,18,Employed,71134.0,812.0,0,0,Yes,Home/Furniture,218,Low
C03417,46,Student,21088.0,504.0,3,589,Yes,Electronics,553,Medium
C03418,37,Freelancer,97151.0,774.0,0,0,No,Fashion,106,Low
C03419,27,Employed,47585.0,683.0,0,0,No,Home/Furniture,548,Low
C03420,40,Freelancer,49442.0,606.0,3,326,No,Home/Furniture,478,Low
C03421,52,Employed,85287.0,733.0,1,145,No,Groceries/Essentials,62,Low
C03422,23,Employed,,686.0,2,153,No,Travel,875,Low
C03423,25,Employed,108912.0,668.0,2,311,No,Electronics,328,Low
C03424,31,Freelancer,54053.0,652.0,1,63,No,Groceries/Essentials,93,Low
C03425,33,Freelancer,48440.0,671.0,5,1050,No,Home/Furniture,544,Low
C03426,23,Employed,70874.0,699.0,4,851,No,Fashion,99,Low
C03427,28,Student,23556.0,552.0,1,126,Yes,Home/Furniture,471,Low
C03428,25,Employed,58477.0,685.0,2,262,No,Electronics,579,Low
C03429,49,Employed,64438.0,675.0,1,204,No,Fashion,101,Low
C03430,52,Employed,83506.0,758.0,4,338,No,Fashion,121,Low
C03431,39,Freelancer,87588.0,699.0,3,520,No,Fashion,90,Low
C03432,56,Unemployed,18630.0,628.0,0,0,Yes,Electronics,639,Low
C03433,21,Student,15041.0,583.0,3,268,Yes,Electronics,339,Medium
C03434,25,Freelancer,68513.0,666.0,2,300,No,Fashion,92,Low
C03435,21,Employed,55153.0,682.0,2,469,No,Groceries/Essentials,28,Low
C03436,33,Unemployed,19519.0,385.0,3,711,No,Fashion,14,Medium
C03437,49,Employed,37660.0,735.0,2,261,No,Electronics,487,Low
C03438,19,Employed,77943.0,681.0,1,67,No,Fashion,122,Low
C03439,38,Employed,50298.0,732.0,1,206,No,Groceries/Essentials,53,Low
C03440,50,Employed,61104.0,683.0,0,0,No,Fashion,77,Low
C03441,43,Student,7344.0,607.0,2,378,Yes,Fashion,102,High
C03442,40,Unemployed,6398.0,474.0,10,1757,Yes,Home/Furniture,425,High
C03443,53,Student,14927.0,518.0,1,84,No,Electronics,403,Low
C03444,33,Employed,,825.0,1,260,No,Electronics,347,Low
C03445,50,Employed,45516.0,734.0,1,96,No,Fashion,114,Low
C03446,46,Student,12849.0,550.0,4,817,No,Electronics,447,High
C03447,47,Employed,64829.0,836.0,1,117,Yes,Electronics,539,Low
C03448,55,Employed,60504.0,676.0,1,152,No,Electronics,411,Low
C03449,45,Employed,70319.0,744.0,6,833,No,Fashion,114,Low
C03450,64,Employed,84068.0,694.0,0,0,No,Electronics,707,Low
C03451,27,Employed,63824.0,697.0,2,271,No,Electronics,668,Low
C03452,18,Employed,46068.0,846.0,1,269,No,Electronics,281,Low
C03453,28,Employed,60596.0,644.0,1,177,No,Fashion,112,Low
C03454,20,Employed,96021.0,775.0,4,789,No,Electronics,616,Low
C03455,29,Employed,66005.0,702.0,1,177,No,Fashion,130,Low
C03456,43,Employed,43853.0,736.0,3,629,No,Groceries/Essentials,56,Low
C03457,43,Employed,46931.0,676.0,2,436,No,Home/Furniture,288,Low
C03458,48,Employed,,711.0,2,0,Yes,Fashion,95,Low
C03459,31,Freelancer,63942.0,760.0,3,394,No,Electronics,417,Low
C03460,30,Employed,53046.0,705.0,4,479,No,Groceries/Essentials,66,Low
C03461,22,Unemployed,12421.0,533.0,2,330,Yes,Home/Furniture,433,Medium
C03462,42,Freelancer,31006.0,657.0,3,630,No,Fashion,117,Low
C03463,21,Employed,62473.0,710.0,5,575,No,Fashion,127,Low
C03464,43,Employed,77549.0,736.0,2,529,No,Electronics,508,Low
C03465,22,Employed,60233.0,721.0,3,418,No,Fashion,119,Low
C03466,33,Employed,53627.0,624.0,0,0,No,Fashion,133,Low
C03467,52,Employed,31823.0,741.0,1,168,No,Electronics,349,Low
C03468,64,Employed,62582.0,652.0,5,548,No,Fashion,79,Low
C03469,40,Freelancer,67220.0,672.0,3,522,No,Electronics,515,Low
C03470,27,Employed,77959.0,695.0,4,666,No,Fashion,97,Low
C03471,26,Unemployed,13575.0,606.0,7,1671,No,Electronics,664,High
C03472,41,Employed,19475.0,730.0,3,582,No,Electronics,629,Low
C03473,60,Employed,58610.0,695.0,2,122,No,Fashion,121,Low
C03474,18,Employed,59579.0,660.0,2,69,No,Fashion,33,Low
C03475,39,Freelancer,52596.0,579.0,2,235,Yes,Electronics,573,Low
C03476,40,Freelancer,78336.0,612.0,1,114,No,Travel,740,Low
C03477,52,Employed,52877.0,754.0,2,576,No,Electronics,489,Low
C03478,33,Employed,65197.0,694.0,1,200,No,Home/Furniture,439,Low
C03479,47,Freelancer,37314.0,621.0,2,353,No,Fashion,64,Low
C03480,29,Employed,34859.0,773.0,1,266,No,Home/Furniture,521,Low
C03481,19,Freelancer,51537.0,628.0,4,362,No,Fashion,78,Low
C03482,34,Freelancer,,598.0,0,0,Yes,Electronics,367,Low
C03483,18,Freelancer,68379.0,532.0,2,373,Yes,Electronics,698,Low
C03484,45,Employed,51135.0,577.0,1,142,No,Fashion,75,Low
C03485,27,Employed,89663.0,690.0,1,171,No,Home/Furniture,630,Low
C03486,36,Employed,72456.0,667.0,1,125,No,Home/Furniture,336,Low
C03487,50,Employed,83478.0,701.0,1,48,No,Travel,797,Low
C03488,32,Freelancer,,769.0,4,634,No,Fashion,90,Low
C03489,59,Employed,52654.0,715.0,1,58,No,Electronics,397,Low
C03490,60,Student,20850.0,598.0,0,0,Yes,Fashion,99,Low
C03491,19,Employed,86709.0,719.0,1,223,No,Fashion,85,Low
C03492,52,Employed,,749.0,1,91,No,Electronics,745,Low
C03493,24,Freelancer,5000.0,720.0,6,969,No,Fashion,133,High
C03494,28,Freelancer,27644.0,641.0,2,286,Yes,Fashion,180,Low
C03495,26,Employed,55013.0,665.0,4,311,No,Electronics,495,Low
C03496,43,Employed,70906.0,723.0,1,172,No,Electronics,425,Low
C03497,21,Employed,90222.0,,1,175,No,Electronics,350,Low
C03498,43,Employed,58133.0,707.0,2,375,No,Home/Furniture,409,Low
C03499,61,Employed,74286.0,662.0,4,455,No,Fashion,128,Low
C03500,35,Student,13890.0,528.0,5,909,Yes,Electronics,608,High
C03501,58,Employed,67274.0,701.0,1,76,No,Electronics,395,Low
C03502,27,Employed,94519.0,763.0,1,158,No,Electronics,615,Low
C03503,31,Employed,81093.0,732.0,3,355,No,Electronics,546,Low
C03504,30,Student,14543.0,473.0,1,193,Yes,Electronics,325,Low
C03505,21,Student,16520.0,492.0,1,47,Yes,Electronics,537,Low
C03506,42,Freelancer,25898.0,683.0,1,131,No,Fashion,55,Low
C03507,34,Employed,83628.0,765.0,0,0,No,Fashion,121,Low
C03508,44,Employed,48194.0,816.0,4,664,No,Groceries/Essentials,28,Low
C03509,25,Employed,80841.0,701.0,2,163,No,Fashion,77,Low
C03510,30,Employed,36910.0,666.0,1,155,No,Travel,878,Low
C03511,24,Student,22269.0,588.0,1,223,No,Electronics,318,Low
C03512,24,Student,11974.0,598.0,3,100,No,Electronics,423,Low
C03513,33,Employed,,703.0,5,638,No,Electronics,477,Low
C03514,31,Employed,51544.0,655.0,3,437,No,Fashion,133,Low
C03515,60,Employed,71934.0,702.0,1,209,No,Home/Furniture,462,Low
C03516,23,Freelancer,81069.0,566.0,0,0,No,Travel,910,Low
C03517,25,Employed,109534.0,675.0,2,495,No,Fashion,77,Low
C03518,28,Employed,52711.0,697.0,8,1437,No,Fashion,107,Medium
C03519,19,Employed,69602.0,747.0,1,63,No,Fashion,137,Low
C03520,43,Student,14614.0,508.0,1,130,Yes,Electronics,712,Low
C03521,27,Employed,67119.0,693.0,1,228,No,Fashion,69,Low
C03522,52,Freelancer,31964.0,605.0,5,745,No,Travel,765,Low
C03523,34,Employed,81299.0,671.0,3,252,No,Fashion,126,Low
C03524,32,Freelancer,9507.0,573.0,3,269,No,Electronics,475,Low
C03525,57,Freelancer,103139.0,709.0,0,0,No,Fashion,17,Low
C03526,25,Employed,24694.0,594.0,1,136,Yes,Home/Furniture,321,Low
C03527,30,Employed,60025.0,689.0,1,218,No,Fashion,72,Low
C03528,40,Employed,97596.0,745.0,1,193,Yes,Fashion,129,Low
C03529,54,Freelancer,57185.0,537.0,2,416,Yes,Electronics,573,Low
C03530,37,Unemployed,10580.0,410.0,0,0,Yes,Fashion,116,Low
C03531,29,Freelancer,65731.0,686.0,2,369,No,Fashion,107,Low
C03532,62,Employed,59477.0,690.0,2,162,No,Electronics,662,Low
C03533,22,Student,19690.0,543.0,1,138,Yes,Fashion,75,Low
C03534,46,Unemployed,12824.0,428.0,2,257,Yes,Electronics,538,Medium
C03535,28,Employed,68434.0,691.0,3,452,No,Electronics,714,Low
C03536,24,Freelancer,32755.0,576.0,1,91,No,Fashion,124,Low
C03537,35,Employed,41573.0,717.0,3,528,No,Travel,1156,Low
C03538,30,Freelancer,60526.0,660.0,1,111,No,Electronics,387,Low
C03539,48,Unemployed,6982.0,595.0,2,304,No,Electronics,484,Medium
C03540,22,Student,13468.0,701.0,2,228,No,Fashion,129,Low
C03541,23,Employed,64568.0,625.0,1,115,No,Groceries/Essentials,60,Low
C03542,18,Employed,80469.0,633.0,2,202,No,Travel,915,Low
C03543,26,Employed,64988.0,737.0,3,490,No,Electronics,565,Low
C03544,25,Employed,126407.0,,4,711,No,Electronics,656,Low
C03545,24,Employed,67502.0,650.0,4,662,No,Travel,644,Low
C03546,50,Student,6095.0,465.0,1,189,Yes,Fashion,21,Medium
C03547,36,Freelancer,64187.0,671.0,3,458,No,Electronics,748,Low
C03548,36,Student,24963.0,561.0,2,154,Yes,Fashion,76,Low
C03549,44,Student,16232.0,651.0,5,834,No,Electronics,636,Medium
C03550,22,Employed,101026.0,755.0,2,291,No,Electronics,381,Low
C03551,22,Employed,57303.0,590.0,1,171,No,Travel,618,Low
C03552,21,Employed,81301.0,718.0,2,482,No,Groceries/Essentials,20,Low
C03553,28,Employed,31804.0,663.0,1,112,No,Fashion,116,Low
C03554,32,Freelancer,88174.0,669.0,1,197,Yes,Fashion,106,Low
C03555,51,Employed,35644.0,667.0,3,484,No,Groceries/Essentials,75,Low
C03556,32,Employed,72028.0,720.0,5,696,No,Groceries/Essentials,22,Low
C03557,20,Employed,41524.0,619.0,1,237,No,Fashion,141,Low
C03558,41,Freelancer,105005.0,,1,166,No,Travel,853,Low
C03559,18,Freelancer,52122.0,618.0,1,200,No,Fashion,92,Low
C03560,29,Employed,51781.0,782.0,4,1319,No,Electronics,647,Low
C03561,24,Freelancer,72834.0,671.0,1,98,No,Fashion,76,Low
C03562,34,Employed,52733.0,671.0,1,165,No,Electronics,438,Low
C03563,35,Employed,55230.0,728.0,1,191,Yes,Travel,594,Low
C03564,55,Student,11392.0,536.0,2,369,Yes,Electronics,609,Medium
C03565,19,Employed,36225.0,804.0,1,164,No,Travel,997,Low
C03566,60,Employed,53112.0,814.0,3,407,No,Travel,592,Low
C03567,19,Unemployed,20111.0,434.0,3,579,Yes,Travel,768,Medium
C03568,23,Employed,64437.0,676.0,2,442,No,Electronics,610,Low
C03569,29,Freelancer,34234.0,673.0,2,355,No,Travel,935,Low
C03570,18,Employed,73720.0,661.0,6,1083,No,Fashion,139,Low
C03571,52,Freelancer,73918.0,714.0,1,173,No,Travel,719,Low
C03572,24,Employed,29904.0,741.0,4,459,No,Electronics,609,Low
C03573,19,Employed,68402.0,646.0,2,304,No,Fashion,150,Low
C03574,49,Student,12926.0,556.0,5,421,No,Home/Furniture,423,Medium
C03575,28,Employed,70157.0,698.0,1,172,No,Electronics,229,Low
C03576,51,Employed,62068.0,611.0,2,255,No,Travel,925,Low
C03577,32,Freelancer,61621.0,689.0,2,169,No,Fashion,41,Low
C03578,57,Employed,87176.0,669.0,4,634,No,Electronics,519,Low
C03579,18,Student,20040.0,628.0,3,511,No,Fashion,89,Low
C03580,63,Employed,58655.0,785.0,2,140,Yes,Electronics,396,Low
C03581,51,Employed,60606.0,762.0,2,169,No,Fashion,10,Low
C03582,30,Employed,59211.0,764.0,3,453,No,Fashion,103,Low
C03583,58,Employed,115966.0,576.0,2,203,Yes,Fashion,55,Low
C03584,20,Employed,102796.0,765.0,2,396,No,Electronics,586,Low
C03585,18,Employed,76068.0,713.0,1,152,No,Electronics,496,Low
C03586,18,Employed,92353.0,698.0,1,172,No,Fashion,143,Low
C03587,21,Employed,96117.0,736.0,2,331,No,Fashion,103,Low
C03588,43,Freelancer,75658.0,655.0,2,217,No,Electronics,624,Low
C03589,33,Student,12348.0,597.0,0,0,Yes,Electronics,608,Low
C03590,22,Employed,94112.0,682.0,3,638,Yes,Electronics,539,Low
C03591,62,Employed,90201.0,718.0,1,197,No,Electronics,520,Low
C03592,63,Employed,78620.0,715.0,4,899,No,Groceries/Essentials,52,Low
C03593,39,Freelancer,78370.0,688.0,2,303,No,Fashion,83,Low
C03594,21,Student,13941.0,636.0,2,203,Yes,Electronics,453,Low
C03595,55,Employed,68962.0,711.0,1,219,No,Electronics,583,Low
C03596,31,Freelancer,78349.0,651.0,2,290,No,Home/Furniture,314,Low
C03597,25,Unemployed,5000.0,523.0,2,220,No,Electronics,349,Medium
C03598,26,Employed,70093.0,706.0,5,600,No,Electronics,646,Low
C03599,25,Employed,68307.0,796.0,4,672,No,Electronics,578,Low
C03600,36,Employed,89797.0,729.0,0,0,No,Fashion,101,Low
C03601,40,Employed,58183.0,704.0,2,450,No,Home/Furniture,544,Low
C03602,33,Freelancer,33362.0,605.0,2,282,Yes,Fashion,124,Low
C03603,64,Employed,65412.0,748.0,1,229,No,Groceries/Essentials,65,Low
C03604,20,Student,16363.0,540.0,1,174,Yes,Fashion,98,Low
C03605,56,Student,19854.0,657.0,5,764,No,Electronics,828,Medium
C03606,34,Freelancer,,667.0,4,413,No,Travel,769,Low
C03607,37,Unemployed,7336.0,479.0,1,192,Yes,Fashion,96,High
C03608,32,Employed,44171.0,760.0,0,0,No,Fashion,85,Low
C03609,24,Unemployed,12630.0,572.0,3,273,No,Fashion,62,Low
C03610,57,Freelancer,54654.0,,4,517,No,Travel,452,Low
C03611,26,Employed,34414.0,751.0,2,422,No,Fashion,104,Low
C03612,21,Employed,75853.0,706.0,7,1594,No,Home/Furniture,459,Low
C03613,19,Freelancer,33354.0,652.0,5,636,No,Fashion,79,Low
C03614,54,Student,24636.0,515.0,0,0,Yes,Fashion,67,Low
C03615,30,Freelancer,64908.0,679.0,1,223,No,Travel,780,Low
C03616,38,Employed,81718.0,763.0,3,356,No,Electronics,549,Low
C03617,22,Unemployed,16128.0,605.0,1,220,No,Fashion,119,Low
C03618,24,Employed,77159.0,582.0,3,692,No,Groceries/Essentials,72,Low
C03619,23,Freelancer,79465.0,690.0,1,85,No,Fashion,152,Low
C03620,37,Employed,34053.0,684.0,4,690,Yes,Home/Furniture,465,Medium
C03621,43,Freelancer,15605.0,654.0,0,0,No,Fashion,216,Low
C03622,18,Student,13560.0,584.0,8,928,No,Electronics,371,High
C03623,27,Employed,86238.0,684.0,1,106,No,Fashion,140,Low
C03624,18,Student,18666.0,562.0,2,270,No,Groceries/Essentials,31,Low
C03625,34,Freelancer,52016.0,690.0,2,149,No,Travel,947,Low
C03626,32,Employed,61812.0,604.0,3,210,No,Electronics,575,Low
C03627,23,Student,17405.0,618.0,2,128,No,Fashion,74,Low
C03628,42,Employed,66289.0,683.0,9,2133,No,Fashion,68,Medium
C03629,47,Employed,100387.0,604.0,9,774,No,Fashion,147,Low
C03630,58,Student,17229.0,528.0,4,426,Yes,Fashion,102,Medium
C03631,45,Freelancer,53318.0,572.0,7,802,No,Electronics,678,Low
C03632,34,Employed,63534.0,601.0,1,147,No,Fashion,102,Low
C03633,51,Unemployed,8998.0,576.0,1,209,No,Fashion,137,Low
C03634,62,Employed,89528.0,729.0,1,77,No,Fashion,88,Low
C03635,31,Freelancer,5000.0,691.0,1,67,No,Fashion,126,Low
C03636,33,Employed,52355.0,640.0,2,368,No,Electronics,370,Low
C03637,18,Employed,35630.0,730.0,1,106,Yes,Electronics,469,Low
C03638,43,Employed,48897.0,704.0,1,207,No,Fashion,54,Low
C03639,57,Employed,55695.0,,1,152,No,Home/Furniture,353,Low
C03640,50,Freelancer,48727.0,640.0,4,515,No,Travel,1053,Low
C03641,47,Student,12249.0,568.0,1,129,No,Electronics,413,Low
C03642,42,Student,5000.0,568.0,1,63,Yes,Electronics,555,Low
C03643,53,Employed,68292.0,634.0,6,1046,No,Travel,453,Low
C03644,45,Employed,115918.0,704.0,0,0,No,Fashion,52,Low
C03645,38,Employed,85540.0,684.0,5,920,No,Fashion,158,Low
C03646,18,Employed,69892.0,722.0,5,341,No,Fashion,50,Low
C03647,25,Employed,80306.0,712.0,1,83,Yes,Fashion,96,Low
C03648,22,Freelancer,86739.0,573.0,0,0,Yes,Groceries/Essentials,56,Low
C03649,41,Student,8724.0,579.0,1,135,Yes,Electronics,678,Low
C03650,23,Employed,54707.0,667.0,10,2039,No,Fashion,41,High
C03651,22,Freelancer,23862.0,592.0,1,169,Yes,Electronics,265,Low
C03652,24,Student,16814.0,709.0,0,0,No,Groceries/Essentials,46,Low
C03653,40,Employed,67474.0,700.0,1,131,No,Home/Furniture,385,Low
C03654,41,Student,17238.0,633.0,3,690,No,Fashion,101,Low
C03655,37,Employed,100019.0,684.0,2,158,No,Home/Furniture,93,Low
C03656,47,Freelancer,45648.0,582.0,2,525,No,Groceries/Essentials,24,Low
C03657,39,Employed,66968.0,676.0,3,588,No,Home/Furniture,401,Low
C03658,36,Student,19469.0,650.0,4,518,No,Electronics,607,Low
C03659,44,Student,18837.0,601.0,6,1067,Yes,Fashion,10,High
C03660,18,Employed,45684.0,721.0,3,571,No,Fashion,129,Low
C03661,62,Employed,59865.0,719.0,2,137,No,Fashion,115,Low
C03662,23,Student,22782.0,627.0,1,70,No,Fashion,112,Low
C03663,24,Employed,87536.0,731.0,1,147,No,Home/Furniture,391,Low
C03664,59,Employed,104580.0,726.0,0,0,No,Groceries/Essentials,10,Low
C03665,55,Student,11588.0,612.0,4,814,No,Home/Furniture,308,High
C03666,20,Employed,52422.0,741.0,7,1213,No,Home/Furniture,333,Low
C03667,35,Unemployed,5000.0,593.0,1,156,No,Home/Furniture,394,Low
C03668,37,Student,14819.0,507.0,1,137,Yes,Electronics,596,Low
C03669,25,Employed,82616.0,626.0,1,36,No,Fashion,106,Low
C03670,49,Employed,100093.0,739.0,2,321,No,Fashion,88,Low
C03671,29,Employed,72082.0,614.0,3,390,Yes,Electronics,624,Low
C03672,41,Employed,104467.0,802.0,1,134,No,Fashion,100,Low
C03673,41,Student,15936.0,498.0,1,92,No,Travel,1103,Low
C03674,31,Freelancer,43118.0,793.0,1,153,No,Fashion,68,Low
C03675,19,Employed,73023.0,664.0,2,384,No,Fashion,43,Low
C03676,44,Employed,81780.0,704.0,1,0,No,Fashion,53,Low
C03677,29,Employed,76114.0,,2,263,No,Fashion,137,Low
C03678,20,Employed,83655.0,774.0,1,162,No,Fashion,10,Low
C03679,18,Employed,71138.0,637.0,2,425,Yes,Fashion,125,Low
C03680,54,Employed,89960.0,754.0,2,276,No,Electronics,349,Low
C03681,24,Employed,58189.0,649.0,8,555,No,Electronics,415,Low
C03682,25,Employed,56761.0,790.0,5,748,No,Fashion,87,Low
C03683,61,Employed,75920.0,658.0,0,0,No,Electronics,56,Low
C03684,47,Student,23056.0,669.0,3,369,No,Electronics,363,Low
C03685,34,Employed,103934.0,691.0,4,881,No,Fashion,61,Low
C03686,47,Employed,61373.0,714.0,2,371,No,Fashion,92,Low
C03687,21,Freelancer,75849.0,664.0,4,549,Yes,Travel,547,Low
C03688,54,Freelancer,94859.0,673.0,4,744,No,Electronics,569,Low
C03689,18,Unemployed,9480.0,531.0,0,0,Yes,Home/Furniture,494,Low
C03690,39,Freelancer,44878.0,609.0,0,0,No,Fashion,118,Low
C03691,56,Employed,53330.0,730.0,2,328,No,Electronics,675,Low
C03692,38,Employed,71388.0,727.0,3,426,No,Fashion,81,Low
C03693,20,Unemployed,16707.0,,2,342,No,Travel,987,Low
C03694,23,Student,6673.0,466.0,0,0,Yes,Travel,892,Low
C03695,62,Employed,46410.0,655.0,6,533,No,Fashion,122,Low
C03696,37,Employed,66030.0,713.0,2,365,No,Electronics,288,Low
C03697,32,Employed,72008.0,,2,376,No,Electronics,389,Low
C03698,50,Employed,63147.0,674.0,0,0,No,Fashion,148,Low
C03699,37,Employed,73523.0,,2,345,No,Home/Furniture,247,Low
C03700,23,Employed,94314.0,702.0,2,232,No,Electronics,351,Low
C03701,35,Employed,96364.0,744.0,1,124,No,Fashion,179,Low
C03702,42,Student,17670.0,587.0,5,1145,No,Fashion,56,High
C03703,20,Employed,53655.0,746.0,2,270,No,Home/Furniture,477,Low
C03704,48,Freelancer,29783.0,706.0,3,574,No,Fashion,105,Low
C03705,22,Employed,49584.0,691.0,1,123,No,Fashion,129,Low
C03706,37,Employed,55634.0,698.0,3,592,No,Electronics,214,Low
C03707,23,Student,13643.0,601.0,5,1038,Yes,Fashion,96,High
C03708,64,Employed,58811.0,734.0,1,194,No,Home/Furniture,460,Low
C03709,48,Employed,58692.0,620.0,2,449,Yes,Home/Furniture,415,Low
C03710,22,Employed,71722.0,709.0,1,35,No,Electronics,544,Low
C03711,20,Freelancer,40947.0,636.0,7,122,Yes,Home/Furniture,144,Low
C03712,22,Employed,48598.0,716.0,1,59,No,Fashion,26,Low
C03713,20,Student,20639.0,517.0,2,402,Yes,Fashion,102,Low
C03714,30,Employed,83437.0,735.0,2,279,No,Electronics,484,Low
C03715,19,Employed,96656.0,670.0,2,540,No,Electronics,596,Low
C03716,18,Employed,103171.0,754.0,3,416,No,Home/Furniture,524,Low
C03717,55,Student,16550.0,584.0,1,157,Yes,Fashion,96,Low
C03718,34,Employed,73973.0,672.0,3,348,No,Groceries/Essentials,68,Low
C03719,30,Student,15841.0,722.0,0,0,No,Fashion,122,Low
C03720,23,Freelancer,55887.0,688.0,3,564,No,Fashion,91,Low
C03721,34,Employed,72532.0,665.0,4,890,No,Electronics,329,Low
C03722,33,Student,21337.0,610.0,3,335,Yes,Electronics,438,Low
C03723,22,Employed,58326.0,735.0,2,291,No,Fashion,84,Low
C03724,39,Employed,73745.0,783.0,2,391,No,Fashion,82,Low
C03725,28,Employed,72426.0,682.0,1,169,No,Home/Furniture,505,Low
C03726,19,Student,6417.0,592.0,2,391,No,Fashion,103,Medium
C03727,18,Freelancer,5000.0,728.0,0,0,No,Electronics,310,Low
C03728,24,Employed,31618.0,746.0,2,378,No,Electronics,449,Low
C03729,41,Employed,73599.0,715.0,2,421,No,Electronics,430,Low
C03730,23,Unemployed,5000.0,417.0,0,0,Yes,Fashion,41,Low
C03731,23,Employed,50728.0,683.0,0,0,No,Home/Furniture,436,Low
C03732,35,Employed,48071.0,689.0,1,37,No,Travel,747,Low
C03733,33,Employed,81207.0,735.0,1,178,No,Electronics,441,Low
C03734,24,Freelancer,65938.0,591.0,3,664,Yes,Groceries/Essentials,77,Low
C03735,27,Employed,72260.0,798.0,2,292,No,Electronics,511,Low
C03736,20,Student,19839.0,472.0,2,359,No,Electronics,416,Low
C03737,34,Employed,99885.0,636.0,1,190,No,Fashion,100,Low
C03738,31,Student,21652.0,601.0,0,0,No,Electronics,636,Low
C03739,46,Unemployed,25882.0,390.0,1,268,Yes,Fashion,31,Medium
C03740,36,Student,14144.0,671.0,5,662,Yes,Home/Furniture,503,High
C03741,39,Employed,54979.0,744.0,3,376,No,Electronics,477,Low
C03742,20,Employed,56151.0,720.0,1,146,No,Electronics,517,Low
C03743,34,Employed,41869.0,703.0,3,743,No,Electronics,472,Low
C03744,23,Unemployed,13896.0,415.0,1,100,No,Electronics,486,Low
C03745,26,Freelancer,68667.0,690.0,2,405,No,Electronics,656,Low
C03746,46,Employed,98036.0,657.0,7,1544,Yes,Travel,719,Medium
C03747,27,Student,9501.0,720.0,1,162,No,Electronics,569,Low
C03748,63,Student,14279.0,538.0,0,0,No,Fashion,87,Low
C03749,31,Employed,85467.0,700.0,6,1324,Yes,Home/Furniture,350,Low
C03750,19,Employed,75419.0,718.0,0,0,No,Fashion,66,Low
C03751,20,Employed,,687.0,6,1113,No,Electronics,584,Low
C03752,22,Employed,27126.0,663.0,3,642,No,Electronics,239,Low
C03753,23,Employed,29332.0,647.0,0,0,Yes,Electronics,367,Low
C03754,47,Freelancer,66831.0,715.0,2,289,No,Electronics,489,Low
C03755,64,Employed,56453.0,727.0,2,374,No,Fashion,24,Low
C03756,46,Employed,91954.0,593.0,1,193,No,Fashion,118,Low
C03757,61,Employed,96545.0,801.0,1,131,No,Fashion,82,Low
C03758,19,Student,16960.0,549.0,2,367,Yes,Home/Furniture,460,Medium
C03759,20,Employed,71312.0,674.0,2,291,No,Fashion,54,Low
C03760,52,Employed,57586.0,667.0,5,1014,No,Travel,835,Low
C03761,40,Employed,71948.0,672.0,1,109,No,Fashion,101,Low
C03762,30,Employed,59514.0,750.0,2,132,Yes,Travel,659,Low
C03763,34,Student,21711.0,673.0,3,351,No,Travel,684,Low
C03764,48,Employed,88245.0,706.0,2,391,No,Electronics,549,Low
C03765,31,Employed,77784.0,692.0,2,238,No,Electronics,518,Low
C03766,56,Employed,,546.0,2,168,Yes,Home/Furniture,354,Low
C03767,24,Employed,87689.0,727.0,0,0,Yes,Travel,564,Low
C03768,18,Employed,69006.0,658.0,2,221,No,Fashion,46,Low
C03769,23,Freelancer,57021.0,686.0,1,148,No,Electronics,260,Low
C03770,35,Student,13394.0,566.0,2,262,Yes,Groceries/Essentials,41,Medium
C03771,24,Student,24367.0,597.0,2,430,Yes,Groceries/Essentials,65,Low
C03772,25,Employed,84187.0,712.0,2,415,No,Electronics,753,Low
C03773,20,Unemployed,5000.0,643.0,1,145,Yes,Electronics,626,Medium
C03774,31,Employed,64793.0,692.0,1,149,No,Home/Furniture,381,Low
C03775,34,Freelancer,79258.0,647.0,1,202,Yes,Electronics,591,Low
C03776,38,Employed,,676.0,3,297,No,Groceries/Essentials,64,Low
C03777,22,Employed,79780.0,619.0,3,767,No,Fashion,140,Low
C03778,21,Student,17541.0,596.0,4,473,No,Travel,668,Low
C03779,24,Employed,83888.0,703.0,0,0,No,Electronics,649,Low
C03780,44,Employed,101522.0,686.0,1,174,No,Fashion,94,Low
C03781,25,Employed,55731.0,718.0,1,126,No,Fashion,148,Low
C03782,29,Employed,56632.0,655.0,1,109,Yes,Fashion,47,Low
C03783,46,Employed,72744.0,757.0,2,347,No,Fashion,132,Low
C03784,18,Student,19101.0,,0,0,No,Fashion,87,Low
C03785,47,Employed,34309.0,713.0,1,183,No,Home/Furniture,443,Low
C03786,39,Employed,92663.0,676.0,1,132,No,Fashion,104,Low
C03787,44,Student,15354.0,578.0,4,392,Yes,Electronics,494,Medium
C03788,58,Student,15076.0,450.0,2,444,Yes,Electronics,669,Medium
C03789,31,Employed,116030.0,686.0,2,254,No,Travel,807,Low
C03790,25,Employed,56363.0,610.0,1,113,Yes,Home/Furniture,613,Low
C03791,31,Freelancer,59568.0,629.0,1,189,No,Home/Furniture,402,Low
C03792,55,Unemployed,11506.0,516.0,1,163,Yes,Fashion,70,Medium
C03793,28,Employed,57126.0,787.0,1,148,No,Travel,589,Low
C03794,29,Employed,88565.0,759.0,1,65,No,Home/Furniture,394,Low
C03795,56,Freelancer,33563.0,538.0,2,151,Yes,Electronics,418,Low
C03796,36,Unemployed,5098.0,451.0,2,433,Yes,Fashion,105,High
C03797,42,Employed,109901.0,715.0,1,173,No,Electronics,644,Low
C03798,24,Freelancer,46435.0,594.0,1,102,No,Fashion,104,Low
C03799,64,Freelancer,31809.0,723.0,1,159,No,Fashion,66,Low
C03800,54,Student,19391.0,517.0,4,365,No,Fashion,95,Low
C03801,25,Employed,59820.0,782.0,4,974,No,Fashion,133,Low
C03802,48,Freelancer,70674.0,585.0,1,242,No,Fashion,151,Low
C03803,49,Student,23430.0,,4,735,No,Home/Furniture,300,Low
C03804,25,Student,7818.0,657.0,0,0,No,Fashion,154,Low
C03805,24,Freelancer,77502.0,542.0,5,1003,Yes,Electronics,310,Medium
C03806,33,Employed,121127.0,,4,535,No,Fashion,166,Low
C03807,23,Employed,85725.0,677.0,1,103,No,Electronics,283,Low
C03808,25,Student,18667.0,616.0,1,175,Yes,Fashion,40,Low
C03809,46,Employed,110080.0,636.0,1,202,No,Fashion,35,Low
C03810,30,Employed,67494.0,751.0,3,419,No,Electronics,494,Low
C03811,48,Employed,68191.0,677.0,1,212,No,Travel,625,Low
C03812,22,Employed,61198.0,770.0,1,161,No,Home/Furniture,482,Low
C03813,24,Freelancer,48073.0,640.0,1,114,Yes,Fashion,101,Low
C03814,21,Employed,54249.0,617.0,6,1019,No,Electronics,499,Low
C03815,19,Employed,68833.0,646.0,2,299,Yes,Groceries/Essentials,62,Low
C03816,26,Student,11709.0,689.0,1,91,No,Groceries/Essentials,92,Low
C03817,41,Student,15008.0,582.0,3,447,Yes,Fashion,40,Medium
C03818,30,Freelancer,79104.0,571.0,3,645,No,Fashion,53,Low
C03819,35,Employed,89972.0,720.0,10,189,No,Home/Furniture,409,Low
C03820,38,Employed,83869.0,794.0,1,192,No,Travel,650,Low
C03821,23,Employed,105768.0,726.0,3,397,No,Fashion,117,Low
C03822,59,Employed,48503.0,674.0,2,259,Yes,Fashion,141,Low
C03823,30,Student,15549.0,442.0,1,213,No,Fashion,130,Low
C03824,25,Employed,97786.0,728.0,2,434,No,Electronics,735,Low
C03825,30,Employed,77648.0,682.0,4,569,No,Electronics,479,Low
C03826,34,Employed,96505.0,694.0,8,1584,No,Fashion,119,Low
C03827,21,Employed,55011.0,779.0,3,740,No,Groceries/Essentials,60,Low
C03828,30,Employed,71911.0,668.0,1,85,No,Fashion,61,Low
C03829,21,Employed,87771.0,700.0,2,247,No,Travel,1020,Low
C03830,19,Student,16940.0,538.0,2,323,Yes,Fashion,133,Low
C03831,19,Employed,61834.0,700.0,5,444,No,Groceries/Essentials,38,Low
C03832,28,Employed,72400.0,,3,332,No,Fashion,105,Low
C03833,51,Employed,56470.0,736.0,7,861,No,Electronics,396,Low
C03834,33,Freelancer,83521.0,693.0,2,292,No,Electronics,886,Low
C03835,28,Employed,56655.0,689.0,3,323,No,Fashion,94,Low
C03836,40,Employed,91361.0,754.0,3,330,Yes,Fashion,127,Low
C03837,29,Student,12343.0,662.0,4,762,No,Electronics,607,Medium
C03838,45,Employed,68273.0,617.0,10,551,No,Electronics,709,Low
C03839,25,Freelancer,44266.0,567.0,1,107,Yes,Fashion,37,Low
C03840,46,Employed,81396.0,642.0,2,567,No,Electronics,440,Low
C03841,27,Employed,,602.0,2,514,No,Groceries/Essentials,57,Low
C03842,24,Employed,73374.0,594.0,1,213,No,Fashion,79,Low
C03843,48,Employed,38311.0,671.0,0,0,No,Electronics,406,Low
C03844,50,Unemployed,5000.0,641.0,3,267,No,Electronics,346,Medium
C03845,26,Employed,52181.0,701.0,1,175,No,Fashion,91,Low
C03846,36,Employed,17362.0,710.0,5,773,Yes,Fashion,97,High
C03847,38,Employed,84356.0,707.0,1,205,No,Electronics,631,Low
C03848,27,Student,14350.0,566.0,2,278,Yes,Groceries/Essentials,37,Low
C03849,43,Freelancer,26380.0,603.0,1,255,No,Groceries/Essentials,27,Low
C03850,27,Employed,62105.0,,2,339,No,Fashion,72,Low
C03851,32,Employed,92702.0,737.0,1,174,No,Groceries/Essentials,48,Low
C03852,43,Freelancer,33807.0,619.0,4,967,No,Fashion,120,Low
C03853,53,Employed,93396.0,671.0,2,208,No,Fashion,154,Low
C03854,19,Freelancer,,637.0,3,537,No,Fashion,86,Low
C03855,39,Employed,91359.0,742.0,2,157,Yes,Fashion,132,Low
C03856,30,Employed,66880.0,728.0,3,275,No,Home/Furniture,283,Low
C03857,24,Student,18189.0,743.0,1,160,No,Home/Furniture,627,Low
C03858,61,Freelancer,82330.0,754.0,3,411,No,Fashion,65,Low
C03859,43,Student,14789.0,565.0,1,180,Yes,Groceries/Essentials,14,Low
C03860,22,Freelancer,67218.0,521.0,1,193,Yes,Home/Furniture,415,Low
C03861,43,Freelancer,59342.0,532.0,1,189,Yes,Electronics,376,Low
C03862,18,Employed,61824.0,749.0,2,101,No,Electronics,542,Low
C03863,18,Employed,65482.0,674.0,2,301,No,Travel,319,Low
C03864,24,Employed,60512.0,723.0,2,278,No,Travel,642,Low
C03865,50,Employed,76353.0,702.0,2,384,No,Travel,850,Low
C03866,26,Employed,77166.0,628.0,1,134,No,Fashion,103,Low
C03867,20,Unemployed,17559.0,638.0,1,230,Yes,Home/Furniture,416,Low
C03868,63,Student,13843.0,628.0,1,140,Yes,Fashion,107,Low
C03869,19,Employed,56988.0,751.0,2,243,No,Electronics,540,Low
C03870,49,Employed,34728.0,601.0,2,283,No,Home/Furniture,346,Low
C03871,31,Freelancer,65278.0,627.0,3,733,No,Home/Furniture,307,Low
C03872,27,Employed,83013.0,708.0,1,146,No,Fashion,88,Low
C03873,35,Freelancer,120768.0,671.0,4,593,No,Fashion,145,Low
C03874,39,Student,15976.0,448.0,2,149,Yes,Home/Furniture,699,Low
C03875,48,Student,13156.0,669.0,3,604,No,Home/Furniture,419,Medium
C03876,20,Employed,86268.0,696.0,2,270,No,Fashion,31,Low
C03877,40,Employed,45678.0,665.0,3,551,No,Fashion,124,Low
C03878,50,Freelancer,51785.0,,2,254,No,Electronics,607,Low
C03879,40,Employed,75570.0,727.0,0,0,No,Home/Furniture,425,Low
C03880,64,Freelancer,50331.0,683.0,1,154,No,Fashion,121,Low
C03881,63,Employed,65766.0,723.0,6,966,Yes,Electronics,506,Medium
C03882,36,Unemployed,23188.0,618.0,2,386,Yes,Travel,890,Medium
C03883,41,Employed,107706.0,692.0,5,589,No,Home/Furniture,484,Low
C03884,28,Student,13987.0,682.0,2,205,No,Fashion,51,Low
C03885,21,Employed,58715.0,710.0,1,146,No,Electronics,789,Low
C03886,19,Employed,,698.0,3,381,No,Electronics,587,Low
C03887,25,Employed,86949.0,735.0,10,1045,No,Fashion,113,Low
C03888,35,Employed,84918.0,616.0,4,749,No,Fashion,106,Low
C03889,45,Unemployed,5000.0,637.0,1,158,No,Electronics,520,Low
C03890,32,Unemployed,5000.0,460.0,1,245,Yes,Home/Furniture,372,High
C03891,62,Employed,66628.0,651.0,1,179,No,Fashion,72,Low
C03892,26,Employed,54873.0,655.0,2,432,No,Home/Furniture,532,Low
C03893,42,Employed,79035.0,688.0,2,321,No,Electronics,567,Low
C03894,23,Unemployed,18725.0,656.0,4,731,No,Home/Furniture,450,Medium
C03895,23,Student,9583.0,,2,173,No,Home/Furniture,417,Low
C03896,19,Employed,88062.0,771.0,1,114,No,Electronics,665,Low
C03897,32,Employed,68470.0,694.0,1,164,No,Electronics,536,Low
C03898,49,Employed,63602.0,652.0,0,0,No,Electronics,597,Low
C03899,32,Employed,70662.0,723.0,2,252,No,Fashion,107,Low
C03900,18,Employed,20562.0,688.0,2,379,No,Fashion,132,Low
C03901,21,Employed,55928.0,772.0,0,0,Yes,Electronics,354,Low
C03902,23,Employed,72642.0,796.0,0,0,No,Electronics,447,Low
C03903,39,Employed,56825.0,718.0,3,312,No,Fashion,69,Low
C03904,23,Employed,107258.0,656.0,1,191,No,Groceries/Essentials,45,Low
C03905,25,Employed,89213.0,706.0,2,219,No,Fashion,112,Low
C03906,34,Employed,57009.0,637.0,1,187,Yes,Travel,920,Low
C03907,33,Freelancer,34955.0,693.0,7,1147,No,Fashion,52,Medium
C03908,18,Student,5947.0,574.0,2,274,No,Electronics,165,Medium
C03909,55,Freelancer,61753.0,643.0,2,193,Yes,Electronics,617,Low
C03910,21,Employed,72791.0,705.0,4,778,No,Electronics,699,Low
C03911,39,Unemployed,12680.0,521.0,1,97,Yes,Fashion,131,Low
C03912,61,Employed,49204.0,639.0,3,616,No,Fashion,105,Low
C03913,59,Employed,32610.0,692.0,2,270,No,Travel,1218,Low
C03914,26,Freelancer,108691.0,657.0,1,181,No,Fashion,65,Low
C03915,32,Student,13988.0,605.0,4,457,No,Fashion,126,Low
C03916,30,Student,13047.0,585.0,8,1015,No,Travel,574,High
C03917,36,Unemployed,5000.0,794.0,0,0,No,Electronics,637,Low
C03918,33,Employed,50062.0,694.0,2,458,No,Fashion,131,Low
C03919,22,Student,7812.0,569.0,2,256,Yes,Fashion,81,Medium
C03920,51,Employed,46581.0,773.0,6,1535,No,Home/Furniture,511,Low
C03921,34,Employed,67332.0,627.0,1,192,Yes,Fashion,74,Low
C03922,45,Freelancer,51687.0,669.0,4,544,No,Electronics,500,Low
C03923,35,Freelancer,106996.0,616.0,1,185,No,Travel,1300,Low
C03924,40,Freelancer,73882.0,647.0,2,255,No,Fashion,10,Low
C03925,23,Employed,,709.0,0,0,Yes,Fashion,134,Low
C03926,20,Employed,69946.0,673.0,1,238,No,Travel,712,Low
C03927,21,Student,20760.0,637.0,4,862,No,Electronics,501,Medium
C03928,19,Employed,24262.0,706.0,1,181,No,Fashion,85,Low
C03929,40,Student,20615.0,595.0,1,42,Yes,Home/Furniture,423,Low
C03930,30,Employed,97624.0,709.0,4,751,No,Fashion,52,Low
C03931,30,Employed,53833.0,671.0,1,116,No,Fashion,187,Low
C03932,58,Employed,64808.0,712.0,2,221,Yes,Electronics,608,Low
C03933,53,Student,13804.0,578.0,3,668,No,Home/Furniture,322,Medium
C03934,39,Student,7686.0,583.0,2,147,No,Travel,580,Low
C03935,50,Student,12963.0,644.0,2,412,Yes,Fashion,107,Medium
C03936,58,Freelancer,60695.0,673.0,6,841,No,Travel,769,Low
C03937,23,Employed,79710.0,644.0,3,292,Yes,Electronics,471,Low
C03938,28,Employed,46616.0,716.0,1,153,No,Travel,1019,Low
C03939,25,Employed,59714.0,724.0,1,164,Yes,Travel,527,Low
C03940,45,Employed,74198.0,701.0,1,127,No,Travel,988,Low
C03941,31,Employed,58304.0,683.0,1,201,No,Electronics,573,Low
C03942,50,Employed,78413.0,730.0,3,502,No,Fashion,120,Low
C03943,56,Employed,80194.0,678.0,10,1773,No,Electronics,366,Low
C03944,19,Student,13181.0,547.0,3,481,Yes,Groceries/Essentials,55,Medium
C03945,41,Employed,93039.0,637.0,1,152,No,Fashion,118,Low
C03946,41,Employed,70498.0,749.0,3,502,No,Home/Furniture,480,Low
C03947,29,Employed,58264.0,737.0,1,148,No,Home/Furniture,413,Low
C03948,29,Freelancer,81271.0,758.0,1,189,No,Fashion,112,Low
C03949,24,Freelancer,71396.0,604.0,6,394,No,Groceries/Essentials,49,Low
C03950,54,Freelancer,44180.0,624.0,1,180,No,Electronics,503,Low
C03951,62,Employed,59693.0,701.0,3,520,No,Home/Furniture,272,Low
C03952,21,Employed,46019.0,646.0,1,134,No,Electronics,497,Low
C03953,43,Employed,105456.0,674.0,1,168,Yes,Fashion,167,Low
C03954,26,Freelancer,23448.0,617.0,4,741,Yes,Fashion,95,Medium
C03955,23,Student,6757.0,723.0,1,222,No,Electronics,590,Low
C03956,19,Employed,83755.0,714.0,2,327,No,Electronics,614,Low
C03957,39,Employed,77211.0,778.0,7,892,Yes,Fashion,63,Medium
C03958,34,Student,15116.0,758.0,3,415,Yes,Home/Furniture,392,Medium
C03959,51,Employed,116958.0,662.0,4,306,No,Electronics,648,Low
C03960,44,Employed,79490.0,694.0,2,328,No,Fashion,122,Low
C03961,19,Student,14258.0,647.0,1,163,No,Home/Furniture,495,Low
C03962,53,Employed,44514.0,732.0,1,140,No,Fashion,82,Low
C03963,19,Employed,54805.0,694.0,1,139,Yes,Electronics,811,Low
C03964,43,Freelancer,39201.0,663.0,4,720,No,Fashion,125,Low
C03965,20,Student,10066.0,554.0,2,354,No,Electronics,584,Low
C03966,28,Employed,34525.0,680.0,1,134,No,Home/Furniture,323,Low
C03967,26,Employed,87334.0,751.0,0,0,No,Fashion,100,Low
C03968,43,Employed,36291.0,655.0,2,432,No,Home/Furniture,353,Low
C03969,21,Freelancer,69538.0,733.0,2,249,No,Travel,660,Low
C03970,23,Student,13663.0,667.0,3,604,No,Fashion,50,Medium
C03971,22,Employed,59021.0,601.0,2,241,Yes,Fashion,16,Low
C03972,35,Employed,58933.0,649.0,2,287,Yes,Fashion,129,Low
C03973,30,Employed,91922.0,717.0,2,255,No,Fashion,121,Low
C03974,27,Employed,52914.0,658.0,4,577,No,Home/Furniture,431,Low
C03975,22,Employed,88910.0,,6,1094,No,Travel,1072,Low
C03976,20,Employed,60970.0,675.0,1,222,Yes,Electronics,785,Low
C03977,35,Employed,96492.0,687.0,4,462,No,Home/Furniture,376,Low
C03978,27,Freelancer,5904.0,694.0,6,1272,No,Electronics,374,High
C03979,37,Employed,102477.0,634.0,1,116,No,Fashion,130,Low
C03980,24,Employed,93813.0,737.0,1,84,No,Electronics,380,Low
C03981,55,Student,16850.0,564.0,1,173,No,Groceries/Essentials,68,Low
C03982,21,Employed,45259.0,695.0,2,176,No,Groceries/Essentials,53,Low
C03983,59,Employed,79540.0,768.0,2,592,No,Fashion,140,Low
C03984,46,Student,17583.0,615.0,4,197,Yes,Electronics,529,Low
C03985,54,Student,21640.0,551.0,3,515,Yes,Home/Furniture,151,Medium
C03986,29,Employed,33602.0,656.0,1,256,No,Fashion,28,Low
C03987,54,Employed,47488.0,696.0,2,131,No,Fashion,158,Low
C03988,20,Employed,51997.0,719.0,4,841,No,Electronics,620,Low
C03989,22,Employed,94710.0,698.0,2,404,No,Electronics,650,Low
C03990,34,Employed,56910.0,655.0,2,491,No,Travel,795,Low
C03991,48,Freelancer,50588.0,645.0,2,364,No,Home/Furniture,557,Low
C03992,31,Student,21893.0,475.0,3,574,Yes,Home/Furniture,469,Medium
C03993,60,Employed,104829.0,694.0,4,618,No,Electronics,524,Low
C03994,33,Employed,57888.0,736.0,1,194,No,Electronics,579,Low
C03995,49,Employed,72135.0,766.0,3,552,No,Fashion,163,Low
C03996,33,Employed,73180.0,744.0,3,372,No,Home/Furniture,401,Low
C03997,19,Student,16445.0,561.0,2,352,No,Groceries/Essentials,23,Low
C03998,34,Employed,86854.0,704.0,3,611,No,Electronics,386,Low
C03999,21,Employed,72799.0,788.0,7,749,No,Fashion,55,Low
C04000,20,Employed,,778.0,0,0,No,Fashion,123,Low
C04001,32,Employed,56334.0,728.0,4,937,No,Electronics,712,Low
C04002,34,Student,18018.0,534.0,0,0,Yes,Fashion,84,Low
C04003,19,Student,15033.0,656.0,2,314,No,Groceries/Essentials,37,Low
C04004,22,Student,15683.0,584.0,5,590,Yes,Fashion,90,Medium
C04005,55,Employed,103889.0,651.0,0,0,No,Electronics,267,Low
C04006,22,Freelancer,11719.0,686.0,4,679,No,Home/Furniture,342,Medium
C04007,20,Employed,111649.0,704.0,1,76,No,Home/Furniture,341,Low
C04008,48,Employed,60758.0,667.0,1,200,No,Home/Furniture,512,Low
C04009,22,Employed,60732.0,691.0,2,414,Yes,Fashion,137,Low
C04010,29,Employed,69624.0,700.0,3,362,No,Fashion,111,Low
C04011,19,Freelancer,64825.0,638.0,1,133,Yes,Travel,768,Low
C04012,24,Employed,60500.0,671.0,1,86,No,Electronics,459,Low
C04013,30,Employed,85908.0,777.0,3,505,No,Electronics,435,Low
C04014,20,Student,13386.0,503.0,2,308,Yes,Fashion,124,Medium
C04015,64,Employed,83592.0,650.0,4,631,No,Home/Furniture,534,Low
C04016,53,Student,22573.0,596.0,2,371,No,Electronics,765,Low
C04017,40,Freelancer,33087.0,640.0,1,207,No,Electronics,502,Low
C04018,20,Freelancer,38912.0,599.0,3,389,No,Electronics,670,Low
C04019,36,Employed,49647.0,736.0,4,493,No,Home/Furniture,411,Low
C04020,21,Employed,100444.0,700.0,6,863,No,Fashion,125,Low
C04021,24,Employed,89622.0,637.0,4,328,Yes,Fashion,122,Low
C04022,20,Employed,60071.0,762.0,4,487,No,Fashion,21,Low
C04023,30,Employed,81113.0,750.0,4,325,No,Fashion,140,Low
C04024,39,Employed,64935.0,673.0,1,116,No,Fashion,47,Low
C04025,58,Employed,82682.0,717.0,1,139,Yes,Fashion,10,Low
C04026,26,Employed,75472.0,673.0,9,1078,Yes,Electronics,500,Medium
C04027,30,Freelancer,41379.0,597.0,1,172,No,Home/Furniture,348,Low
C04028,32,Freelancer,42276.0,598.0,2,159,No,Fashion,126,Low
C04029,55,Employed,95106.0,713.0,2,333,No,Electronics,653,Low
C04030,37,Employed,105084.0,,5,548,Yes,Electronics,364,Low
C04031,35,Employed,89519.0,689.0,3,396,No,Electronics,317,Low
C04032,23,Employed,57787.0,685.0,3,293,No,Electronics,216,Low
C04033,56,Unemployed,22090.0,551.0,1,200,No,Electronics,536,Low
C04034,24,Student,17634.0,597.0,5,708,No,Electronics,419,Low
C04035,30,Student,5000.0,750.0,4,457,No,Fashion,117,High
C04036,48,Employed,47851.0,676.0,1,171,No,Travel,670,Low
C04037,49,Employed,61104.0,701.0,1,140,No,Home/Furniture,471,Low
C04038,45,Employed,76773.0,711.0,2,536,No,Electronics,809,Low
C04039,30,Employed,73274.0,781.0,1,156,No,Fashion,55,Low
C04040,41,Employed,43349.0,676.0,1,153,No,Travel,867,Low
C04041,34,Student,6592.0,633.0,2,377,No,Electronics,327,Medium
C04042,19,Employed,70494.0,720.0,1,94,No,Electronics,408,Low
C04043,36,Student,8366.0,678.0,1,146,No,Fashion,48,Low
C04044,22,Student,9848.0,539.0,2,355,Yes,Electronics,533,High
C04045,26,Employed,,704.0,0,0,No,Fashion,90,Low
C04046,51,Employed,47793.0,680.0,2,207,No,Fashion,68,Low
C04047,37,Employed,78246.0,708.0,1,218,No,Home/Furniture,245,Low
C04048,62,Employed,62177.0,662.0,3,463,No,Electronics,574,Low
C04049,34,Employed,41268.0,705.0,2,310,No,Electronics,709,Low
C04050,39,Unemployed,6118.0,707.0,1,118,No,Electronics,471,Low
C04051,64,Employed,37903.0,738.0,2,384,No,Home/Furniture,317,Low
C04052,27,Freelancer,29420.0,623.0,0,0,No,Fashion,101,Low
C04053,23,Employed,23787.0,619.0,1,165,No,Fashion,104,Low
C04054,54,Freelancer,75973.0,640.0,2,166,Yes,Electronics,624,Low
C04055,63,Employed,125494.0,585.0,1,12,No,Home/Furniture,367,Low
C04056,23,Employed,51729.0,755.0,0,0,No,Electronics,672,Low
C04057,48,Employed,79890.0,651.0,1,94,No,Fashion,58,Low
C04058,32,Employed,91344.0,712.0,7,1346,No,Fashion,131,Low
C04059,24,Employed,77516.0,745.0,4,408,No,Travel,756,Low
C04060,37,Employed,91910.0,706.0,0,0,Yes,Fashion,144,Low
C04061,20,Employed,45619.0,779.0,1,193,No,Electronics,579,Low
C04062,34,Employed,121229.0,695.0,6,510,No,Electronics,218,Low
C04063,39,Freelancer,47409.0,695.0,0,0,No,Fashion,216,Low
C04064,19,Employed,49411.0,808.0,2,278,No,Electronics,397,Low
C04065,27,Employed,85998.0,698.0,0,0,No,Fashion,154,Low
C04066,35,Employed,73523.0,696.0,0,0,No,Fashion,41,Low
C04067,34,Employed,112089.0,670.0,2,275,No,Fashion,112,Low
C04068,19,Employed,71427.0,668.0,0,0,No,Fashion,152,Low
C04069,23,Employed,60548.0,702.0,2,250,Yes,Fashion,151,Low
C04070,27,Employed,44032.0,717.0,5,1103,No,Fashion,50,Low
C04071,31,Freelancer,54242.0,606.0,1,118,No,Fashion,116,Low
C04072,18,Employed,77111.0,673.0,1,130,No,Fashion,92,Low
C04073,24,Employed,57613.0,790.0,2,202,No,Travel,949,Low
C04074,35,Employed,78814.0,744.0,3,402,No,Fashion,58,Low
C04075,42,Student,15391.0,605.0,3,246,No,Groceries/Essentials,67,Low
C04076,24,Employed,51296.0,689.0,0,0,No,Travel,350,Low
C04077,30,Student,14909.0,500.0,0,0,No,Electronics,900,Low
C04078,27,Employed,49322.0,698.0,1,190,No,Fashion,73,Low
C04079,18,Student,10958.0,726.0,6,1203,No,Home/Furniture,531,High
C04080,27,Employed,30931.0,762.0,1,152,Yes,Travel,641,Low
C04081,59,Employed,49614.0,704.0,1,194,No,Electronics,397,Low
C04082,19,Employed,73080.0,692.0,1,186,No,Fashion,131,Low
C04083,23,Unemployed,6567.0,579.0,2,432,No,Electronics,439,High
C04084,42,Student,13337.0,668.0,2,271,No,Groceries/Essentials,30,Low
C04085,46,Student,10282.0,580.0,2,317,No,Fashion,85,Low
C04086,31,Employed,90094.0,726.0,2,103,No,Electronics,731,Low
C04087,18,Employed,71552.0,742.0,0,0,No,Fashion,77,Low
C04088,23,Employed,41181.0,728.0,1,100,No,Electronics,469,Low
C04089,42,Employed,85947.0,769.0,2,435,No,Electronics,342,Low
C04090,45,Student,10878.0,535.0,7,614,Yes,Electronics,354,High
C04091,32,Student,16239.0,749.0,2,364,Yes,Fashion,53,Low
C04092,18,Freelancer,32281.0,694.0,1,80,No,Electronics,860,Low
C04093,56,Student,7598.0,568.0,2,281,No,Electronics,378,Low
C04094,62,Employed,69971.0,724.0,4,497,No,Travel,110,Low
C04095,24,Employed,98105.0,735.0,1,102,No,Groceries/Essentials,44,Low
C04096,21,Employed,81192.0,717.0,1,68,No,Electronics,593,Low
C04097,36,Employed,87835.0,701.0,1,49,No,Electronics,557,Low
C04098,21,Employed,95306.0,,1,90,Yes,Fashion,74,Low
C04099,35,Unemployed,11256.0,548.0,3,476,Yes,Electronics,461,High
C04100,22,Employed,83382.0,763.0,2,465,No,Travel,881,Low
C04101,21,Employed,109201.0,662.0,2,322,No,Fashion,124,Low
C04102,49,Freelancer,91553.0,651.0,0,0,No,Home/Furniture,201,Low
C04103,59,Student,5000.0,544.0,4,683,Yes,Electronics,431,High
C04104,20,Employed,55048.0,728.0,1,157,No,Travel,637,Low
C04105,22,Freelancer,13001.0,671.0,2,319,No,Electronics,678,Low
C04106,43,Employed,102716.0,700.0,2,209,No,Fashion,151,Low
C04107,18,Employed,82424.0,649.0,1,130,Yes,Fashion,65,Low
C04108,30,Employed,68024.0,774.0,2,261,Yes,Electronics,577,Low
C04109,31,Employed,88503.0,740.0,4,733,No,Electronics,321,Low
C04110,18,Employed,66661.0,705.0,1,135,No,Home/Furniture,326,Low
C04111,47,Employed,50380.0,671.0,6,999,No,Fashion,168,Low
C04112,22,Student,13175.0,659.0,3,364,No,Travel,1091,Low
C04113,26,Student,10890.0,601.0,2,286,No,Home/Furniture,443,Low
C04114,49,Freelancer,86833.0,598.0,2,414,Yes,Fashion,96,Low
C04115,23,Student,17339.0,615.0,6,826,No,Travel,811,Medium
C04116,50,Employed,99205.0,620.0,2,303,No,Fashion,101,Low
C04117,22,Unemployed,7559.0,508.0,0,0,Yes,Fashion,47,Low
C04118,62,Student,18862.0,543.0,3,209,No,Fashion,131,Low
C04119,47,Freelancer,55892.0,716.0,0,0,No,Fashion,133,Low
C04120,40,Freelancer,9332.0,623.0,5,890,No,Electronics,613,High
C04121,41,Freelancer,27437.0,719.0,3,469,No,Fashion,99,Low
C04122,24,Employed,47163.0,609.0,6,1141,Yes,Electronics,274,Medium
C04123,24,Employed,67261.0,,1,157,No,Electronics,371,Low
C04124,22,Employed,40639.0,740.0,0,0,No,Fashion,147,Low
C04125,33,Freelancer,80765.0,636.0,2,262,No,Fashion,102,Low
C04126,26,Student,14014.0,668.0,7,545,No,Travel,1166,Medium
C04127,23,Employed,58094.0,784.0,1,170,Yes,Fashion,90,Low
C04128,31,Student,12846.0,552.0,4,650,Yes,Electronics,610,High
C04129,27,Freelancer,63420.0,608.0,1,188,No,Electronics,307,Low
C04130,32,Employed,106612.0,666.0,5,953,No,Travel,791,Low
C04131,31,Employed,97040.0,615.0,3,282,No,Electronics,482,Low
C04132,44,Unemployed,5000.0,543.0,0,0,Yes,Fashion,81,Low
C04133,40,Employed,90735.0,680.0,1,212,No,Electronics,219,Low
C04134,24,Employed,49036.0,773.0,6,820,Yes,Fashion,98,Medium
C04135,19,Employed,65206.0,648.0,2,383,Yes,Fashion,20,Low
C04136,27,Employed,86134.0,666.0,1,37,No,Electronics,245,Low
C04137,54,Student,13434.0,539.0,1,136,Yes,Fashion,29,Low
C04138,23,Freelancer,38880.0,691.0,8,1474,No,Electronics,324,Medium
C04139,41,Employed,76365.0,,1,188,No,Travel,559,Low
C04140,24,Unemployed,13356.0,485.0,5,772,Yes,Electronics,425,High
C04141,30,Employed,55011.0,729.0,3,558,No,Fashion,61,Low
C04142,24,Student,18944.0,646.0,1,127,No,Electronics,477,Low
C04143,32,Student,14878.0,558.0,8,721,Yes,Fashion,106,High
C04144,30,Employed,99530.0,658.0,3,483,No,Electronics,456,Low
C04145,45,Freelancer,45835.0,592.0,4,415,No,Electronics,368,Low
C04146,64,Employed,82801.0,706.0,3,494,No,Electronics,459,Low
C04147,47,Employed,35169.0,684.0,2,292,No,Groceries/Essentials,65,Low
C04148,40,Employed,61602.0,705.0,0,0,No,Fashion,106,Low
C04149,26,Student,14232.0,638.0,1,167,Yes,Fashion,50,Low
C04150,18,Employed,48714.0,739.0,2,497,Yes,Home/Furniture,489,Low
C04151,29,Student,5000.0,590.0,4,627,Yes,Fashion,105,High
C04152,21,Freelancer,56774.0,632.0,4,544,No,Travel,753,Low
C04153,36,Employed,64345.0,735.0,1,158,No,Electronics,546,Low
C04154,32,Employed,,692.0,3,484,No,Fashion,64,Low
C04155,36,Employed,73153.0,641.0,4,666,No,Home/Furniture,494,Low
C04156,53,Employed,87989.0,702.0,4,665,No,Fashion,120,Low
C04157,24,Employed,52270.0,774.0,2,227,No,Travel,416,Low
C04158,19,Freelancer,44352.0,577.0,2,311,Yes,Home/Furniture,338,Low
C04159,63,Freelancer,39253.0,613.0,1,139,Yes,Fashion,69,Low
C04160,19,Employed,87530.0,754.0,0,0,No,Fashion,87,Low
C04161,22,Employed,92031.0,755.0,4,739,No,Fashion,187,Low
C04162,20,Employed,90101.0,633.0,2,434,Yes,Fashion,135,Low
C04163,47,Employed,72273.0,657.0,0,0,No,Fashion,121,Low
C04164,57,Student,12408.0,501.0,2,225,No,Fashion,89,Low
C04165,30,Student,12886.0,646.0,3,600,No,Fashion,95,Medium
C04166,54,Freelancer,40993.0,643.0,2,154,Yes,Fashion,86,Low
C04167,20,Employed,79333.0,684.0,1,162,Yes,Fashion,125,Low
C04168,28,Employed,66386.0,651.0,3,705,No,Fashion,159,Low
C04169,60,Employed,79184.0,743.0,0,0,No,Home/Furniture,344,Low
C04170,34,Employed,29212.0,711.0,3,405,No,Electronics,587,Low
C04171,20,Student,19681.0,554.0,5,825,No,Home/Furniture,403,Medium
C04172,64,Employed,73089.0,680.0,1,17,No,Electronics,491,Low
C04173,23,Employed,77807.0,696.0,1,44,No,Home/Furniture,368,Low
C04174,18,Employed,90216.0,668.0,1,166,No,Travel,880,Low
C04175,22,Employed,52858.0,682.0,1,160,No,Electronics,599,Low
C04176,18,Employed,73411.0,645.0,3,492,Yes,Fashion,70,Low
C04177,20,Student,6066.0,602.0,2,342,Yes,Electronics,713,High
C04178,22,Unemployed,9508.0,540.0,1,94,Yes,Electronics,556,Low
C04179,26,Employed,65299.0,699.0,2,309,Yes,Electronics,494,Low
C04180,27,Employed,73223.0,704.0,2,438,No,Electronics,516,Low
C04181,40,Student,14057.0,642.0,5,333,No,Electronics,833,Low
C04182,28,Employed,82990.0,677.0,1,232,No,Travel,853,Low
C04183,33,Student,10253.0,743.0,2,358,No,Fashion,72,Low
C04184,46,Freelancer,72429.0,622.0,2,247,No,Electronics,345,Low
C04185,21,Student,23012.0,639.0,1,124,No,Electronics,509,Low
C04186,32,Employed,55776.0,803.0,5,655,No,Groceries/Essentials,37,Low
C04187,63,Freelancer,62580.0,701.0,1,238,No,Fashion,14,Low
C04188,50,Employed,70062.0,762.0,1,128,No,Fashion,115,Low
C04189,35,Employed,89899.0,715.0,2,262,No,Travel,900,Low
C04190,26,Employed,43504.0,763.0,2,306,No,Fashion,90,Low
C04191,64,Employed,63431.0,691.0,0,0,No,Electronics,452,Low
C04192,33,Employed,44685.0,717.0,1,131,No,Electronics,162,Low
C04193,58,Employed,70453.0,760.0,3,325,No,Fashion,86,Low
C04194,27,Employed,72260.0,700.0,2,232,No,Electronics,565,Low
C04195,55,Employed,48084.0,785.0,0,0,Yes,Groceries/Essentials,74,Low
C04196,35,Student,18571.0,646.0,2,240,No,Fashion,104,Low
C04197,20,Employed,66369.0,667.0,3,634,No,Electronics,334,Low
C04198,27,Employed,52175.0,639.0,1,83,Yes,Fashion,43,Low
C04199,61,Employed,94153.0,788.0,4,832,No,Electronics,603,Low
C04200,30,Employed,69153.0,656.0,1,201,No,Home/Furniture,565,Low
C04201,19,Employed,74346.0,661.0,2,313,No,Electronics,428,Low
C04202,20,Employed,66168.0,707.0,6,555,No,Electronics,395,Low
C04203,32,Student,12139.0,604.0,1,240,Yes,Electronics,432,Medium
C04204,18,Freelancer,46059.0,728.0,2,355,No,Electronics,399,Low
C04205,33,Employed,66343.0,,1,65,No,Electronics,375,Low
C04206,20,Student,13707.0,597.0,2,438,No,Electronics,825,Low
C04207,24,Employed,93886.0,668.0,3,220,No,Fashion,73,Low
C04208,50,Student,15156.0,606.0,1,132,Yes,Electronics,482,Low
C04209,38,Employed,98861.0,669.0,4,540,No,Fashion,78,Low
C04210,46,Employed,82925.0,781.0,1,217,No,Travel,936,Low
C04211,34,Student,30301.0,,2,532,No,Electronics,750,Low
C04212,37,Student,13395.0,627.0,0,0,No,Fashion,31,Low
C04213,33,Student,13343.0,606.0,0,0,Yes,Electronics,595,Low
C04214,37,Unemployed,6997.0,513.0,5,1335,Yes,Fashion,60,High
C04215,35,Employed,87704.0,601.0,1,152,Yes,Fashion,37,Low
C04216,19,Employed,63587.0,730.0,0,0,No,Fashion,190,Low
C04217,21,Employed,63462.0,,4,746,No,Travel,914,Low
C04218,23,Employed,55353.0,629.0,4,511,Yes,Home/Furniture,368,Low
C04219,24,Student,11235.0,622.0,4,559,Yes,Fashion,86,High
C04220,41,Student,13121.0,759.0,4,834,No,Electronics,889,Medium
C04221,19,Employed,66691.0,722.0,1,189,Yes,Electronics,594,Low
C04222,50,Employed,74357.0,849.0,1,135,No,Home/Furniture,523,Low
C04223,35,Employed,85003.0,697.0,0,0,No,Fashion,135,Low
C04224,27,Student,22644.0,583.0,10,2209,No,Home/Furniture,310,High
C04225,23,Freelancer,35119.0,543.0,2,91,No,Home/Furniture,443,Low
C04226,56,Student,5000.0,562.0,1,74,Yes,Fashion,75,Low
C04227,47,Employed,89985.0,635.0,3,181,No,Travel,997,Low
C04228,61,Freelancer,29398.0,701.0,2,237,Yes,Fashion,126,Low
C04229,63,Employed,88597.0,734.0,1,157,No,Fashion,39,Low
C04230,23,Student,5000.0,613.0,3,540,Yes,Travel,1142,High
C04231,22,Employed,56358.0,685.0,2,255,No,Fashion,109,Low
C04232,34,Unemployed,5856.0,529.0,1,190,No,Groceries/Essentials,74,Low
C04233,21,Employed,,699.0,1,114,No,Fashion,155,Low
C04234,35,Employed,55658.0,678.0,2,289,No,Home/Furniture,326,Low
C04235,55,Employed,87391.0,828.0,2,290,Yes,Fashion,98,Low
C04236,26,Employed,,676.0,4,481,Yes,Electronics,424,Low
C04237,20,Employed,67347.0,650.0,3,333,Yes,Electronics,428,Low
C04238,44,Employed,72712.0,709.0,1,180,Yes,Home/Furniture,502,Low
C04239,44,Employed,32513.0,674.0,2,261,No,Electronics,596,Low
C04240,25,Student,14451.0,648.0,4,474,No,Travel,569,Low
C04241,38,Employed,55729.0,685.0,1,104,No,Fashion,155,Low
C04242,43,Student,17916.0,698.0,2,352,No,Travel,669,Low
C04243,44,Student,19813.0,597.0,3,646,No,Electronics,438,Low
C04244,58,Student,16698.0,653.0,8,1655,Yes,Electronics,717,High
C04245,58,Employed,82651.0,677.0,1,72,No,Home/Furniture,250,Low
C04246,19,Employed,68626.0,696.0,1,162,No,Fashion,89,Low
C04247,21,Unemployed,18299.0,469.0,1,177,Yes,Electronics,625,Medium
C04248,18,Student,19258.0,600.0,0,0,Yes,Electronics,408,Low
C04249,53,Unemployed,20249.0,607.0,2,383,No,Groceries/Essentials,54,Low
C04250,36,Student,20309.0,617.0,2,433,Yes,Travel,1128,Low
C04251,28,Freelancer,55694.0,592.0,1,184,Yes,Electronics,221,Low
C04252,19,Freelancer,62751.0,532.0,2,166,Yes,Travel,1022,Low
C04253,32,Freelancer,,609.0,2,407,Yes,Groceries/Essentials,60,Low
C04254,41,Employed,60682.0,743.0,8,621,No,Electronics,522,Low
C04255,49,Employed,75331.0,673.0,1,191,No,Fashion,95,Low
C04256,25,Student,15961.0,608.0,1,185,Yes,Electronics,243,Low
C04257,58,Unemployed,5000.0,653.0,1,159,No,Fashion,98,Medium
C04258,18,Employed,51582.0,738.0,1,150,No,Electronics,626,Low
C04259,20,Employed,112124.0,684.0,0,0,Yes,Home/Furniture,383,Low
C04260,43,Employed,50813.0,722.0,2,320,Yes,Fashion,110,Low
C04261,51,Freelancer,5000.0,670.0,0,0,No,Fashion,114,Low
C04262,42,Employed,19324.0,678.0,3,404,Yes,Fashion,74,Low
C04263,31,Freelancer,64034.0,,3,188,Yes,Fashion,149,Low
C04264,22,Student,21560.0,552.0,4,399,No,Home/Furniture,321,Low
C04265,24,Employed,56806.0,716.0,0,0,No,Fashion,42,Low
C04266,53,Unemployed,17487.0,585.0,5,441,Yes,Fashion,137,High
C04267,25,Employed,73370.0,708.0,1,42,No,Electronics,931,Low
C04268,20,Employed,58058.0,690.0,0,0,No,Travel,800,Low
C04269,28,Freelancer,17951.0,642.0,4,592,No,Electronics,481,Low
C04270,37,Student,20031.0,585.0,5,406,No,Home/Furniture,555,Low
C04271,33,Employed,92347.0,697.0,4,693,No,Groceries/Essentials,28,Low
C04272,62,Employed,57058.0,698.0,4,1325,No,Fashion,134,Low
C04273,31,Employed,53475.0,759.0,5,798,No,Electronics,235,Low
C04274,23,Unemployed,12570.0,582.0,0,0,No,Home/Furniture,174,Low
C04275,24,Student,15004.0,539.0,1,134,Yes,Fashion,46,Low
C04276,21,Employed,82858.0,670.0,0,0,No,Home/Furniture,391,Low
C04277,34,Employed,52927.0,654.0,5,992,Yes,Electronics,298,Low
C04278,52,Unemployed,,503.0,0,0,Yes,Fashion,88,Low
C04279,40,Employed,39047.0,604.0,1,119,Yes,Fashion,103,Low
C04280,27,Student,21482.0,474.0,0,0,Yes,Travel,899,Low
C04281,39,Student,7657.0,590.0,2,258,No,Home/Furniture,354,Low
C04282,46,Employed,88059.0,694.0,1,181,No,Fashion,74,Low
C04283,24,Student,23931.0,639.0,3,513,No,Fashion,189,Low
C04284,30,Employed,55829.0,668.0,1,101,No,Groceries/Essentials,20,Low
C04285,50,Employed,85401.0,809.0,2,206,No,Fashion,79,Low
C04286,23,Student,10313.0,797.0,2,226,No,Electronics,349,Low
C04287,22,Employed,56062.0,675.0,2,365,Yes,Home/Furniture,348,Low
C04288,24,Student,18481.0,,2,327,No,Fashion,166,Low
C04289,39,Student,20888.0,614.0,3,220,Yes,Home/Furniture,318,Low
C04290,35,Employed,100576.0,686.0,2,343,No,Fashion,97,Low
C04291,36,Student,20169.0,641.0,1,230,No,Home/Furniture,218,Low
C04292,56,Employed,75314.0,674.0,4,1075,No,Home/Furniture,611,Low
C04293,49,Employed,111240.0,708.0,3,523,No,Electronics,630,Low
C04294,44,Employed,99119.0,669.0,4,285,No,Electronics,424,Low
C04295,18,Freelancer,81383.0,651.0,1,137,No,Electronics,529,Low
C04296,25,Employed,96981.0,774.0,2,285,No,Electronics,444,Low
C04297,19,Student,11667.0,649.0,8,1217,Yes,Fashion,102,High
C04298,36,Employed,,751.0,7,992,No,Fashion,98,Low
C04299,63,Freelancer,52451.0,654.0,0,0,No,Electronics,421,Low
C04300,22,Freelancer,45256.0,669.0,1,180,No,Home/Furniture,283,Low
C04301,46,Employed,89448.0,718.0,2,366,No,Home/Furniture,271,Low
C04302,21,Employed,86597.0,683.0,1,140,No,Electronics,430,Low
C04303,18,Employed,73261.0,723.0,1,202,No,Fashion,41,Low
C04304,18,Student,9024.0,507.0,4,867,Yes,Home/Furniture,277,High
C04305,26,Employed,,713.0,2,237,No,Fashion,52,Low
C04306,25,Unemployed,17976.0,537.0,4,582,Yes,Travel,660,High
C04307,32,Employed,105476.0,608.0,7,935,No,Fashion,138,Low
C04308,34,Freelancer,49845.0,751.0,1,143,No,Electronics,480,Low
C04309,18,Student,18451.0,562.0,2,394,No,Fashion,174,Low
C04310,35,Freelancer,53778.0,700.0,3,432,No,Home/Furniture,419,Low
C04311,36,Student,11328.0,727.0,1,172,No,Fashion,35,Low
C04312,59,Freelancer,15344.0,637.0,0,0,Yes,Fashion,136,Low
C04313,19,Student,11506.0,,1,79,Yes,Electronics,586,Low
C04314,37,Employed,101260.0,736.0,0,0,No,Electronics,708,Low
C04315,31,Unemployed,18935.0,629.0,2,315,No,Electronics,631,Low
C04316,37,Student,9590.0,685.0,2,29,No,Electronics,346,Low
C04317,32,Freelancer,41915.0,652.0,6,852,No,Travel,541,Low
C04318,50,Freelancer,28455.0,730.0,6,856,No,Groceries/Essentials,65,Low
C04319,36,Student,15832.0,590.0,1,152,No,Electronics,608,Low
C04320,19,Freelancer,54201.0,738.0,3,512,No,Electronics,332,Low
C04321,36,Freelancer,62768.0,553.0,1,210,Yes,Fashion,93,Low
C04322,25,Employed,,685.0,2,292,No,Fashion,77,Low
C04323,63,Employed,55381.0,760.0,2,314,No,Home/Furniture,452,Low
C04324,22,Employed,77678.0,692.0,1,159,No,Electronics,464,Low
C04325,51,Employed,65316.0,766.0,1,118,No,Electronics,574,Low
C04326,58,Employed,28933.0,746.0,3,701,No,Fashion,118,Low
C04327,63,Employed,32636.0,621.0,1,244,No,Travel,588,Low
C04328,32,Student,13172.0,620.0,1,104,No,Fashion,58,Low
C04329,43,Freelancer,47337.0,621.0,4,277,No,Electronics,298,Low
C04330,43,Student,8549.0,684.0,1,91,No,Fashion,111,Low
C04331,39,Employed,57598.0,639.0,1,181,No,Home/Furniture,423,Low
C04332,62,Employed,60908.0,711.0,0,0,No,Fashion,116,Low
C04333,59,Employed,82189.0,671.0,0,0,No,Electronics,466,Low
C04334,28,Employed,73788.0,665.0,4,147,No,Electronics,576,Low
C04335,19,Student,17850.0,496.0,2,427,Yes,Electronics,457,Low
C04336,21,Freelancer,5967.0,689.0,3,492,No,Fashion,77,High
C04337,27,Freelancer,89436.0,653.0,2,346,No,Fashion,67,Low
C04338,28,Employed,37725.0,682.0,1,120,Yes,Fashion,152,Low
C04339,39,Employed,38546.0,657.0,0,0,No,Fashion,76,Low
C04340,22,Student,11539.0,514.0,0,0,Yes,Electronics,489,Low
C04341,27,Employed,91829.0,709.0,2,277,No,Electronics,562,Low
C04342,37,Freelancer,39794.0,688.0,2,247,No,Electronics,347,Low
C04343,24,Employed,37296.0,606.0,0,0,Yes,Electronics,394,Low
C04344,32,Employed,51170.0,692.0,1,265,No,Groceries/Essentials,60,Low
C04345,32,Freelancer,7487.0,,1,193,Yes,Fashion,74,Medium
C04346,33,Employed,119686.0,698.0,2,233,No,Groceries/Essentials,43,Low
C04347,32,Student,,522.0,1,139,Yes,Fashion,101,Low
C04348,59,Employed,78682.0,657.0,5,918,No,Travel,1085,Low
C04349,22,Student,11935.0,523.0,2,417,Yes,Electronics,493,Medium
C04350,24,Employed,47333.0,726.0,1,41,No,Electronics,621,Low
C04351,28,Student,12293.0,694.0,1,186,No,Fashion,41,Low
C04352,52,Employed,89601.0,776.0,1,181,No,Fashion,50,Low
C04353,58,Employed,77818.0,660.0,2,286,Yes,Fashion,37,Low
C04354,48,Employed,59537.0,536.0,1,127,Yes,Fashion,91,Low
C04355,31,Student,18300.0,620.0,3,611,Yes,Home/Furniture,321,Medium
C04356,26,Unemployed,18129.0,610.0,3,388,No,Electronics,544,Low
C04357,42,Unemployed,7556.0,632.0,1,150,No,Home/Furniture,245,Low
C04358,28,Employed,87258.0,700.0,1,163,No,Fashion,123,Low
C04359,63,Student,11659.0,785.0,3,32,No,Fashion,114,Low
C04360,38,Employed,82967.0,727.0,1,220,No,Home/Furniture,428,Low
C04361,60,Employed,99439.0,770.0,3,496,No,Fashion,150,Low
C04362,58,Unemployed,27768.0,484.0,2,282,Yes,Fashion,181,Low
C04363,43,Employed,59262.0,754.0,2,397,No,Fashion,117,Low
C04364,38,Employed,61816.0,678.0,4,523,No,Fashion,46,Low
C04365,40,Employed,69490.0,767.0,1,143,Yes,Fashion,70,Low
C04366,23,Employed,39985.0,754.0,4,513,No,Home/Furniture,322,Low
C04367,34,Employed,69344.0,638.0,1,125,Yes,Fashion,102,Low
C04368,62,Employed,63894.0,742.0,4,810,No,Electronics,444,Low
C04369,31,Employed,84399.0,620.0,2,417,No,Fashion,137,Low
C04370,50,Freelancer,38138.0,616.0,0,0,No,Fashion,148,Low
C04371,18,Freelancer,89934.0,640.0,2,421,No,Fashion,41,Low
C04372,28,Employed,55724.0,709.0,3,383,No,Fashion,57,Low
C04373,23,Employed,69270.0,700.0,2,322,No,Electronics,427,Low
C04374,21,Employed,49142.0,661.0,4,950,No,Home/Furniture,322,Low
C04375,41,Employed,73765.0,701.0,5,313,No,Fashion,72,Low
C04376,56,Student,16401.0,558.0,2,54,Yes,Travel,674,Low
C04377,24,Employed,62958.0,711.0,2,370,No,Travel,805,Low
C04378,38,Student,12218.0,558.0,0,0,No,Fashion,67,Low
C04379,33,Employed,85209.0,741.0,4,305,No,Electronics,556,Low
C04380,25,Employed,81780.0,676.0,4,390,No,Groceries/Essentials,13,Low
C04381,25,Freelancer,26685.0,653.0,3,332,No,Fashion,37,Low
C04382,63,Employed,64373.0,771.0,2,349,No,Home/Furniture,402,Low
C04383,53,Unemployed,5000.0,580.0,1,196,Yes,Electronics,266,Medium
C04384,44,Employed,65006.0,556.0,2,200,No,Electronics,472,Low
C04385,61,Employed,86149.0,656.0,4,847,Yes,Fashion,74,Low
C04386,18,Student,12026.0,534.0,1,133,Yes,Fashion,101,Low
C04387,18,Unemployed,6045.0,506.0,1,177,Yes,Fashion,190,Medium
C04388,31,Employed,18117.0,695.0,4,558,No,Electronics,518,Low
C04389,52,Employed,77251.0,756.0,0,0,No,Fashion,52,Low
C04390,31,Freelancer,87473.0,,1,144,No,Home/Furniture,413,Low
C04391,61,Freelancer,44785.0,677.0,1,134,No,Electronics,645,Low
C04392,33,Employed,57053.0,699.0,2,311,No,Fashion,53,Low
C04393,38,Freelancer,24165.0,704.0,5,954,No,Electronics,588,Medium
C04394,39,Employed,67401.0,694.0,6,844,No,Home/Furniture,355,Low
C04395,20,Employed,73157.0,665.0,1,162,No,Electronics,635,Low
C04396,18,Employed,84366.0,663.0,0,0,No,Fashion,91,Low
C04397,46,Employed,75105.0,733.0,7,1116,No,Electronics,433,Low
C04398,19,Employed,68544.0,699.0,4,520,No,Fashion,130,Low
C04399,32,Student,10967.0,658.0,0,0,No,Fashion,121,Low
C04400,24,Freelancer,47571.0,583.0,0,0,No,Groceries/Essentials,21,Low
C04401,24,Employed,80197.0,623.0,1,243,Yes,Electronics,524,Low
C04402,18,Employed,69374.0,653.0,2,329,No,Fashion,92,Low
C04403,50,Employed,101961.0,739.0,1,229,No,Electronics,568,Low
C04404,36,Employed,73103.0,695.0,2,455,No,Groceries/Essentials,61,Low
C04405,47,Employed,33739.0,675.0,1,151,No,Electronics,589,Low
C04406,25,Freelancer,24637.0,720.0,2,321,No,Fashion,111,Low
C04407,22,Freelancer,42870.0,676.0,1,100,No,Home/Furniture,614,Low
C04408,51,Employed,35872.0,774.0,0,0,No,Fashion,47,Low
C04409,55,Student,7871.0,615.0,2,395,Yes,Fashion,162,Medium
C04410,23,Employed,40187.0,659.0,1,105,Yes,Fashion,80,Low
C04411,33,Employed,87730.0,680.0,0,0,No,Electronics,376,Low
C04412,26,Student,9752.0,648.0,1,225,No,Home/Furniture,375,Low
C04413,48,Freelancer,56979.0,626.0,1,187,No,Fashion,77,Low
C04414,38,Employed,30846.0,724.0,5,681,Yes,Electronics,708,Low
C04415,32,Student,17434.0,659.0,3,434,No,Electronics,571,Low
C04416,20,Freelancer,,650.0,2,296,No,Electronics,476,Medium
C04417,40,Student,12583.0,560.0,2,191,Yes,Fashion,128,Low
C04418,26,Employed,70677.0,756.0,1,149,No,Electronics,682,Low
C04419,24,Employed,39955.0,610.0,1,95,No,Electronics,646,Low
C04420,35,Employed,74545.0,592.0,4,722,Yes,Fashion,101,Low
C04421,53,Student,10990.0,514.0,1,275,Yes,Home/Furniture,441,Medium
C04422,43,Employed,,708.0,2,453,No,Home/Furniture,279,Low
C04423,55,Student,16996.0,417.0,1,106,No,Electronics,622,Low
C04424,29,Employed,114970.0,779.0,1,200,No,Fashion,71,Low
C04425,54,Freelancer,57724.0,682.0,2,424,No,Electronics,546,Low
C04426,26,Employed,85437.0,669.0,2,365,Yes,Travel,726,Low
C04427,19,Employed,102968.0,661.0,0,0,No,Electronics,239,Low
C04428,24,Employed,55276.0,701.0,2,190,No,Electronics,460,Low
C04429,40,Employed,115594.0,743.0,2,224,No,Groceries/Essentials,45,Low
C04430,21,Student,14977.0,562.0,1,140,No,Groceries/Essentials,67,Low
C04431,38,Unemployed,5000.0,573.0,6,615,No,Fashion,113,High
C04432,46,Employed,59672.0,766.0,3,507,No,Fashion,117,Low
C04433,32,Student,15352.0,474.0,3,387,Yes,Fashion,108,Medium
C04434,24,Unemployed,19717.0,399.0,6,825,Yes,Groceries/Essentials,52,High
C04435,50,Student,10886.0,,3,483,No,Fashion,164,Low
C04436,21,Employed,116492.0,687.0,2,295,No,Travel,668,Low
C04437,63,Student,17027.0,580.0,3,494,Yes,Electronics,501,Medium
C04438,31,Employed,65101.0,763.0,2,271,No,Groceries/Essentials,66,Low
C04439,26,Employed,74927.0,775.0,4,575,No,Electronics,547,Low
C04440,35,Employed,77770.0,768.0,2,397,No,Fashion,151,Low
C04441,21,Student,16093.0,649.0,1,158,No,Home/Furniture,201,Low
C04442,26,Employed,81073.0,694.0,2,273,No,Fashion,123,Low
C04443,49,Student,11736.0,624.0,2,380,No,Home/Furniture,138,Low
C04444,20,Freelancer,54504.0,557.0,2,231,No,Electronics,593,Low
C04445,30,Freelancer,51195.0,659.0,2,400,No,Fashion,63,Low
C04446,30,Employed,77333.0,666.0,1,116,No,Electronics,550,Low
C04447,52,Employed,70706.0,724.0,1,138,No,Home/Furniture,562,Low
C04448,39,Employed,63920.0,729.0,1,134,No,Groceries/Essentials,67,Low
C04449,27,Employed,65305.0,695.0,3,546,No,Fashion,189,Low
C04450,19,Employed,103607.0,724.0,5,878,Yes,Electronics,866,Low
C04451,32,Employed,93508.0,710.0,2,276,Yes,Home/Furniture,424,Low
C04452,53,Employed,104030.0,736.0,1,163,No,Fashion,86,Low
C04453,51,Employed,45068.0,,1,218,No,Electronics,331,Low
C04454,33,Student,13273.0,645.0,1,166,No,Fashion,87,Low
C04455,30,Employed,103623.0,686.0,3,532,No,Electronics,391,Low
C04456,37,Employed,32893.0,666.0,5,1082,No,Fashion,95,Low
C04457,34,Employed,62808.0,657.0,2,81,No,Groceries/Essentials,33,Low
C04458,22,Employed,56701.0,631.0,1,165,Yes,Travel,951,Low
C04459,59,Freelancer,25567.0,706.0,3,271,No,Electronics,614,Low
C04460,37,Employed,92444.0,695.0,1,177,No,Electronics,379,Low
C04461,22,Employed,51140.0,678.0,1,92,No,Groceries/Essentials,66,Low
C04462,23,Employed,56680.0,738.0,3,628,No,Home/Furniture,489,Low
C04463,38,Student,17414.0,554.0,1,85,Yes,Fashion,192,Low
C04464,24,Student,18392.0,634.0,6,664,No,Fashion,116,Low
C04465,34,Freelancer,30037.0,546.0,2,420,Yes,Home/Furniture,460,Low
C04466,32,Student,8981.0,,3,648,No,Fashion,164,High
C04467,20,Employed,69677.0,616.0,4,647,Yes,Electronics,622,Low
C04468,18,Employed,73973.0,712.0,2,245,No,Electronics,411,Low
C04469,31,Employed,64162.0,714.0,2,272,No,Groceries/Essentials,47,Low
C04470,32,Freelancer,67807.0,653.0,2,313,No,Fashion,119,Low
C04471,52,Student,,608.0,0,0,No,Fashion,47,Low
C04472,40,Student,19503.0,719.0,0,0,No,Home/Furniture,357,Low
C04473,56,Employed,90237.0,630.0,1,149,No,Groceries/Essentials,66,Low
C04474,31,Freelancer,37156.0,646.0,2,366,No,Home/Furniture,404,Low
C04475,49,Freelancer,76229.0,689.0,1,170,No,Fashion,81,Low
C04476,44,Employed,32215.0,702.0,1,117,No,Fashion,94,Low
C04477,54,Student,11641.0,508.0,1,147,Yes,Electronics,272,Low
C04478,43,Employed,79271.0,634.0,1,169,No,Electronics,578,Low
C04479,63,Employed,40085.0,704.0,0,0,Yes,Fashion,102,Low
C04480,44,Unemployed,5000.0,498.0,1,98,Yes,Travel,823,Medium
C04481,63,Employed,46937.0,718.0,1,156,No,Travel,877,Low
C04482,35,Employed,79748.0,719.0,1,228,No,Fashion,102,Low
C04483,22,Freelancer,52681.0,608.0,2,279,Yes,Electronics,645,Low
C04484,27,Freelancer,82308.0,576.0,1,183,No,Electronics,470,Low
C04485,22,Freelancer,15839.0,599.0,1,135,Yes,Electronics,390,Low
C04486,40,Employed,91240.0,698.0,2,117,No,Home/Furniture,376,Low
C04487,21,Freelancer,74720.0,526.0,5,1039,Yes,Fashion,104,Medium
C04488,60,Employed,71026.0,682.0,1,150,No,Fashion,94,Low
C04489,40,Employed,77063.0,,1,139,No,Fashion,93,Low
C04490,21,Employed,24725.0,636.0,1,198,No,Electronics,539,Low
C04491,28,Student,16325.0,440.0,0,0,Yes,Fashion,92,Low
C04492,35,Freelancer,31148.0,724.0,0,0,No,Fashion,90,Low
C04493,18,Employed,55315.0,611.0,2,490,Yes,Home/Furniture,448,Low
C04494,24,Freelancer,5000.0,617.0,1,226,No,Fashion,66,Low
C04495,44,Employed,80508.0,728.0,1,161,No,Home/Furniture,501,Low
C04496,22,Employed,68943.0,,0,0,Yes,Fashion,53,Low
C04497,38,Employed,47091.0,750.0,0,0,No,Home/Furniture,332,Low
C04498,42,Employed,71578.0,710.0,0,0,No,Fashion,61,Low
C04499,27,Employed,69752.0,628.0,6,642,No,Electronics,238,Low
C04500,24,Student,9135.0,651.0,1,125,No,Fashion,94,Low
C04501,26,Student,14007.0,531.0,3,644,Yes,Electronics,596,Medium
C04502,32,Freelancer,33326.0,661.0,2,355,No,Electronics,603,Low
C04503,43,Student,22395.0,604.0,3,673,No,Fashion,175,Low
C04504,24,Freelancer,28906.0,511.0,0,0,Yes,Electronics,526,Low
C04505,51,Employed,50137.0,571.0,1,137,No,Electronics,536,Low
C04506,19,Unemployed,5000.0,498.0,4,245,Yes,Electronics,399,High
C04507,44,Employed,66995.0,705.0,2,281,No,Home/Furniture,371,Low
C04508,43,Employed,64405.0,707.0,1,123,No,Electronics,468,Low
C04509,31,Employed,59926.0,687.0,1,152,No,Travel,797,Low
C04510,46,Employed,79612.0,727.0,3,351,No,Fashion,91,Low
C04511,50,Unemployed,18696.0,534.0,1,207,Yes,Electronics,423,Medium
C04512,22,Employed,63048.0,636.0,3,260,Yes,Electronics,494,Low
C04513,39,Employed,30885.0,713.0,0,0,No,Home/Furniture,384,Low
C04514,41,Employed,40486.0,694.0,7,1219,No,Electronics,501,Medium
C04515,49,Employed,70995.0,764.0,3,528,No,Fashion,93,Low
C04516,22,Student,7701.0,616.0,6,436,No,Home/Furniture,369,Medium
C04517,25,Employed,80683.0,742.0,0,0,Yes,Fashion,89,Low
C04518,47,Employed,79924.0,690.0,5,787,No,Groceries/Essentials,53,Low
C04519,27,Freelancer,5000.0,700.0,1,260,No,Electronics,645,Medium
C04520,21,Employed,95152.0,831.0,1,213,No,Home/Furniture,276,Low
C04521,47,Employed,54075.0,683.0,1,214,No,Fashion,97,Low
C04522,49,Student,19722.0,629.0,0,0,Yes,Home/Furniture,389,Low
C04523,18,Employed,71770.0,740.0,3,215,No,Fashion,128,Low
C04524,36,Employed,68261.0,681.0,2,346,No,Groceries/Essentials,56,Low
C04525,37,Employed,98540.0,722.0,2,236,No,Travel,708,Low
C04526,30,Student,15242.0,539.0,6,814,Yes,Travel,859,High
C04527,31,Employed,125660.0,725.0,2,274,No,Electronics,203,Low
C04528,40,Student,17574.0,617.0,2,149,Yes,Fashion,85,Low
C04529,34,Employed,45520.0,666.0,0,0,No,Travel,967,Low
C04530,36,Freelancer,75919.0,579.0,1,145,No,Fashion,103,Low
C04531,21,Employed,101570.0,823.0,4,323,No,Groceries/Essentials,61,Low
C04532,24,Employed,65175.0,674.0,2,322,No,Electronics,445,Low
C04533,47,Employed,59750.0,707.0,1,179,Yes,Home/Furniture,484,Low
C04534,19,Employed,70987.0,600.0,2,289,Yes,Travel,1329,Low
C04535,36,Freelancer,73185.0,766.0,3,346,No,Fashion,82,Low
C04536,20,Student,20918.0,612.0,1,158,Yes,Travel,500,Low
C04537,25,Employed,91472.0,805.0,4,522,No,Electronics,530,Low
C04538,38,Employed,41309.0,673.0,1,118,No,Electronics,455,Low
C04539,19,Student,19052.0,557.0,1,113,Yes,Fashion,62,Low
C04540,34,Employed,81142.0,685.0,2,289,No,Fashion,106,Low
C04541,27,Employed,107706.0,681.0,1,138,No,Travel,688,Low
C04542,45,Student,7983.0,599.0,0,0,Yes,Fashion,136,Low
C04543,33,Employed,,699.0,2,288,No,Home/Furniture,390,Low
C04544,38,Student,16451.0,649.0,0,0,No,Travel,770,Low
C04545,46,Freelancer,72518.0,665.0,3,390,No,Travel,1061,Low
C04546,30,Freelancer,76186.0,698.0,1,140,No,Travel,572,Low
C04547,18,Employed,76500.0,738.0,4,679,No,Electronics,660,Low
C04548,52,Employed,66744.0,711.0,1,207,No,Fashion,83,Low
C04549,18,Freelancer,49152.0,598.0,4,461,Yes,Electronics,722,Low
C04550,45,Employed,69205.0,645.0,1,181,Yes,Electronics,266,Low
C04551,47,Employed,99255.0,765.0,3,476,No,Home/Furniture,255,Low
C04552,28,Freelancer,67215.0,707.0,3,279,No,Electronics,673,Low
C04553,34,Student,8728.0,422.0,1,179,Yes,Electronics,589,Medium
C04554,24,Student,5000.0,460.0,3,262,Yes,Fashion,90,High
C04555,26,Employed,80749.0,738.0,6,1114,No,Fashion,172,Low
C04556,31,Employed,53641.0,724.0,1,119,No,Electronics,495,Low
C04557,22,Student,12882.0,504.0,2,340,Yes,Fashion,98,Medium
C04558,48,Employed,79442.0,664.0,2,176,No,Travel,800,Low
C04559,23,Freelancer,45682.0,621.0,3,501,Yes,Fashion,165,Medium
C04560,22,Employed,88294.0,680.0,2,273,No,Electronics,506,Low
C04561,33,Freelancer,55942.0,641.0,2,280,Yes,Fashion,146,Low
C04562,61,Employed,51829.0,714.0,1,172,Yes,Fashion,68,Low
C04563,60,Freelancer,25616.0,601.0,5,565,No,Fashion,86,Low
C04564,56,Employed,71330.0,737.0,1,72,No,Fashion,152,Low
C04565,19,Employed,87196.0,639.0,5,264,No,Fashion,44,Low
C04566,23,Employed,22467.0,687.0,1,169,No,Fashion,137,Low
C04567,45,Freelancer,33943.0,732.0,2,349,No,Fashion,58,Low
C04568,20,Freelancer,25397.0,644.0,2,349,No,Fashion,134,Low
C04569,42,Student,16301.0,686.0,1,191,No,Electronics,665,Low
C04570,30,Employed,54599.0,672.0,3,397,No,Groceries/Essentials,40,Low
C04571,22,Employed,79969.0,746.0,1,193,No,Home/Furniture,253,Low
C04572,41,Employed,95367.0,726.0,0,0,No,Travel,837,Low
C04573,50,Employed,82281.0,747.0,1,150,No,Electronics,161,Low
C04574,54,Employed,66191.0,617.0,0,0,Yes,Fashion,140,Low
C04575,64,Employed,89705.0,,1,204,Yes,Fashion,18,Low
C04576,32,Freelancer,57383.0,652.0,2,406,No,Fashion,93,Low
C04577,50,Employed,67754.0,727.0,2,357,Yes,Fashion,135,Low
C04578,56,Unemployed,15637.0,426.0,1,117,Yes,Fashion,81,Medium
C04579,27,Freelancer,27921.0,791.0,6,968,No,Electronics,481,Low
C04580,43,Employed,53607.0,744.0,3,417,No,Fashion,44,Low
C04581,21,Student,10809.0,666.0,8,954,No,Fashion,116,High
C04582,22,Employed,67712.0,,3,559,No,Home/Furniture,349,Low
C04583,23,Employed,70068.0,756.0,1,124,Yes,Fashion,140,Low
C04584,30,Employed,51515.0,663.0,5,728,No,Home/Furniture,407,Low
C04585,22,Freelancer,57682.0,501.0,10,710,Yes,Fashion,81,Medium
C04586,26,Employed,59889.0,638.0,1,202,No,Home/Furniture,320,Low
C04587,20,Employed,85479.0,714.0,2,229,No,Fashion,55,Low
C04588,29,Student,19196.0,432.0,6,1714,Yes,Fashion,99,High
C04589,35,Employed,18335.0,622.0,1,76,Yes,Electronics,539,Low
C04590,38,Student,12095.0,655.0,3,676,No,Fashion,148,Medium
C04591,22,Freelancer,21839.0,689.0,5,758,Yes,Fashion,72,Medium
C04592,43,Employed,70000.0,756.0,1,157,No,Fashion,70,Low
C04593,45,Employed,53655.0,654.0,2,128,No,Electronics,640,Low
C04594,21,Freelancer,9139.0,708.0,1,196,No,Fashion,68,Low
C04595,43,Employed,76728.0,726.0,3,535,Yes,Travel,252,Low
C04596,34,Employed,94775.0,711.0,4,548,No,Home/Furniture,410,Low
C04597,18,Unemployed,8009.0,453.0,2,194,Yes,Electronics,476,Medium
C04598,22,Employed,,746.0,5,630,No,Fashion,88,Low
C04599,46,Employed,61181.0,674.0,10,1509,No,Fashion,111,Medium
C04600,18,Employed,95417.0,723.0,3,464,No,Travel,926,Low
C04601,21,Employed,71963.0,707.0,3,394,Yes,Fashion,124,Low
C04602,34,Employed,115010.0,583.0,1,134,Yes,Home/Furniture,280,Low
C04603,27,Freelancer,70302.0,614.0,1,157,Yes,Fashion,153,Low
C04604,30,Employed,85427.0,703.0,1,147,No,Electronics,494,Low
C04605,34,Freelancer,60554.0,667.0,5,686,Yes,Travel,465,Medium
C04606,35,Student,14277.0,,1,114,No,Fashion,95,Low
C04607,34,Employed,77676.0,676.0,1,71,No,Fashion,100,Low
C04608,46,Freelancer,88456.0,748.0,1,175,No,Fashion,100,Low
C04609,37,Employed,87091.0,756.0,2,189,No,Travel,1127,Low
C04610,34,Employed,91590.0,609.0,5,600,No,Travel,978,Low
C04611,20,Employed,74567.0,712.0,2,172,No,Fashion,91,Low
C04612,25,Employed,102775.0,532.0,1,288,Yes,Travel,1073,Low
C04613,19,Unemployed,5000.0,496.0,2,487,Yes,Electronics,504,High
C04614,27,Employed,69405.0,690.0,3,309,No,Fashion,10,Low
C04615,20,Unemployed,11365.0,599.0,2,341,No,Fashion,159,Low
C04616,63,Employed,86743.0,765.0,3,410,No,Fashion,136,Low
C04617,36,Employed,89513.0,624.0,5,1376,Yes,Home/Furniture,550,Medium
C04618,20,Employed,55301.0,655.0,2,407,No,Home/Furniture,474,Low
C04619,18,Employed,86553.0,694.0,1,87,No,Electronics,496,Low
C04620,37,Employed,100158.0,687.0,1,112,No,Fashion,59,Low
C04621,23,Student,11920.0,671.0,4,564,No,Fashion,193,Medium
C04622,30,Employed,59859.0,699.0,0,0,No,Home/Furniture,493,Low
C04623,33,Employed,63765.0,649.0,8,1528,No,Fashion,109,Medium
C04624,37,Freelancer,19710.0,663.0,2,191,No,Fashion,82,Low
C04625,28,Employed,88791.0,686.0,0,0,No,Travel,1088,Low
C04626,30,Employed,72917.0,741.0,2,198,No,Electronics,363,Low
C04627,51,Employed,44653.0,697.0,1,221,Yes,Travel,591,Low
C04628,23,Employed,56068.0,611.0,3,500,No,Electronics,514,Low
C04629,50,Freelancer,41343.0,608.0,6,1283,No,Groceries/Essentials,16,Medium
C04630,26,Student,14649.0,551.0,0,0,No,Home/Furniture,178,Low
C04631,22,Employed,93154.0,758.0,0,0,No,Fashion,128,Low
C04632,33,Employed,32270.0,744.0,3,820,No,Fashion,97,Low
C04633,56,Unemployed,12054.0,529.0,1,99,Yes,Fashion,120,Medium
C04634,23,Employed,64544.0,697.0,4,952,No,Electronics,591,Low
C04635,20,Employed,89164.0,726.0,1,169,No,Travel,1150,Low
C04636,29,Employed,50348.0,715.0,2,210,No,Electronics,347,Low
C04637,29,Employed,75405.0,721.0,1,194,No,Travel,806,Low
C04638,60,Freelancer,43916.0,671.0,1,79,No,Electronics,460,Low
C04639,31,Employed,34627.0,698.0,1,0,No,Electronics,428,Low
C04640,36,Employed,85013.0,708.0,0,0,No,Travel,515,Low
C04641,41,Freelancer,66673.0,674.0,3,495,No,Electronics,137,Low
C04642,24,Freelancer,47119.0,558.0,3,486,No,Travel,855,Low
C04643,61,Freelancer,42762.0,635.0,0,0,No,Fashion,76,Low
C04644,31,Employed,64203.0,657.0,2,164,No,Fashion,37,Low
C04645,21,Employed,85695.0,,4,644,No,Fashion,135,Low
C04646,29,Employed,100179.0,772.0,1,92,No,Fashion,82,Low
C04647,29,Student,18320.0,582.0,1,202,No,Groceries/Essentials,52,Low
C04648,33,Unemployed,11331.0,740.0,1,186,No,Electronics,365,Low
C04649,24,Employed,80689.0,753.0,4,780,No,Electronics,292,Low
C04650,22,Employed,42095.0,664.0,1,220,No,Electronics,513,Low
C04651,31,Unemployed,5000.0,568.0,0,0,Yes,Home/Furniture,385,Low
C04652,22,Freelancer,41360.0,637.0,3,505,No,Fashion,150,Low
C04653,45,Student,13933.0,628.0,2,233,No,Electronics,425,Low
C04654,39,Employed,26539.0,676.0,1,147,No,Groceries/Essentials,46,Low
C04655,29,Employed,65013.0,671.0,0,0,No,Electronics,546,Low
C04656,38,Employed,81798.0,654.0,1,235,No,Fashion,81,Low
C04657,39,Freelancer,92833.0,721.0,1,189,No,Home/Furniture,403,Low
C04658,40,Employed,29439.0,601.0,1,106,No,Fashion,96,Low
C04659,30,Employed,57112.0,589.0,0,0,No,Electronics,498,Low
C04660,19,Student,22031.0,622.0,2,282,No,Electronics,388,Low
C04661,25,Employed,86853.0,720.0,1,214,No,Travel,744,Low
C04662,21,Employed,61167.0,715.0,1,203,No,Travel,902,Low
C04663,29,Employed,69532.0,775.0,2,322,No,Travel,1313,Low
C04664,40,Employed,101282.0,732.0,5,437,No,Electronics,357,Low
C04665,34,Student,10436.0,538.0,4,1031,Yes,Electronics,55,High
C04666,47,Employed,61293.0,720.0,5,535,No,Electronics,342,Low
C04667,46,Employed,62657.0,712.0,1,166,No,Electronics,467,Low
C04668,29,Employed,83545.0,607.0,2,285,No,Fashion,149,Low
C04669,43,Student,15653.0,516.0,1,158,No,Electronics,419,Low
C04670,24,Employed,,636.0,4,400,No,Electronics,393,Low
C04671,21,Employed,69546.0,580.0,2,307,No,Home/Furniture,442,Low
C04672,22,Employed,75016.0,676.0,3,388,No,Travel,408,Low
C04673,20,Freelancer,15212.0,718.0,4,745,No,Fashion,77,Medium
C04674,47,Freelancer,75404.0,724.0,1,160,Yes,Fashion,55,Low
C04675,21,Student,22365.0,391.0,2,429,No,Fashion,55,Low
C04676,46,Employed,78232.0,688.0,3,622,No,Fashion,75,Low
C04677,20,Employed,88946.0,696.0,1,102,No,Electronics,310,Low
C04678,62,Employed,61920.0,726.0,3,517,No,Electronics,337,Low
C04679,23,Employed,85566.0,623.0,3,258,No,Electronics,521,Low
C04680,49,Employed,88006.0,,2,294,No,Home/Furniture,385,Low
C04681,55,Freelancer,65740.0,694.0,1,220,No,Home/Furniture,489,Low
C04682,22,Freelancer,46122.0,650.0,0,0,Yes,Groceries/Essentials,51,Low
C04683,48,Employed,60631.0,,1,138,No,Electronics,393,Low
C04684,25,Employed,55602.0,609.0,3,356,Yes,Home/Furniture,438,Low
C04685,60,Employed,64320.0,660.0,3,298,No,Fashion,165,Low
C04686,20,Employed,107050.0,691.0,3,447,No,Groceries/Essentials,41,Low
C04687,37,Employed,107899.0,774.0,2,156,Yes,Fashion,99,Low
C04688,44,Employed,82894.0,722.0,1,186,No,Electronics,718,Low
C04689,29,Employed,113282.0,682.0,6,1288,No,Fashion,145,Low
C04690,54,Employed,45704.0,612.0,2,377,No,Home/Furniture,369,Low
C04691,42,Employed,91597.0,753.0,3,342,No,Electronics,594,Low
C04692,18,Unemployed,10528.0,541.0,1,60,Yes,Electronics,555,Low
C04693,27,Student,15119.0,513.0,1,143,Yes,Fashion,156,Low
C04694,53,Employed,,666.0,1,138,No,Electronics,400,Low
C04695,49,Employed,53060.0,739.0,0,0,No,Fashion,47,Low
C04696,27,Employed,74000.0,654.0,4,557,No,Fashion,74,Low
C04697,32,Employed,82171.0,815.0,3,584,No,Fashion,143,Low
C04698,32,Freelancer,74337.0,625.0,6,700,No,Travel,662,Low
C04699,22,Employed,87729.0,734.0,3,268,No,Fashion,174,Low
C04700,45,Employed,80967.0,792.0,3,516,No,Electronics,312,Low
C04701,34,Employed,56803.0,788.0,1,190,No,Fashion,175,Low
C04702,53,Employed,49344.0,659.0,5,860,No,Fashion,91,Low
C04703,30,Employed,70727.0,791.0,5,485,No,Electronics,519,Low
C04704,48,Student,13694.0,,2,444,Yes,Electronics,642,Medium
C04705,38,Student,12598.0,610.0,0,0,Yes,Fashion,86,Low
C04706,24,Employed,88888.0,694.0,4,696,No,Home/Furniture,388,Low
C04707,56,Student,5000.0,676.0,1,185,No,Fashion,96,Low
C04708,18,Employed,99276.0,727.0,1,100,No,Electronics,352,Low
C04709,58,Unemployed,6317.0,598.0,2,359,Yes,Electronics,765,High
C04710,20,Employed,83796.0,565.0,3,532,No,Electronics,488,Low
C04711,44,Employed,72895.0,620.0,0,0,No,Electronics,393,Low
C04712,21,Employed,77224.0,789.0,2,321,No,Electronics,471,Low
C04713,28,Employed,49920.0,625.0,1,245,Yes,Home/Furniture,276,Low
C04714,60,Employed,62747.0,767.0,2,121,No,Travel,1194,Low
C04715,41,Unemployed,16529.0,434.0,1,224,No,Fashion,76,Low
C04716,32,Freelancer,59378.0,583.0,2,253,No,Fashion,115,Low
C04717,39,Student,17605.0,570.0,3,334,No,Electronics,572,Low
C04718,42,Student,16481.0,586.0,0,0,No,Fashion,78,Low
C04719,21,Employed,55811.0,599.0,4,747,No,Fashion,155,Low
C04720,54,Student,8366.0,559.0,2,471,No,Fashion,108,Medium
C04721,31,Employed,96152.0,722.0,1,90,No,Fashion,94,Low
C04722,45,Employed,54144.0,644.0,3,539,No,Electronics,544,Low
C04723,23,Employed,45774.0,650.0,1,161,No,Fashion,26,Low
C04724,33,Student,17993.0,606.0,0,0,No,Electronics,379,Low
C04725,55,Employed,88373.0,692.0,2,371,Yes,Travel,939,Low
C04726,48,Employed,88030.0,685.0,5,854,No,Fashion,94,Low
C04727,52,Unemployed,5000.0,562.0,3,676,No,Electronics,714,High
C04728,38,Employed,74398.0,651.0,4,580,No,Electronics,337,Low
C04729,32,Employed,61541.0,679.0,1,147,Yes,Fashion,169,Low
C04730,30,Employed,88261.0,666.0,1,216,No,Travel,654,Low
C04731,47,Freelancer,48795.0,619.0,1,173,No,Electronics,700,Low
C04732,21,Employed,95434.0,702.0,3,713,No,Fashion,131,Low
C04733,61,Unemployed,14109.0,520.0,3,314,Yes,Electronics,519,Medium
C04734,31,Employed,68085.0,716.0,1,108,No,Fashion,140,Low
C04735,54,Employed,43832.0,689.0,2,20,No,Electronics,300,Low
C04736,22,Employed,82609.0,,2,301,No,Travel,695,Low
C04737,30,Employed,87867.0,655.0,2,248,No,Groceries/Essentials,39,Low
C04738,43,Employed,71356.0,730.0,1,249,No,Electronics,614,Low
C04739,23,Employed,32489.0,730.0,3,486,No,Home/Furniture,241,Low
C04740,47,Employed,80122.0,753.0,0,0,No,Home/Furniture,387,Low
C04741,54,Freelancer,,591.0,0,0,No,Fashion,17,Low
C04742,29,Student,15251.0,621.0,0,0,No,Travel,1237,Low
C04743,28,Employed,56248.0,719.0,0,0,No,Home/Furniture,510,Low
C04744,24,Unemployed,11121.0,459.0,5,1320,Yes,Fashion,71,High
C04745,37,Employed,68272.0,762.0,1,106,No,Fashion,140,Low
C04746,59,Student,9531.0,567.0,1,105,Yes,Electronics,601,Low
C04747,46,Freelancer,19962.0,625.0,1,183,No,Fashion,188,Low
C04748,25,Student,21667.0,579.0,4,708,Yes,Electronics,749,Medium
C04749,28,Employed,47040.0,747.0,1,87,No,Electronics,414,Low
C04750,39,Employed,68708.0,696.0,2,228,No,Travel,875,Low
C04751,33,Freelancer,31225.0,634.0,2,361,No,Fashion,126,Low
C04752,64,Freelancer,48647.0,742.0,1,123,No,Fashion,73,Low
C04753,32,Student,,,2,395,Yes,Electronics,477,Medium
C04754,25,Freelancer,55712.0,670.0,1,57,No,Travel,760,Low
C04755,37,Student,14426.0,660.0,6,661,No,Electronics,656,Medium
C04756,33,Employed,34514.0,713.0,2,431,No,Electronics,409,Low
C04757,19,Employed,51697.0,762.0,0,0,No,Home/Furniture,443,Low
C04758,46,Unemployed,9575.0,558.0,2,435,Yes,Home/Furniture,414,High
C04759,40,Student,25226.0,551.0,5,752,No,Electronics,479,Low
C04760,42,Employed,57669.0,710.0,2,318,No,Fashion,147,Low
C04761,19,Freelancer,,634.0,0,0,No,Fashion,121,Low
C04762,20,Employed,65334.0,720.0,3,351,No,Fashion,152,Low
C04763,32,Employed,54482.0,725.0,1,94,No,Travel,603,Low
C04764,20,Employed,76028.0,733.0,1,134,No,Electronics,601,Low
C04765,33,Employed,39918.0,744.0,3,520,Yes,Fashion,158,Low
C04766,32,Employed,85040.0,694.0,1,27,No,Fashion,70,Low
C04767,25,Employed,38171.0,678.0,7,946,No,Electronics,745,Low
C04768,64,Student,14932.0,564.0,5,1169,Yes,Fashion,48,High
C04769,47,Student,12748.0,554.0,1,102,No,Fashion,71,Low
C04770,34,Unemployed,5000.0,635.0,0,0,Yes,Electronics,644,Low
C04771,53,Employed,59715.0,742.0,2,324,No,Home/Furniture,249,Low
C04772,36,Employed,53588.0,807.0,1,195,No,Home/Furniture,462,Low
C04773,27,Unemployed,7191.0,792.0,0,0,No,Home/Furniture,406,Low
C04774,53,Employed,66493.0,770.0,1,69,No,Home/Furniture,315,Low
C04775,51,Freelancer,72497.0,729.0,1,119,Yes,Fashion,88,Low
C04776,29,Employed,82508.0,683.0,2,289,No,Electronics,708,Low
C04777,55,Student,12864.0,551.0,1,130,No,Fashion,238,Low
C04778,54,Freelancer,63003.0,713.0,3,512,No,Electronics,424,Low
C04779,29,Employed,70702.0,727.0,4,656,No,Home/Furniture,329,Low
C04780,21,Freelancer,71518.0,630.0,3,640,No,Fashion,17,Low
C04781,37,Employed,53678.0,762.0,1,216,No,Fashion,169,Low
C04782,23,Employed,84893.0,753.0,3,345,No,Electronics,438,Low
C04783,43,Employed,86147.0,664.0,2,217,No,Travel,819,Low
C04784,32,Employed,61438.0,840.0,2,275,No,Fashion,107,Low
C04785,26,Employed,89927.0,794.0,1,134,No,Travel,716,Low
C04786,23,Student,6302.0,766.0,3,562,No,Fashion,124,High
C04787,35,Employed,56661.0,640.0,3,615,No,Travel,838,Low
C04788,25,Freelancer,75223.0,709.0,4,625,No,Fashion,143,Low
C04789,63,Student,13469.0,563.0,2,456,No,Electronics,657,Low
C04790,21,Freelancer,40826.0,595.0,1,172,Yes,Electronics,195,Low
C04791,22,Employed,65752.0,751.0,1,135,No,Fashion,48,Low
C04792,31,Employed,113844.0,716.0,2,372,No,Electronics,507,Low
C04793,36,Employed,104850.0,740.0,4,1055,No,Fashion,10,Low
C04794,52,Employed,52485.0,763.0,1,125,No,Electronics,329,Low
C04795,59,Student,14994.0,614.0,2,311,Yes,Electronics,583,Low
C04796,40,Employed,33524.0,705.0,2,351,No,Electronics,413,Low
C04797,48,Unemployed,14691.0,439.0,3,462,Yes,Fashion,51,High
C04798,18,Employed,96623.0,,1,121,Yes,Fashion,98,Low
C04799,62,Employed,70324.0,754.0,1,185,No,Electronics,443,Low
C04800,34,Employed,68987.0,613.0,2,365,No,Electronics,497,Low
C04801,61,Student,17857.0,705.0,5,459,No,Fashion,115,Low
C04802,19,Employed,63116.0,761.0,3,656,No,Fashion,85,Low
C04803,19,Employed,75901.0,581.0,1,162,Yes,Fashion,131,Low
C04804,20,Student,17322.0,545.0,0,0,Yes,Home/Furniture,416,Low
C04805,29,Employed,53235.0,596.0,3,454,Yes,Electronics,498,Low
C04806,62,Employed,57667.0,709.0,6,636,No,Electronics,471,Low
C04807,27,Employed,65049.0,769.0,9,1420,No,Travel,597,Low
C04808,46,Employed,76977.0,681.0,4,229,No,Home/Furniture,494,Low
C04809,25,Student,12356.0,559.0,6,575,Yes,Fashion,80,High
C04810,30,Unemployed,15113.0,520.0,2,403,Yes,Electronics,596,Medium
C04811,32,Employed,78999.0,,1,191,No,Electronics,357,Low
C04812,30,Employed,69250.0,738.0,1,258,No,Fashion,58,Low
C04813,18,Student,15737.0,518.0,2,256,No,Electronics,533,Low
C04814,24,Employed,76095.0,697.0,0,0,No,Electronics,339,Low
C04815,37,Employed,85578.0,711.0,2,345,No,Fashion,142,Low
C04816,30,Employed,44989.0,639.0,0,0,Yes,Electronics,334,Low
C04817,34,Employed,47846.0,740.0,1,99,No,Groceries/Essentials,10,Low
C04818,29,Student,6109.0,744.0,2,295,No,Travel,930,Medium
C04819,24,Employed,28589.0,684.0,2,236,Yes,Groceries/Essentials,70,Low
C04820,32,Employed,54899.0,786.0,1,143,No,Fashion,11,Low
C04821,55,Employed,49402.0,613.0,1,193,No,Fashion,97,Low
C04822,35,Freelancer,34865.0,602.0,1,125,No,Fashion,61,Low
C04823,21,Employed,118079.0,654.0,2,373,No,Fashion,98,Low
C04824,21,Student,12940.0,554.0,1,173,No,Fashion,53,Low
C04825,21,Employed,62173.0,685.0,2,419,Yes,Electronics,451,Low
C04826,27,Employed,69931.0,,1,151,Yes,Fashion,59,Low
C04827,35,Employed,84272.0,637.0,3,357,Yes,Electronics,496,Low
C04828,59,Employed,69330.0,686.0,4,452,No,Fashion,144,Low
C04829,25,Employed,75352.0,676.0,2,340,No,Fashion,41,Low
C04830,30,Student,24266.0,,4,560,No,Electronics,421,Low
C04831,31,Employed,82068.0,746.0,2,227,No,Travel,904,Low
C04832,19,Student,18228.0,592.0,2,267,Yes,Fashion,115,Low
C04833,61,Employed,82873.0,811.0,10,928,No,Electronics,662,Low
C04834,52,Student,18759.0,437.0,5,840,Yes,Home/Furniture,385,High
C04835,32,Employed,25053.0,716.0,5,700,No,Groceries/Essentials,56,Low
C04836,34,Employed,60971.0,648.0,1,173,Yes,Fashion,108,Low
C04837,18,Employed,76604.0,648.0,1,172,No,Home/Furniture,489,Low
C04838,61,Student,8123.0,617.0,3,376,Yes,Fashion,70,High
C04839,23,Employed,105218.0,692.0,2,279,No,Electronics,258,Low
C04840,18,Employed,106307.0,712.0,3,577,No,Electronics,419,Low
C04841,63,Employed,73116.0,664.0,2,386,Yes,Fashion,179,Low
C04842,24,Employed,77428.0,680.0,2,280,No,Home/Furniture,598,Low
C04843,53,Unemployed,11952.0,467.0,2,185,Yes,Home/Furniture,536,Medium
C04844,32,Employed,57812.0,655.0,4,527,Yes,Fashion,111,Low
C04845,23,Employed,84584.0,699.0,1,140,No,Fashion,46,Low
C04846,19,Employed,39392.0,683.0,2,424,No,Fashion,55,Low
C04847,46,Employed,33838.0,745.0,2,202,No,Fashion,86,Low
C04848,42,Unemployed,16564.0,638.0,3,375,Yes,Electronics,480,Medium
C04849,44,Freelancer,74315.0,596.0,4,650,No,Electronics,278,Low
C04850,18,Unemployed,8730.0,601.0,1,243,Yes,Fashion,126,Medium
C04851,20,Student,19487.0,639.0,6,1486,No,Home/Furniture,282,High
C04852,39,Unemployed,5000.0,521.0,3,466,Yes,Home/Furniture,388,High
C04853,23,Employed,70805.0,648.0,5,823,Yes,Fashion,21,Low
C04854,35,Employed,23265.0,709.0,6,1307,No,Travel,614,Medium
C04855,33,Unemployed,13494.0,598.0,1,13,No,Fashion,161,Low
C04856,22,Employed,45801.0,744.0,3,471,No,Home/Furniture,432,Low
C04857,25,Employed,107855.0,692.0,2,220,No,Home/Furniture,302,Low
C04858,53,Freelancer,65800.0,614.0,1,148,No,Home/Furniture,525,Low
C04859,31,Employed,60978.0,641.0,5,947,Yes,Electronics,471,Medium
C04860,31,Unemployed,13534.0,576.0,2,176,No,Electronics,313,Low
C04861,54,Student,19315.0,,2,269,Yes,Electronics,377,Low
C04862,23,Student,8392.0,592.0,2,189,No,Fashion,69,Low
C04863,27,Employed,83770.0,670.0,3,547,No,Home/Furniture,382,Low
C04864,34,Employed,38880.0,714.0,1,143,No,Electronics,492,Low
C04865,62,Employed,93721.0,714.0,1,132,No,Fashion,119,Low
C04866,44,Freelancer,87143.0,659.0,5,371,No,Home/Furniture,382,Low
C04867,23,Employed,56192.0,,4,570,No,Electronics,724,Low
C04868,34,Unemployed,7802.0,498.0,2,346,Yes,Electronics,264,High
C04869,31,Employed,67835.0,662.0,2,124,No,Groceries/Essentials,69,Low
C04870,35,Employed,79529.0,727.0,4,804,No,Travel,882,Low
C04871,23,Employed,72418.0,791.0,2,200,No,Home/Furniture,389,Low
C04872,26,Employed,66202.0,760.0,0,0,No,Travel,1050,Low
C04873,20,Employed,104192.0,723.0,0,0,No,Fashion,54,Low
C04874,32,Employed,36923.0,713.0,3,372,No,Electronics,657,Low
C04875,22,Employed,95145.0,615.0,7,1025,No,Electronics,391,Low
C04876,60,Employed,54900.0,720.0,2,200,No,Fashion,151,Low
C04877,43,Employed,81887.0,631.0,1,193,Yes,Electronics,268,Low
C04878,47,Student,14221.0,682.0,4,450,Yes,Home/Furniture,416,Medium
C04879,24,Freelancer,,607.0,6,1089,Yes,Fashion,52,Medium
C04880,60,Employed,80800.0,763.0,4,593,No,Fashion,151,Low
C04881,63,Employed,89914.0,698.0,2,372,No,Fashion,153,Low
C04882,23,Employed,48405.0,638.0,1,120,No,Electronics,688,Low
C04883,22,Employed,86146.0,724.0,0,0,No,Travel,609,Low
C04884,46,Employed,91933.0,757.0,0,0,No,Electronics,537,Low
C04885,19,Employed,61686.0,765.0,2,288,No,Home/Furniture,159,Low
C04886,21,Freelancer,66740.0,625.0,1,168,No,Electronics,682,Low
C04887,49,Employed,90340.0,642.0,5,936,No,Fashion,83,Low
C04888,24,Employed,53808.0,746.0,1,104,No,Electronics,151,Low
C04889,41,Employed,62832.0,738.0,3,345,No,Electronics,826,Low
C04890,34,Employed,70189.0,681.0,0,0,No,Fashion,100,Low
C04891,26,Freelancer,,637.0,3,725,Yes,Fashion,127,Low
C04892,23,Employed,71279.0,709.0,1,107,No,Fashion,173,Low
C04893,27,Employed,103454.0,699.0,4,380,No,Travel,568,Low
C04894,29,Employed,98132.0,,1,126,No,Fashion,62,Low
C04895,24,Employed,21641.0,658.0,1,151,No,Fashion,60,Low
C04896,30,Employed,105271.0,,3,536,No,Home/Furniture,294,Low
C04897,33,Employed,59571.0,565.0,0,0,Yes,Home/Furniture,429,Low
C04898,20,Employed,101000.0,739.0,1,114,No,Electronics,433,Low
C04899,32,Employed,57316.0,787.0,2,261,No,Fashion,10,Low
C04900,37,Employed,82873.0,806.0,1,169,No,Fashion,91,Low
C04901,42,Student,16361.0,714.0,3,492,No,Electronics,610,Low
C04902,24,Employed,70826.0,583.0,2,337,No,Fashion,77,Low
C04903,29,Student,15664.0,598.0,1,179,No,Fashion,78,Low
C04904,33,Student,22949.0,679.0,2,267,No,Fashion,55,Low
C04905,58,Student,22108.0,653.0,2,185,No,Electronics,415,Low
C04906,48,Employed,74134.0,693.0,3,309,No,Home/Furniture,438,Low
C04907,20,Employed,93527.0,713.0,1,169,No,Home/Furniture,263,Low
C04908,33,Employed,79693.0,766.0,1,111,Yes,Home/Furniture,311,Low
C04909,19,Employed,102721.0,620.0,4,333,No,Electronics,256,Low
C04910,45,Employed,58008.0,665.0,0,0,No,Travel,1027,Low
C04911,21,Employed,63292.0,765.0,3,544,No,Fashion,61,Low
C04912,35,Student,23411.0,587.0,3,287,No,Travel,819,Low
C04913,22,Employed,12249.0,764.0,3,488,Yes,Fashion,110,Medium
C04914,28,Employed,65760.0,613.0,2,349,No,Electronics,355,Low
C04915,29,Freelancer,25168.0,,1,29,No,Travel,1023,Low
C04916,18,Employed,50343.0,678.0,8,937,No,Travel,793,Low
C04917,19,Student,13575.0,625.0,1,160,Yes,Fashion,144,Low
C04918,18,Student,17005.0,644.0,2,331,No,Travel,776,Low
C04919,30,Student,13595.0,574.0,4,535,No,Home/Furniture,364,Medium
C04920,24,Unemployed,5000.0,431.0,2,252,Yes,Fashion,130,High
C04921,20,Student,16205.0,477.0,2,304,Yes,Electronics,380,Medium
C04922,49,Freelancer,11727.0,673.0,3,444,No,Fashion,112,Low
C04923,57,Employed,65035.0,764.0,1,239,No,Electronics,275,Low
C04924,20,Employed,79646.0,662.0,2,293,No,Home/Furniture,451,Low
C04925,30,Freelancer,57310.0,535.0,6,1248,Yes,Fashion,164,Medium
C04926,18,Employed,94669.0,736.0,2,425,No,Home/Furniture,310,Low
C04927,18,Employed,105092.0,616.0,0,0,No,Home/Furniture,322,Low
C04928,63,Unemployed,10477.0,527.0,3,453,Yes,Fashion,147,High
C04929,27,Freelancer,49308.0,710.0,7,1462,No,Home/Furniture,373,Low
C04930,46,Freelancer,82044.0,699.0,1,171,No,Fashion,94,Low
C04931,27,Employed,53333.0,629.0,2,336,No,Electronics,361,Low
C04932,26,Student,12043.0,646.0,1,90,No,Electronics,45,Low
C04933,18,Employed,68194.0,706.0,3,579,No,Fashion,48,Low
C04934,40,Freelancer,55229.0,557.0,7,612,Yes,Fashion,120,Medium
C04935,60,Employed,62381.0,806.0,5,592,Yes,Fashion,56,Low
C04936,21,Employed,74653.0,689.0,3,473,No,Electronics,678,Low
C04937,24,Employed,67485.0,701.0,3,447,No,Travel,862,Low
C04938,27,Employed,59932.0,688.0,5,487,No,Electronics,425,Low
C04939,41,Employed,65413.0,733.0,2,502,No,Home/Furniture,460,Low
C04940,37,Student,14955.0,699.0,2,201,Yes,Electronics,622,Low
C04941,37,Employed,86712.0,610.0,7,920,Yes,Fashion,57,Medium
C04942,26,Employed,75315.0,709.0,1,104,Yes,Groceries/Essentials,55,Low
C04943,47,Employed,,769.0,3,397,No,Fashion,106,Low
C04944,18,Employed,56367.0,776.0,1,226,No,Fashion,128,Low
C04945,37,Student,13874.0,550.0,1,147,Yes,Fashion,186,Low
C04946,23,Student,12509.0,609.0,1,270,Yes,Electronics,653,Low
C04947,39,Freelancer,,,1,158,Yes,Electronics,608,Low
C04948,28,Employed,59167.0,729.0,3,485,No,Home/Furniture,450,Low
C04949,45,Employed,92045.0,775.0,2,354,Yes,Groceries/Essentials,48,Low
C04950,20,Unemployed,,540.0,6,896,Yes,Fashion,158,High
C04951,46,Employed,,705.0,3,459,No,Electronics,599,Low
C04952,29,Employed,41731.0,682.0,3,432,No,Travel,617,Low
C04953,56,Freelancer,72357.0,712.0,2,442,No,Electronics,479,Low
C04954,24,Freelancer,74782.0,618.0,0,0,Yes,Fashion,140,Low
C04955,32,Employed,15658.0,698.0,1,187,No,Electronics,605,Low
C04956,64,Employed,12270.0,609.0,3,696,No,Home/Furniture,333,Medium
C04957,23,Freelancer,52310.0,,5,565,No,Electronics,690,Low
C04958,32,Student,,519.0,3,341,Yes,Electronics,640,Medium
C04959,37,Student,20027.0,589.0,0,0,No,Electronics,619,Low
C04960,39,Freelancer,81754.0,569.0,3,432,Yes,Home/Furniture,400,Low
C04961,63,Student,7670.0,644.0,2,139,Yes,Fashion,74,Low
C04962,22,Employed,76984.0,695.0,0,0,No,Electronics,540,Low
C04963,39,Freelancer,21663.0,633.0,4,553,No,Fashion,114,Low
C04964,52,Freelancer,66346.0,706.0,3,370,No,Electronics,477,Low
C04965,40,Freelancer,63875.0,643.0,2,346,No,Groceries/Essentials,43,Low
C04966,22,Employed,70593.0,634.0,2,365,No,Home/Furniture,562,Low
C04967,25,Employed,73871.0,727.0,1,153,No,Home/Furniture,372,Low
C04968,38,Employed,64297.0,630.0,0,0,Yes,Home/Furniture,543,Low
C04969,53,Employed,34883.0,671.0,2,289,No,Electronics,810,Low
C04970,20,Employed,86246.0,659.0,5,1459,No,Fashion,136,Low
C04971,27,Student,13623.0,689.0,0,0,No,Fashion,94,Low
C04972,53,Employed,75232.0,701.0,4,658,Yes,Fashion,118,Low
C04973,29,Student,13428.0,673.0,1,112,No,Fashion,84,Low
C04974,45,Freelancer,51316.0,665.0,4,442,No,Electronics,533,Low
C04975,21,Student,19407.0,529.0,1,213,Yes,Fashion,13,Low
C04976,20,Employed,75872.0,710.0,0,0,Yes,Fashion,130,Low
C04977,54,Employed,83550.0,710.0,3,464,No,Travel,876,Low
C04978,31,Student,,,4,931,Yes,Fashion,95,High
C04979,45,Freelancer,58995.0,632.0,2,189,Yes,Travel,928,Low
C04980,54,Freelancer,101415.0,602.0,3,557,Yes,Groceries/Essentials,41,Low
C04981,50,Freelancer,40329.0,646.0,1,148,Yes,Home/Furniture,527,Low
C04982,31,Employed,69094.0,718.0,10,901,Yes,Fashion,185,Low
C04983,20,Employed,74584.0,751.0,3,361,No,Fashion,92,Low
C04984,19,Student,21303.0,575.0,5,443,No,Fashion,59,Low
C04985,23,Unemployed,5995.0,557.0,0,0,No,Fashion,50,Low
C04986,32,Unemployed,13718.0,581.0,1,182,No,Fashion,126,Low
C04987,20,Employed,72223.0,690.0,1,120,No,Electronics,348,Low
C04988,22,Employed,72674.0,680.0,0,0,No,Electronics,431,Low
C04989,64,Employed,69057.0,766.0,4,746,No,Electronics,527,Low
C04990,18,Freelancer,44652.0,711.0,2,135,Yes,Electronics,548,Low
C04991,59,Student,28743.0,462.0,2,144,Yes,Fashion,130,Low
C04992,45,Student,22957.0,661.0,0,0,No,Fashion,127,Low
C04993,34,Employed,77780.0,742.0,2,138,Yes,Fashion,133,Low
C04994,27,Employed,66983.0,707.0,6,642,No,Electronics,639,Low
C04995,20,Student,17516.0,480.0,0,0,Yes,Fashion,51,Low
C04996,28,Employed,80159.0,685.0,4,288,No,Travel,814,Low
C04997,21,Freelancer,49074.0,706.0,0,0,No,Electronics,520,Low
C04998,19,Employed,50300.0,775.0,2,364,No,Electronics,636,Low
C04999,32,Employed,52896.0,752.0,1,185,No,Electronics,631,Low
C05000,20,Freelancer,74964.0,556.0,2,10,No,Fashion,104,Low
C05001,26,Employed,61467.0,680.0,2,363,No,Travel,1246,Low
C05002,27,Employed,58004.0,714.0,3,423,No,Fashion,153,Low
C05003,21,Freelancer,13545.0,771.0,0,0,No,Groceries/Essentials,61,Low
C05004,25,Freelancer,87286.0,,3,417,No,Travel,620,Low
C05005,47,Student,16926.0,603.0,2,294,Yes,Fashion,68,Low
C05006,19,Student,14659.0,653.0,3,395,No,Fashion,119,Low
C05007,62,Employed,84483.0,700.0,2,355,No,Electronics,395,Low
C05008,22,Employed,66690.0,652.0,1,154,Yes,Electronics,377,Low
C05009,30,Student,20051.0,510.0,2,221,No,Fashion,127,Low
C05010,36,Freelancer,102735.0,717.0,2,98,Yes,Fashion,95,Low
C05011,24,Employed,81814.0,753.0,0,0,No,Electronics,425,Low
C05012,41,Freelancer,27431.0,617.0,3,686,Yes,Fashion,102,Medium
C05013,47,Student,19613.0,677.0,1,157,No,Fashion,57,Low
C05014,31,Freelancer,20279.0,,1,186,No,Electronics,676,Low
C05015,20,Freelancer,,678.0,2,349,No,Electronics,394,Low
C05016,19,Employed,55347.0,725.0,0,0,No,Fashion,128,Low
C05017,23,Employed,91780.0,794.0,4,562,No,Fashion,126,Low
C05018,61,Employed,89261.0,691.0,2,200,No,Electronics,471,Low
C05019,38,Student,14638.0,591.0,4,554,Yes,Fashion,85,Medium
C05020,61,Unemployed,9932.0,586.0,3,216,Yes,Electronics,399,Medium
C05021,21,Employed,65029.0,732.0,2,86,No,Electronics,443,Low
C05022,44,Freelancer,83486.0,671.0,1,133,No,Fashion,80,Low
C05023,35,Student,7069.0,,2,253,No,Home/Furniture,453,Low
C05024,24,Freelancer,14972.0,,4,759,No,Groceries/Essentials,85,Medium
C05025,34,Freelancer,37313.0,703.0,4,488,No,Fashion,103,Low
C05026,26,Employed,73047.0,647.0,1,146,No,Electronics,395,Low
C05027,35,Employed,59662.0,677.0,0,0,No,Travel,925,Low
C05028,18,Unemployed,19475.0,496.0,1,115,Yes,Home/Furniture,559,Low
C05029,30,Employed,98663.0,640.0,1,102,Yes,Electronics,767,Low
C05030,31,Freelancer,24120.0,585.0,2,416,No,Fashion,143,Low
C05031,41,Employed,57163.0,677.0,3,402,No,Electronics,466,Low
C05032,55,Freelancer,53354.0,643.0,2,420,No,Fashion,99,Low
C05033,31,Unemployed,10861.0,511.0,2,347,Yes,Home/Furniture,383,Medium
C05034,24,Freelancer,95882.0,622.0,2,283,No,Home/Furniture,286,Low
C05035,50,Employed,61531.0,699.0,1,156,No,Fashion,133,Low
C05036,23,Employed,46757.0,691.0,2,355,No,Electronics,706,Low
C05037,18,Student,22165.0,717.0,2,257,No,Fashion,57,Low
C05038,19,Student,7338.0,438.0,4,850,Yes,Home/Furniture,391,High
C05039,59,Employed,26678.0,650.0,2,283,No,Electronics,498,Low
C05040,41,Employed,80417.0,723.0,1,224,No,Fashion,102,Low
C05041,26,Employed,100602.0,718.0,1,113,No,Fashion,74,Low
C05042,27,Employed,77529.0,672.0,3,350,No,Travel,1039,Low
C05043,36,Employed,,679.0,2,210,Yes,Fashion,17,Low
C05044,35,Student,10467.0,524.0,3,505,Yes,Travel,913,High
C05045,42,Employed,50218.0,746.0,2,395,No,Electronics,402,Low
C05046,21,Freelancer,54978.0,629.0,8,1290,No,Fashion,73,Medium
C05047,22,Unemployed,10197.0,473.0,2,394,Yes,Fashion,14,High
C05048,33,Student,20312.0,539.0,1,73,Yes,Fashion,126,Low
C05049,40,Employed,88174.0,649.0,2,192,No,Travel,821,Low
C05050,29,Employed,52720.0,714.0,1,97,Yes,Travel,1061,Low
C05051,55,Employed,38448.0,758.0,3,133,No,Home/Furniture,412,Low
C05052,34,Employed,67341.0,648.0,5,644,No,Fashion,66,Low
C05053,37,Student,20765.0,581.0,2,489,Yes,Fashion,30,Medium
C05054,33,Employed,90210.0,659.0,1,189,No,Electronics,427,Low
C05055,20,Employed,84976.0,708.0,3,287,No,Home/Furniture,457,Low
C05056,35,Student,23235.0,550.0,3,416,No,Electronics,552,Low
C05057,18,Employed,87700.0,632.0,3,406,No,Home/Furniture,284,Low
C05058,41,Employed,91642.0,753.0,0,0,No,Home/Furniture,371,Low
C05059,24,Employed,72045.0,755.0,1,130,No,Electronics,697,Low
C05060,24,Student,22222.0,570.0,1,155,No,Groceries/Essentials,85,Low
C05061,51,Employed,65986.0,605.0,2,359,No,Travel,899,Low
C05062,64,Employed,67531.0,765.0,0,0,Yes,Home/Furniture,576,Low
C05063,48,Employed,22720.0,717.0,1,136,No,Fashion,141,Low
C05064,24,Employed,77345.0,717.0,4,622,Yes,Home/Furniture,370,Low
C05065,51,Freelancer,10803.0,735.0,0,0,No,Fashion,160,Low
C05066,18,Employed,106161.0,697.0,7,1116,No,Electronics,497,Low
C05067,19,Employed,52880.0,625.0,1,39,Yes,Fashion,111,Low
C05068,44,Freelancer,76910.0,675.0,1,176,No,Groceries/Essentials,44,Low
C05069,44,Employed,95856.0,700.0,1,132,No,Fashion,87,Low
C05070,39,Student,13226.0,698.0,7,1283,No,Electronics,798,High
C05071,62,Employed,85792.0,670.0,3,323,No,Electronics,519,Low
C05072,22,Employed,79633.0,621.0,3,307,No,Home/Furniture,394,Low
C05073,38,Freelancer,56779.0,679.0,1,150,No,Electronics,257,Low
C05074,49,Employed,87512.0,707.0,1,141,No,Travel,757,Low
C05075,40,Unemployed,17144.0,535.0,1,118,Yes,Groceries/Essentials,62,Low
C05076,60,Employed,86292.0,671.0,0,0,No,Home/Furniture,385,Low
C05077,44,Employed,92139.0,722.0,2,514,No,Fashion,68,Low
C05078,18,Employed,36451.0,622.0,10,1750,No,Electronics,409,High
C05079,27,Freelancer,73411.0,594.0,2,338,Yes,Fashion,130,Low
C05080,28,Employed,78679.0,713.0,2,137,No,Fashion,142,Low
C05081,32,Student,17136.0,568.0,8,1535,No,Electronics,920,High
C05082,24,Employed,54804.0,686.0,1,146,Yes,Fashion,109,Low
C05083,27,Student,24213.0,542.0,1,133,Yes,Travel,689,Low
C05084,59,Freelancer,31652.0,665.0,3,361,No,Travel,428,Low
C05085,19,Employed,69204.0,620.0,0,0,Yes,Electronics,391,Low
C05086,19,Employed,64407.0,765.0,2,240,No,Electronics,569,Low
C05087,18,Freelancer,66998.0,699.0,2,351,No,Home/Furniture,352,Low
C05088,57,Freelancer,37321.0,646.0,1,188,Yes,Fashion,87,Low
C05089,31,Employed,63866.0,744.0,7,903,No,Fashion,86,Low
C05090,20,Employed,67114.0,671.0,1,183,No,Electronics,575,Low
C05091,32,Student,6881.0,529.0,4,187,Yes,Electronics,300,Medium
C05092,41,Employed,84244.0,681.0,3,402,Yes,Fashion,153,Low
C05093,52,Employed,78395.0,730.0,2,88,No,Fashion,82,Low
C05094,29,Employed,44150.0,707.0,6,847,No,Fashion,54,Low
C05095,40,Employed,79111.0,624.0,2,306,No,Electronics,450,Low
C05096,23,Student,9908.0,612.0,1,156,No,Fashion,44,Low
C05097,21,Freelancer,27225.0,650.0,2,232,No,Fashion,52,Low
C05098,27,Employed,84464.0,719.0,3,630,No,Fashion,144,Low
C05099,22,Student,15471.0,655.0,1,131,No,Fashion,112,Low
C05100,56,Freelancer,58731.0,751.0,0,0,No,Electronics,583,Low
C05101,18,Freelancer,5000.0,645.0,2,181,No,Electronics,463,Medium
C05102,51,Employed,77220.0,701.0,2,40,No,Electronics,375,Low
C05103,55,Student,21599.0,542.0,3,378,Yes,Electronics,390,Medium
C05104,35,Freelancer,15522.0,610.0,1,152,Yes,Home/Furniture,511,Low
C05105,47,Freelancer,60270.0,735.0,1,76,No,Electronics,590,Low
C05106,27,Employed,73700.0,647.0,3,479,No,Electronics,227,Low
C05107,61,Student,12968.0,652.0,3,336,No,Electronics,609,Low
C05108,27,Freelancer,32341.0,731.0,4,569,No,Fashion,32,Low
C05109,21,Freelancer,64571.0,583.0,1,102,No,Home/Furniture,434,Low
C05110,43,Student,7908.0,605.0,2,381,Yes,Fashion,10,Medium
C05111,34,Employed,74672.0,684.0,4,701,No,Electronics,549,Low
C05112,23,Student,16511.0,541.0,6,657,No,Fashion,71,Medium
C05113,53,Employed,64048.0,678.0,3,478,No,Electronics,310,Low
C05114,62,Employed,55171.0,738.0,0,0,No,Fashion,103,Low
C05115,31,Employed,92014.0,725.0,1,147,Yes,Fashion,57,Low
C05116,53,Employed,78710.0,754.0,3,441,No,Fashion,68,Low
C05117,19,Employed,72193.0,654.0,6,501,No,Fashion,107,Low
C05118,28,Employed,66967.0,703.0,1,148,No,Travel,827,Low
C05119,52,Employed,90403.0,736.0,5,762,No,Fashion,76,Low
C05120,28,Student,8039.0,672.0,4,898,No,Fashion,118,High
C05121,29,Employed,19512.0,818.0,0,0,No,Fashion,23,Low
C05122,28,Employed,102401.0,711.0,5,476,No,Electronics,516,Low
C05123,42,Employed,79193.0,734.0,1,50,No,Travel,795,Low
C05124,19,Employed,50673.0,735.0,3,304,No,Electronics,680,Low
C05125,37,Employed,60471.0,740.0,1,113,No,Electronics,530,Low
C05126,23,Employed,80916.0,675.0,0,0,No,Electronics,469,Low
C05127,51,Employed,78648.0,621.0,1,166,Yes,Electronics,657,Low
C05128,38,Employed,53350.0,684.0,3,939,No,Electronics,383,Low
C05129,46,Employed,37419.0,657.0,2,311,No,Fashion,148,Low
C05130,26,Employed,67518.0,734.0,4,752,No,Fashion,90,Low
C05131,42,Student,16000.0,633.0,0,0,Yes,Home/Furniture,452,Low
C05132,23,Student,23007.0,619.0,6,1394,No,Electronics,562,High
C05133,45,Employed,99180.0,788.0,1,126,No,Fashion,10,Low
C05134,63,Employed,76920.0,,3,398,No,Electronics,575,Low
C05135,38,Student,14555.0,639.0,1,150,No,Fashion,126,Low
C05136,64,Employed,46849.0,774.0,9,1523,No,Electronics,175,Low
C05137,39,Employed,14288.0,734.0,3,709,No,Electronics,431,Medium
C05138,45,Student,13153.0,598.0,1,162,Yes,Fashion,105,Low
C05139,18,Employed,70589.0,,6,1119,No,Fashion,52,Low
C05140,22,Employed,52841.0,797.0,2,226,No,Fashion,44,Low
C05141,29,Employed,74598.0,683.0,1,154,No,Electronics,467,Low
C05142,43,Employed,61355.0,679.0,2,393,No,Fashion,172,Low
C05143,42,Employed,69241.0,666.0,5,685,No,Fashion,148,Low
C05144,42,Unemployed,8586.0,458.0,3,688,Yes,Fashion,179,High
C05145,21,Student,21500.0,586.0,3,402,No,Travel,817,Low
C05146,45,Student,5112.0,553.0,7,582,Yes,Electronics,393,High
C05147,44,Unemployed,5000.0,407.0,2,213,Yes,Home/Furniture,372,High
C05148,25,Student,5000.0,445.0,1,136,Yes,Home/Furniture,429,Medium
C05149,22,Employed,61112.0,763.0,1,9,No,Electronics,174,Low
C05150,20,Employed,105949.0,791.0,3,316,Yes,Home/Furniture,275,Low
C05151,36,Student,,451.0,3,763,Yes,Electronics,454,High
C05152,30,Employed,65789.0,636.0,4,570,No,Fashion,199,Low
C05153,22,Student,18885.0,691.0,2,278,No,Home/Furniture,498,Low
C05154,24,Employed,51221.0,656.0,6,1174,Yes,Travel,779,Medium
C05155,46,Student,10443.0,609.0,1,143,No,Groceries/Essentials,26,Low
C05156,31,Employed,34481.0,631.0,2,328,Yes,Travel,733,Low
C05157,57,Employed,83070.0,674.0,2,393,No,Fashion,70,Low
C05158,20,Employed,65244.0,754.0,0,0,No,Fashion,100,Low
C05159,30,Employed,75086.0,652.0,6,971,No,Home/Furniture,474,Low
C05160,58,Employed,119437.0,764.0,1,104,No,Fashion,117,Low
C05161,31,Employed,97415.0,794.0,2,286,No,Travel,809,Low
C05162,32,Unemployed,22005.0,539.0,1,158,Yes,Travel,245,Low
C05163,31,Student,11720.0,538.0,1,77,No,Electronics,558,Low
C05164,37,Employed,91688.0,681.0,2,422,No,Fashion,147,Low
C05165,18,Employed,67250.0,671.0,4,640,No,Home/Furniture,295,Low
C05166,23,Employed,,698.0,10,2173,Yes,Fashion,168,High
C05167,47,Student,18097.0,583.0,1,125,No,Home/Furniture,343,Low
C05168,44,Employed,72338.0,664.0,5,897,No,Electronics,583,Low
C05169,41,Employed,43043.0,740.0,2,453,No,Fashion,52,Low
C05170,55,Freelancer,22110.0,555.0,7,1292,No,Groceries/Essentials,60,High
C05171,18,Employed,64462.0,698.0,3,585,No,Home/Furniture,477,Low
C05172,19,Student,23593.0,563.0,1,135,Yes,Fashion,90,Low
C05173,18,Freelancer,50988.0,727.0,1,199,No,Fashion,132,Low
C05174,30,Student,21785.0,751.0,4,430,No,Electronics,329,Low
C05175,61,Student,12983.0,569.0,5,688,Yes,Fashion,66,High
C05176,36,Freelancer,74718.0,761.0,3,653,No,Fashion,100,Low
C05177,53,Freelancer,58771.0,684.0,2,333,No,Fashion,134,Low
C05178,21,Employed,42991.0,713.0,1,224,No,Home/Furniture,379,Low
C05179,47,Employed,48524.0,671.0,3,638,No,Travel,555,Low
C05180,22,Student,21988.0,577.0,1,160,Yes,Groceries/Essentials,71,Low
C05181,40,Employed,61514.0,665.0,2,273,Yes,Electronics,927,Low
C05182,50,Employed,38912.0,600.0,1,185,Yes,Electronics,482,Low
C05183,48,Freelancer,53266.0,642.0,2,22,Yes,Travel,851,Low
C05184,34,Employed,103150.0,695.0,0,0,No,Fashion,69,Low
C05185,30,Employed,81261.0,650.0,5,836,Yes,Fashion,39,Low
C05186,29,Student,16370.0,,3,513,Yes,Electronics,401,Medium
C05187,29,Freelancer,33985.0,644.0,2,250,Yes,Fashion,39,Low
C05188,48,Employed,49590.0,748.0,2,268,No,Groceries/Essentials,63,Low
C05189,47,Employed,94716.0,693.0,4,664,No,Electronics,565,Low
C05190,18,Student,12677.0,444.0,1,163,Yes,Travel,1007,Low
C05191,34,Employed,72451.0,,1,210,No,Groceries/Essentials,60,Low
C05192,56,Employed,53391.0,721.0,6,1493,No,Fashion,97,Low
C05193,26,Student,18940.0,558.0,1,162,No,Electronics,456,Low
C05194,21,Employed,59312.0,732.0,3,557,No,Groceries/Essentials,89,Low
C05195,24,Freelancer,96621.0,606.0,5,879,No,Fashion,147,Low
C05196,21,Student,11282.0,633.0,5,611,No,Travel,716,Medium
C05197,21,Employed,76400.0,661.0,1,105,No,Home/Furniture,346,Low
C05198,24,Employed,46791.0,654.0,3,266,No,Fashion,138,Low
C05199,51,Freelancer,105679.0,625.0,1,132,Yes,Travel,932,Low
C05200,36,Employed,20093.0,683.0,1,138,No,Travel,525,Low
C05201,32,Freelancer,103587.0,584.0,1,164,No,Electronics,675,Low
C05202,39,Freelancer,55364.0,649.0,4,811,No,Travel,580,Low
C05203,51,Employed,48660.0,709.0,0,0,No,Electronics,313,Low
C05204,41,Employed,49948.0,680.0,0,0,No,Fashion,163,Low
C05205,20,Freelancer,83707.0,685.0,2,179,No,Fashion,86,Low
C05206,24,Employed,83710.0,698.0,1,46,No,Travel,619,Low
C05207,32,Student,7049.0,606.0,1,74,No,Electronics,522,Low
C05208,63,Student,18030.0,678.0,2,333,No,Electronics,432,Low
C05209,46,Unemployed,5114.0,507.0,2,406,Yes,Home/Furniture,296,High
C05210,44,Student,17633.0,552.0,4,537,Yes,Home/Furniture,440,Medium
C05211,32,Student,18514.0,597.0,1,146,Yes,Travel,1173,Low
C05212,59,Employed,113519.0,716.0,1,144,No,Home/Furniture,425,Low
C05213,33,Employed,66050.0,671.0,0,0,No,Electronics,574,Low
C05214,39,Student,16869.0,516.0,2,223,Yes,Fashion,86,Low
C05215,19,Employed,79544.0,813.0,5,935,Yes,Electronics,498,Low
C05216,45,Employed,71014.0,677.0,0,0,No,Electronics,543,Low
C05217,62,Student,18472.0,476.0,1,82,Yes,Groceries/Essentials,80,Low
C05218,61,Student,17573.0,579.0,7,910,No,Home/Furniture,132,High
C05219,27,Employed,66731.0,733.0,2,268,No,Fashion,109,Low
C05220,18,Student,5572.0,650.0,1,193,No,Fashion,73,Low
C05221,26,Employed,61876.0,763.0,2,242,No,Electronics,487,Low
C05222,49,Employed,45257.0,657.0,1,171,No,Home/Furniture,444,Low
C05223,39,Freelancer,50899.0,711.0,1,176,No,Fashion,162,Low
C05224,55,Student,,692.0,2,354,No,Groceries/Essentials,20,Low
C05225,20,Employed,85545.0,659.0,2,256,No,Fashion,92,Low
C05226,33,Employed,92284.0,651.0,1,165,No,Home/Furniture,431,Low
C05227,30,Student,24651.0,655.0,1,130,No,Electronics,522,Low
C05228,31,Employed,47228.0,,2,398,No,Home/Furniture,414,Low
C05229,27,Employed,,754.0,1,191,No,Fashion,81,Low
C05230,56,Employed,74489.0,740.0,2,301,No,Fashion,49,Low
C05231,22,Freelancer,62796.0,611.0,0,0,Yes,Fashion,148,Low
C05232,25,Employed,67767.0,700.0,5,737,No,Fashion,102,Low
C05233,62,Freelancer,59416.0,632.0,1,119,No,Travel,904,Low
C05234,19,Employed,46533.0,687.0,0,0,Yes,Fashion,117,Low
C05235,45,Employed,59265.0,724.0,4,705,No,Electronics,295,Low
C05236,32,Student,17681.0,665.0,1,192,No,Groceries/Essentials,12,Low
C05237,22,Employed,62936.0,640.0,3,436,Yes,Electronics,727,Low
C05238,34,Employed,,779.0,1,96,No,Electronics,609,Low
C05239,49,Employed,85738.0,669.0,0,0,No,Fashion,94,Low
C05240,37,Employed,66646.0,644.0,0,0,Yes,Groceries/Essentials,26,Low
C05241,31,Student,25818.0,588.0,6,1063,No,Fashion,123,Medium
C05242,42,Employed,84292.0,770.0,2,383,No,Home/Furniture,436,Low
C05243,32,Employed,77590.0,729.0,1,146,No,Fashion,115,Low
C05244,44,Unemployed,5682.0,497.0,7,765,Yes,Electronics,382,High
C05245,21,Freelancer,42122.0,589.0,6,1314,Yes,Fashion,82,Medium
C05246,36,Employed,38523.0,709.0,6,773,No,Fashion,105,Low
C05247,62,Employed,19373.0,708.0,0,0,No,Electronics,399,Low
C05248,18,Unemployed,13406.0,455.0,0,0,Yes,Travel,661,Low
C05249,29,Employed,50216.0,733.0,0,0,No,Home/Furniture,498,Low
C05250,51,Freelancer,66457.0,557.0,3,418,No,Travel,723,Low
C05251,30,Employed,45223.0,679.0,5,513,No,Fashion,41,Low
C05252,36,Employed,60622.0,735.0,2,291,No,Groceries/Essentials,64,Low
C05253,19,Employed,90410.0,623.0,5,602,Yes,Fashion,134,Medium
C05254,45,Unemployed,5000.0,488.0,1,156,Yes,Fashion,133,Medium
C05255,33,Employed,100432.0,801.0,1,92,No,Fashion,74,Low
C05256,59,Student,22065.0,715.0,4,594,No,Electronics,491,Low
C05257,41,Employed,,776.0,3,359,No,Home/Furniture,430,Low
C05258,55,Student,12918.0,638.0,3,203,No,Home/Furniture,487,Low
C05259,62,Employed,63761.0,702.0,1,196,No,Electronics,305,Low
C05260,50,Student,25318.0,578.0,2,286,No,Home/Furniture,383,Low
C05261,41,Student,10642.0,662.0,2,303,Yes,Fashion,45,Medium
C05262,18,Employed,75555.0,685.0,1,193,No,Home/Furniture,391,Low
C05263,64,Employed,81924.0,695.0,1,188,No,Electronics,601,Low
C05264,26,Student,9140.0,655.0,3,521,No,Travel,1054,Medium
C05265,26,Student,18460.0,523.0,4,466,Yes,Fashion,148,Medium
C05266,59,Freelancer,89525.0,566.0,1,44,Yes,Fashion,98,Low
C05267,52,Employed,94678.0,626.0,1,175,No,Electronics,409,Low
C05268,52,Employed,80681.0,752.0,2,362,No,Fashion,126,Low
C05269,27,Employed,74080.0,640.0,3,433,Yes,Electronics,486,Low
C05270,63,Employed,63070.0,695.0,8,1241,No,Electronics,439,Low
C05271,23,Employed,40633.0,656.0,0,0,No,Groceries/Essentials,94,Low
C05272,47,Employed,87759.0,,2,262,No,Electronics,554,Low
C05273,49,Unemployed,18468.0,513.0,1,137,Yes,Home/Furniture,325,Medium
C05274,18,Freelancer,53160.0,613.0,1,227,No,Fashion,166,Low
C05275,33,Unemployed,5000.0,477.0,3,412,Yes,Groceries/Essentials,42,High
C05276,27,Employed,111255.0,764.0,1,101,No,Fashion,106,Low
C05277,21,Employed,50449.0,756.0,1,115,No,Electronics,415,Low
C05278,58,Freelancer,34177.0,687.0,2,193,No,Fashion,22,Low
C05279,18,Employed,73189.0,734.0,1,79,No,Travel,628,Low
C05280,22,Employed,49199.0,,1,237,No,Electronics,466,Low
C05281,47,Student,16712.0,545.0,1,193,Yes,Fashion,104,Low
C05282,30,Employed,34390.0,,1,160,No,Travel,626,Low
C05283,46,Employed,67435.0,682.0,8,590,No,Home/Furniture,576,Low
C05284,34,Employed,66940.0,712.0,4,284,No,Home/Furniture,292,Low
C05285,26,Employed,83783.0,748.0,8,477,No,Home/Furniture,526,Low
C05286,57,Student,24642.0,600.0,3,317,No,Fashion,86,Low
C05287,53,Employed,63558.0,665.0,1,203,No,Electronics,313,Low
C05288,38,Unemployed,5000.0,320.0,1,145,Yes,Travel,738,Medium
C05289,18,Employed,50176.0,686.0,2,243,No,Electronics,520,Low
C05290,35,Employed,,660.0,1,140,No,Fashion,35,Low
C05291,18,Freelancer,26256.0,768.0,4,294,No,Home/Furniture,163,Low
C05292,18,Freelancer,23264.0,,0,0,Yes,Fashion,65,Low
C05293,32,Student,26851.0,690.0,1,209,No,Fashion,94,Low
C05294,25,Employed,76172.0,751.0,0,0,No,Travel,763,Low
C05295,26,Employed,89298.0,720.0,3,440,No,Fashion,156,Low
C05296,18,Freelancer,44680.0,659.0,5,934,No,Fashion,99,Low
C05297,32,Freelancer,18199.0,715.0,1,194,No,Home/Furniture,470,Low
C05298,18,Employed,61147.0,740.0,2,387,No,Travel,1019,Low
C05299,55,Student,13712.0,671.0,1,143,No,Fashion,107,Low
C05300,32,Freelancer,,607.0,1,192,Yes,Travel,747,Low
C05301,41,Employed,97581.0,683.0,0,0,No,Fashion,75,Low
C05302,54,Employed,,785.0,5,467,No,Fashion,69,Low
C05303,44,Employed,64556.0,677.0,0,0,No,Electronics,750,Low
C05304,18,Employed,80224.0,787.0,1,130,Yes,Electronics,517,Low
C05305,52,Employed,64136.0,,4,462,No,Electronics,413,Low
C05306,58,Student,15055.0,552.0,2,361,No,Fashion,94,Low
C05307,52,Student,19729.0,,0,0,No,Home/Furniture,447,Low
C05308,30,Employed,59178.0,738.0,2,351,No,Travel,975,Low
C05309,44,Employed,103971.0,715.0,2,163,No,Groceries/Essentials,62,Low
C05310,41,Employed,79868.0,721.0,2,260,No,Electronics,344,Low
C05311,63,Employed,48398.0,735.0,3,439,No,Electronics,495,Low
C05312,53,Student,14447.0,,3,444,No,Fashion,71,Medium
C05313,54,Employed,88390.0,674.0,1,162,No,Electronics,238,Low
C05314,50,Employed,74233.0,771.0,1,245,No,Travel,624,Low
C05315,24,Freelancer,30845.0,,2,403,Yes,Electronics,646,Low
C05316,20,Employed,101864.0,713.0,6,1403,No,Fashion,124,Low
C05317,18,Student,17997.0,449.0,1,143,No,Travel,1033,Low
C05318,51,Employed,67260.0,760.0,0,0,No,Fashion,35,Low
C05319,49,Employed,72828.0,762.0,2,171,No,Electronics,924,Low
C05320,41,Employed,87393.0,740.0,4,739,No,Fashion,89,Low
C05321,24,Freelancer,30385.0,,0,0,No,Travel,608,Low
C05322,26,Employed,56515.0,750.0,0,0,No,Home/Furniture,455,Low
C05323,42,Freelancer,53098.0,737.0,2,242,No,Fashion,78,Low
C05324,23,Freelancer,29241.0,581.0,3,315,No,Fashion,61,Low
C05325,40,Employed,58252.0,716.0,3,558,No,Electronics,348,Low
C05326,38,Freelancer,47673.0,660.0,2,209,No,Fashion,91,Low
C05327,34,Freelancer,38105.0,579.0,1,166,Yes,Home/Furniture,530,Low
C05328,21,Employed,49705.0,684.0,1,167,No,Electronics,593,Low
C05329,50,Employed,78318.0,769.0,1,136,No,Electronics,465,Low
C05330,23,Freelancer,44065.0,544.0,0,0,Yes,Electronics,525,Low
C05331,18,Employed,21350.0,797.0,0,0,No,Fashion,82,Low
C05332,58,Freelancer,81070.0,645.0,0,0,No,Electronics,443,Low
C05333,33,Freelancer,61002.0,704.0,7,392,No,Fashion,75,Low
C05334,53,Employed,81229.0,713.0,4,370,No,Home/Furniture,468,Low
C05335,18,Student,6352.0,645.0,5,733,No,Home/Furniture,242,High
C05336,42,Student,12313.0,552.0,4,410,No,Fashion,120,Low
C05337,39,Student,28125.0,607.0,4,857,No,Electronics,306,Low
C05338,32,Student,11841.0,620.0,2,163,Yes,Travel,801,Low
C05339,19,Freelancer,102355.0,716.0,1,89,No,Home/Furniture,550,Low
C05340,41,Student,20256.0,516.0,2,398,Yes,Groceries/Essentials,26,Low
C05341,26,Student,10722.0,510.0,1,154,No,Electronics,452,Low
C05342,48,Employed,58010.0,680.0,3,732,No,Travel,516,Low
C05343,21,Employed,42777.0,742.0,2,409,No,Fashion,106,Low
C05344,18,Employed,56192.0,765.0,6,1116,Yes,Travel,672,Low
C05345,23,Student,11681.0,627.0,1,186,No,Home/Furniture,375,Low
C05346,32,Employed,87682.0,707.0,2,264,No,Fashion,99,Low
C05347,35,Freelancer,70301.0,614.0,3,478,Yes,Fashion,116,Low
C05348,29,Employed,56944.0,731.0,1,133,No,Home/Furniture,265,Low
C05349,54,Student,14782.0,553.0,7,979,Yes,Electronics,538,High
C05350,30,Employed,59758.0,783.0,2,410,No,Fashion,90,Low
C05351,20,Employed,99063.0,,2,221,No,Fashion,74,Low
C05352,58,Employed,89147.0,669.0,2,242,No,Fashion,266,Low
C05353,23,Employed,52600.0,727.0,3,422,No,Home/Furniture,341,Low
C05354,36,Employed,87887.0,725.0,3,484,No,Groceries/Essentials,61,Low
C05355,19,Student,12554.0,739.0,1,236,No,Electronics,710,Low
C05356,19,Employed,68509.0,604.0,1,210,No,Electronics,802,Low
C05357,34,Freelancer,50836.0,647.0,1,137,No,Fashion,32,Low
C05358,23,Freelancer,86286.0,743.0,1,135,No,Fashion,61,Low
C05359,22,Freelancer,71161.0,692.0,2,333,No,Electronics,585,Low
C05360,60,Student,8445.0,571.0,2,328,No,Electronics,705,Low
C05361,24,Student,6969.0,543.0,3,199,Yes,Travel,738,Medium
C05362,29,Student,17818.0,618.0,1,226,No,Electronics,227,Low
C05363,36,Student,14497.0,564.0,1,58,No,Fashion,137,Low
C05364,28,Unemployed,18289.0,528.0,1,155,Yes,Travel,694,Low
C05365,60,Employed,,762.0,1,100,No,Groceries/Essentials,27,Low
C05366,30,Student,16826.0,692.0,0,0,No,Home/Furniture,516,Low
C05367,19,Employed,72626.0,585.0,1,244,No,Fashion,83,Low
C05368,31,Freelancer,74622.0,537.0,1,94,Yes,Home/Furniture,376,Low
C05369,27,Student,17520.0,603.0,1,156,No,Fashion,71,Low
C05370,62,Student,,638.0,1,112,No,Home/Furniture,387,Low
C05371,22,Student,23678.0,602.0,1,149,Yes,Electronics,556,Low
C05372,44,Employed,99655.0,700.0,6,650,No,Home/Furniture,320,Low
C05373,59,Freelancer,20991.0,698.0,3,278,No,Fashion,93,Low
C05374,45,Student,14585.0,657.0,3,360,Yes,Electronics,415,Medium
C05375,36,Employed,71506.0,684.0,1,100,No,Travel,721,Low
C05376,44,Freelancer,48910.0,729.0,0,0,No,Fashion,129,Low
C05377,19,Employed,86243.0,717.0,2,340,No,Fashion,103,Low
C05378,54,Freelancer,38137.0,628.0,4,515,No,Home/Furniture,423,Low
C05379,29,Employed,43716.0,626.0,3,466,Yes,Travel,660,Low
C05380,30,Employed,94389.0,778.0,1,213,No,Travel,784,Low
C05381,30,Student,21908.0,484.0,2,480,Yes,Fashion,126,Medium
C05382,59,Student,11498.0,517.0,2,301,Yes,Electronics,483,Medium
C05383,28,Employed,42363.0,694.0,2,229,No,Electronics,346,Low
C05384,19,Unemployed,9482.0,528.0,1,196,Yes,Fashion,40,Medium
C05385,21,Student,12888.0,651.0,1,155,No,Fashion,76,Low
C05386,64,Freelancer,82030.0,667.0,1,135,No,Home/Furniture,301,Low
C05387,34,Employed,62382.0,756.0,0,0,Yes,Electronics,267,Low
C05388,39,Employed,50799.0,664.0,4,738,No,Fashion,87,Low
C05389,23,Student,14876.0,642.0,1,159,No,Electronics,467,Low
C05390,47,Employed,68131.0,739.0,7,323,No,Home/Furniture,520,Low
C05391,33,Employed,75552.0,708.0,1,132,No,Fashion,75,Low
C05392,39,Employed,78842.0,790.0,10,1304,No,Electronics,616,Low
C05393,45,Employed,72192.0,657.0,2,213,No,Electronics,562,Low
C05394,60,Freelancer,54908.0,619.0,3,578,No,Travel,428,Low
C05395,25,Student,18465.0,603.0,0,0,Yes,Fashion,94,Low
C05396,36,Employed,82855.0,652.0,1,224,No,Fashion,112,Low
C05397,35,Student,16927.0,514.0,3,326,No,Fashion,104,Low
C05398,19,Freelancer,45296.0,607.0,3,71,No,Electronics,590,Low
C05399,19,Employed,67960.0,696.0,5,764,Yes,Electronics,434,Low
C05400,28,Employed,59972.0,676.0,1,138,No,Fashion,79,Low
C05401,34,Employed,76922.0,727.0,6,789,No,Travel,1029,Low
C05402,30,Employed,70779.0,690.0,1,173,No,Electronics,318,Low
C05403,29,Employed,88989.0,742.0,4,723,No,Fashion,71,Low
C05404,61,Employed,65304.0,641.0,1,191,No,Fashion,114,Low
C05405,19,Employed,72773.0,705.0,5,836,No,Home/Furniture,468,Low
C05406,40,Employed,54280.0,775.0,3,760,No,Groceries/Essentials,62,Low
C05407,33,Freelancer,74361.0,735.0,1,131,No,Travel,862,Low
C05408,29,Employed,75996.0,742.0,4,358,No,Home/Furniture,302,Low
C05409,22,Freelancer,73032.0,655.0,1,132,No,Electronics,599,Low
C05410,51,Employed,71936.0,636.0,1,140,No,Fashion,93,Low
C05411,25,Freelancer,63521.0,666.0,3,308,No,Electronics,453,Low
C05412,22,Employed,74572.0,708.0,4,684,No,Electronics,842,Low
C05413,40,Freelancer,34751.0,,2,330,No,Electronics,644,Low
C05414,31,Student,5000.0,705.0,1,124,Yes,Electronics,420,Medium
C05415,54,Freelancer,44023.0,664.0,2,462,No,Travel,415,Low
C05416,22,Employed,79165.0,667.0,2,152,No,Electronics,340,Low
C05417,21,Student,9428.0,597.0,1,133,No,Home/Furniture,402,Low
C05418,33,Employed,53527.0,670.0,2,341,No,Fashion,76,Low
C05419,28,Employed,113757.0,663.0,2,428,Yes,Fashion,113,Low
C05420,24,Employed,84394.0,663.0,1,240,Yes,Groceries/Essentials,49,Low
C05421,50,Student,10127.0,496.0,1,112,No,Travel,864,Low
C05422,34,Employed,76756.0,699.0,1,163,Yes,Electronics,292,Low
C05423,28,Student,,538.0,1,196,No,Travel,1029,Low
C05424,24,Employed,88432.0,630.0,2,462,Yes,Electronics,323,Low
C05425,56,Student,6140.0,596.0,3,656,Yes,Fashion,91,High
C05426,22,Employed,61985.0,820.0,1,171,No,Home/Furniture,481,Low
C05427,19,Student,26673.0,517.0,5,689,No,Fashion,89,Low
C05428,33,Employed,82088.0,673.0,1,123,No,Electronics,702,Low
C05429,33,Student,16827.0,504.0,2,374,Yes,Fashion,87,Medium
C05430,37,Freelancer,87427.0,641.0,1,123,No,Electronics,444,Low
C05431,33,Employed,,720.0,6,715,No,Travel,710,Low
C05432,18,Employed,73326.0,807.0,2,243,No,Fashion,31,Low
C05433,49,Employed,62577.0,664.0,2,401,No,Fashion,88,Low
C05434,40,Employed,88256.0,783.0,1,39,No,Fashion,78,Low
C05435,31,Employed,81482.0,748.0,0,0,No,Fashion,98,Low
C05436,26,Employed,40750.0,769.0,3,498,Yes,Home/Furniture,345,Low
C05437,29,Employed,56530.0,668.0,1,163,No,Electronics,509,Low
C05438,22,Freelancer,74342.0,780.0,1,50,Yes,Home/Furniture,441,Low
C05439,28,Student,14346.0,,3,460,No,Electronics,162,Low
C05440,23,Freelancer,6043.0,671.0,3,371,No,Fashion,83,Medium
C05441,19,Freelancer,26077.0,775.0,1,138,No,Fashion,72,Low
C05442,22,Employed,84740.0,755.0,2,373,No,Fashion,169,Low
C05443,19,Student,15838.0,709.0,2,260,No,Electronics,448,Low
C05444,26,Unemployed,20215.0,417.0,2,192,Yes,Groceries/Essentials,48,Medium
C05445,18,Employed,43596.0,661.0,2,352,No,Fashion,108,Low
C05446,63,Employed,56605.0,716.0,1,214,No,Fashion,125,Low
C05447,31,Employed,55623.0,670.0,4,405,No,Fashion,116,Low
C05448,28,Employed,56931.0,678.0,2,391,No,Electronics,357,Low
C05449,46,Employed,55284.0,644.0,1,234,No,Electronics,589,Low
C05450,56,Freelancer,46457.0,,3,350,Yes,Fashion,172,Low
C05451,58,Employed,79675.0,741.0,4,954,No,Fashion,96,Low
C05452,41,Freelancer,66671.0,671.0,1,127,No,Fashion,156,Low
C05453,53,Freelancer,67259.0,710.0,2,349,No,Fashion,127,Low
C05454,38,Employed,94702.0,713.0,5,391,No,Travel,659,Low
C05455,40,Employed,88425.0,695.0,4,960,No,Electronics,439,Low
C05456,19,Freelancer,45236.0,565.0,2,203,Yes,Fashion,64,Low
C05457,29,Employed,72354.0,793.0,6,813,No,Fashion,97,Low
C05458,21,Employed,49714.0,686.0,1,162,No,Fashion,78,Low
C05459,54,Student,12892.0,721.0,0,0,No,Fashion,41,Low
C05460,43,Employed,70003.0,662.0,2,474,No,Fashion,123,Low
C05461,24,Employed,64646.0,754.0,1,146,No,Electronics,310,Low
C05462,23,Student,21171.0,725.0,2,212,No,Fashion,151,Low
C05463,19,Student,24486.0,523.0,4,307,Yes,Fashion,54,Medium
C05464,24,Freelancer,58854.0,586.0,1,224,Yes,Electronics,560,Low
C05465,25,Employed,28235.0,707.0,1,175,No,Fashion,112,Low
C05466,41,Employed,86073.0,800.0,8,1113,No,Fashion,129,Low
C05467,54,Employed,62941.0,715.0,1,139,No,Fashion,94,Low
C05468,29,Freelancer,46820.0,631.0,1,125,No,Electronics,457,Low
C05469,20,Freelancer,91574.0,609.0,1,218,No,Fashion,97,Low
C05470,58,Freelancer,40763.0,710.0,1,131,No,Fashion,196,Low
C05471,64,Student,5729.0,632.0,1,134,No,Fashion,92,Low
C05472,60,Employed,99302.0,658.0,5,989,No,Fashion,66,Low
C05473,57,Employed,75125.0,699.0,2,364,No,Electronics,566,Low
C05474,20,Student,9672.0,608.0,2,157,Yes,Electronics,360,Low
C05475,53,Student,21487.0,629.0,1,274,Yes,Home/Furniture,311,Low
C05476,42,Employed,65507.0,761.0,0,0,No,Fashion,138,Low
C05477,25,Employed,97659.0,742.0,2,328,No,Electronics,439,Low
C05478,39,Employed,30540.0,703.0,2,351,No,Home/Furniture,265,Low
C05479,50,Employed,65997.0,676.0,1,93,No,Fashion,148,Low
C05480,54,Student,14140.0,585.0,4,530,Yes,Electronics,589,High
C05481,45,Employed,62344.0,666.0,2,278,No,Electronics,595,Low
C05482,42,Student,21332.0,618.0,1,136,No,Fashion,167,Low
C05483,52,Freelancer,44967.0,620.0,0,0,Yes,Travel,592,Low
C05484,64,Employed,87739.0,726.0,2,419,No,Electronics,725,Low
C05485,20,Freelancer,43036.0,711.0,5,521,No,Fashion,123,Low
C05486,52,Employed,82569.0,763.0,9,1122,No,Home/Furniture,328,Low
C05487,40,Employed,91118.0,684.0,2,260,No,Fashion,62,Low
C05488,18,Employed,47048.0,727.0,1,184,No,Fashion,85,Low
C05489,19,Employed,43672.0,624.0,1,124,No,Home/Furniture,376,Low
C05490,61,Employed,63433.0,,1,115,Yes,Electronics,714,Low
C05491,20,Employed,103533.0,782.0,1,254,No,Travel,1091,Low
C05492,44,Employed,56494.0,647.0,5,675,No,Fashion,124,Low
C05493,39,Employed,90483.0,759.0,2,211,No,Home/Furniture,426,Low
C05494,46,Employed,79506.0,714.0,1,172,No,Fashion,92,Low
C05495,21,Employed,67526.0,678.0,3,285,No,Travel,832,Low
C05496,54,Student,15262.0,495.0,3,526,Yes,Fashion,111,Medium
C05497,22,Employed,61023.0,758.0,2,392,No,Fashion,88,Low
C05498,31,Employed,48596.0,753.0,1,166,No,Home/Furniture,400,Low
C05499,34,Freelancer,102651.0,674.0,0,0,No,Home/Furniture,493,Low
C05500,20,Employed,55943.0,703.0,7,809,No,Electronics,610,Low
C05501,36,Employed,68460.0,669.0,2,178,No,Groceries/Essentials,32,Low
C05502,36,Student,22629.0,541.0,2,243,Yes,Fashion,100,Low
C05503,50,Employed,93222.0,768.0,1,141,No,Fashion,171,Low
C05504,19,Freelancer,107694.0,626.0,3,361,Yes,Fashion,69,Low
C05505,29,Unemployed,9659.0,403.0,2,116,Yes,Electronics,731,Medium
C05506,59,Employed,50695.0,653.0,3,450,No,Fashion,115,Low
C05507,30,Employed,108740.0,675.0,0,0,No,Home/Furniture,527,Low
C05508,26,Student,14700.0,634.0,2,312,Yes,Fashion,155,Low
C05509,23,Employed,72323.0,675.0,1,153,No,Electronics,984,Low
C05510,48,Employed,36565.0,758.0,1,67,No,Home/Furniture,534,Low
C05511,23,Employed,20993.0,652.0,1,133,Yes,Electronics,279,Low
C05512,24,Student,7788.0,566.0,2,401,No,Travel,573,Medium
C05513,28,Student,,571.0,2,183,No,Electronics,390,Low
C05514,25,Employed,75206.0,674.0,1,84,No,Fashion,30,Low
C05515,38,Employed,76146.0,634.0,4,471,No,Travel,717,Low
C05516,19,Student,15705.0,572.0,1,62,No,Fashion,34,Low
C05517,35,Employed,60991.0,656.0,3,504,No,Fashion,93,Low
C05518,47,Freelancer,50872.0,718.0,2,485,Yes,Travel,1007,Low
C05519,39,Employed,55387.0,746.0,2,289,No,Travel,795,Low
C05520,35,Student,10681.0,608.0,1,124,Yes,Travel,1138,Low
C05521,31,Employed,89365.0,740.0,2,293,No,Electronics,616,Low
C05522,23,Student,11412.0,597.0,1,152,Yes,Electronics,262,Low
C05523,38,Student,25313.0,572.0,3,567,Yes,Groceries/Essentials,57,Medium
C05524,24,Freelancer,53203.0,643.0,2,239,Yes,Groceries/Essentials,79,Low
C05525,23,Employed,66264.0,652.0,1,127,No,Fashion,93,Low
C05526,18,Employed,86067.0,647.0,1,90,No,Electronics,293,Low
C05527,46,Student,9044.0,669.0,5,803,No,Fashion,120,High
C05528,40,Unemployed,24439.0,449.0,1,229,Yes,Fashion,47,Medium
C05529,47,Student,13185.0,543.0,2,141,No,Travel,680,Low
C05530,21,Employed,91136.0,671.0,1,159,No,Fashion,95,Low
C05531,28,Freelancer,73834.0,706.0,1,69,Yes,Electronics,483,Low
C05532,43,Freelancer,9111.0,562.0,1,235,Yes,Home/Furniture,349,Medium
C05533,18,Student,,641.0,4,475,Yes,Electronics,566,Low
C05534,22,Student,10148.0,562.0,4,650,Yes,Groceries/Essentials,48,High
C05535,23,Employed,118444.0,603.0,2,412,Yes,Fashion,135,Low
C05536,28,Employed,37469.0,708.0,2,210,Yes,Groceries/Essentials,38,Low
C05537,37,Unemployed,5000.0,,3,474,No,Fashion,117,High
C05538,43,Employed,61790.0,675.0,0,0,No,Electronics,415,Low
C05539,18,Employed,71757.0,765.0,1,155,No,Fashion,53,Low
C05540,33,Employed,73016.0,693.0,4,611,No,Electronics,573,Low
C05541,37,Employed,79411.0,722.0,1,214,No,Electronics,472,Low
C05542,27,Student,7711.0,561.0,0,0,No,Fashion,84,Low
C05543,24,Freelancer,25364.0,589.0,2,325,No,Fashion,230,Low
C05544,19,Student,16338.0,575.0,1,55,No,Travel,723,Low
C05545,30,Employed,65309.0,750.0,1,166,No,Home/Furniture,411,Low
C05546,18,Employed,95850.0,684.0,4,680,No,Electronics,454,Low
C05547,18,Employed,79238.0,698.0,2,396,No,Home/Furniture,468,Low
C05548,23,Unemployed,9753.0,590.0,1,122,No,Fashion,12,Low
C05549,36,Employed,67744.0,705.0,10,1879,Yes,Fashion,96,High
C05550,38,Employed,78403.0,623.0,3,392,No,Home/Furniture,534,Low
C05551,27,Freelancer,69618.0,619.0,3,531,No,Fashion,56,Low
C05552,24,Employed,41174.0,711.0,1,112,No,Electronics,653,Low
C05553,32,Employed,67879.0,745.0,4,363,No,Travel,1193,Low
C05554,56,Freelancer,12469.0,,2,382,No,Home/Furniture,357,Low
C05555,55,Freelancer,78896.0,,1,193,No,Electronics,503,Low
C05556,46,Employed,112196.0,706.0,4,488,No,Fashion,155,Low
C05557,42,Student,21067.0,595.0,7,1111,Yes,Electronics,385,High
C05558,25,Employed,53569.0,721.0,0,0,Yes,Fashion,133,Low
C05559,27,Student,21905.0,607.0,2,236,No,Fashion,99,Low
C05560,18,Student,18799.0,657.0,0,0,No,Electronics,258,Low
C05561,56,Freelancer,21710.0,585.0,2,323,No,Fashion,81,Low
C05562,24,Student,17839.0,,1,177,Yes,Groceries/Essentials,56,Low
C05563,22,Freelancer,68481.0,691.0,9,1452,No,Home/Furniture,229,Low
C05564,19,Employed,34056.0,,2,417,No,Electronics,640,Low
C05565,46,Employed,90385.0,745.0,4,797,No,Travel,564,Low
C05566,43,Freelancer,84013.0,735.0,4,807,No,Travel,535,Low
C05567,35,Employed,81503.0,632.0,3,443,Yes,Electronics,317,Low
C05568,24,Student,21620.0,562.0,1,131,No,Electronics,615,Low
C05569,53,Student,6340.0,649.0,2,366,No,Fashion,27,Medium
C05570,28,Freelancer,,626.0,1,138,Yes,Travel,1045,Low
C05571,20,Freelancer,49688.0,688.0,1,81,No,Fashion,115,Low
C05572,26,Student,8418.0,613.0,1,189,Yes,Fashion,125,Medium
C05573,19,Employed,83855.0,642.0,3,473,Yes,Fashion,123,Low
C05574,22,Employed,73398.0,630.0,1,160,Yes,Fashion,112,Low
C05575,35,Employed,62158.0,694.0,1,130,No,Fashion,56,Low
C05576,22,Employed,63002.0,673.0,3,430,No,Fashion,85,Low
C05577,24,Employed,54008.0,660.0,1,70,No,Fashion,91,Low
C05578,20,Employed,52264.0,798.0,1,154,No,Electronics,387,Low
C05579,22,Employed,44990.0,659.0,0,0,No,Fashion,74,Low
C05580,20,Employed,49191.0,820.0,1,245,No,Home/Furniture,399,Low
C05581,36,Freelancer,28895.0,547.0,3,703,No,Travel,839,Low
C05582,40,Unemployed,30507.0,556.0,3,427,No,Travel,985,Low
C05583,30,Employed,92303.0,705.0,6,1118,No,Fashion,43,Low
C05584,19,Employed,47350.0,605.0,9,927,Yes,Travel,984,Medium
C05585,28,Student,13691.0,565.0,2,216,No,Travel,707,Low
C05586,19,Student,21940.0,543.0,2,244,Yes,Electronics,363,Low
C05587,30,Student,15734.0,601.0,0,0,Yes,Fashion,106,Low
C05588,42,Student,17364.0,580.0,1,177,No,Fashion,118,Low
C05589,23,Unemployed,5000.0,454.0,1,236,Yes,Fashion,41,High
C05590,41,Employed,46409.0,786.0,0,0,No,Travel,1157,Low
C05591,26,Student,16740.0,579.0,7,1017,No,Groceries/Essentials,52,High
C05592,22,Employed,84829.0,726.0,0,0,No,Fashion,89,Low
C05593,59,Employed,45933.0,664.0,1,177,No,Electronics,652,Low
C05594,25,Employed,66658.0,725.0,1,101,No,Fashion,138,Low
C05595,49,Employed,79437.0,617.0,1,80,Yes,Fashion,115,Low
C05596,20,Employed,96004.0,672.0,2,370,Yes,Home/Furniture,309,Low
C05597,25,Student,12971.0,540.0,2,227,Yes,Fashion,117,Low
C05598,28,Student,8556.0,559.0,1,186,Yes,Fashion,89,Low
C05599,21,Employed,97889.0,777.0,1,112,No,Electronics,518,Low
C05600,18,Employed,49575.0,709.0,1,180,No,Home/Furniture,272,Low
C05601,32,Employed,48127.0,733.0,1,135,No,Fashion,122,Low
C05602,21,Employed,89480.0,723.0,1,193,No,Fashion,120,Low
C05603,25,Unemployed,19235.0,612.0,1,145,No,Travel,778,Low
C05604,30,Freelancer,89908.0,709.0,1,125,No,Fashion,106,Low
C05605,49,Student,15397.0,682.0,3,533,No,Fashion,110,Low
C05606,57,Employed,96930.0,630.0,1,42,Yes,Home/Furniture,454,Low
C05607,62,Employed,79166.0,714.0,2,303,No,Electronics,718,Low
C05608,29,Employed,88731.0,602.0,1,129,Yes,Travel,402,Low
C05609,29,Employed,32091.0,797.0,3,572,No,Electronics,518,Low
C05610,24,Employed,122601.0,680.0,3,346,No,Fashion,75,Low
C05611,27,Employed,84399.0,675.0,2,327,No,Fashion,105,Low
C05612,21,Freelancer,85468.0,644.0,2,352,Yes,Groceries/Essentials,80,Low
C05613,41,Employed,86325.0,770.0,4,363,No,Fashion,109,Low
C05614,22,Employed,83752.0,714.0,2,371,No,Electronics,445,Low
C05615,19,Employed,86131.0,739.0,2,206,Yes,Fashion,98,Low
C05616,43,Student,7679.0,654.0,7,907,No,Fashion,31,High
C05617,30,Employed,54771.0,737.0,0,0,No,Electronics,397,Low
C05618,41,Employed,81849.0,700.0,5,361,No,Electronics,351,Low
C05619,52,Employed,61486.0,813.0,1,199,No,Fashion,25,Low
C05620,30,Employed,37754.0,710.0,1,138,No,Home/Furniture,287,Low
C05621,22,Employed,71442.0,727.0,0,0,No,Groceries/Essentials,76,Low
C05622,35,Student,13711.0,493.0,5,808,Yes,Electronics,427,High
C05623,19,Employed,58442.0,757.0,2,140,No,Travel,799,Low
C05624,51,Employed,53102.0,560.0,1,110,No,Home/Furniture,523,Low
C05625,18,Employed,73718.0,677.0,0,0,No,Fashion,104,Low
C05626,34,Employed,72712.0,670.0,6,915,No,Fashion,54,Low
C05627,21,Employed,59610.0,658.0,1,80,No,Electronics,473,Low
C05628,32,Employed,64279.0,816.0,10,955,No,Groceries/Essentials,53,Low
C05629,19,Employed,55665.0,683.0,2,445,No,Fashion,109,Low
C05630,18,Employed,29346.0,754.0,3,493,Yes,Fashion,157,Low
C05631,41,Employed,37582.0,661.0,1,150,No,Fashion,87,Low
C05632,36,Employed,41901.0,707.0,1,125,No,Fashion,61,Low
C05633,55,Freelancer,8651.0,563.0,2,381,No,Electronics,604,Low
C05634,64,Student,7388.0,654.0,3,0,No,Electronics,416,Low
C05635,44,Student,20516.0,556.0,1,126,No,Electronics,375,Low
C05636,23,Employed,73586.0,734.0,3,386,No,Electronics,277,Low
C05637,23,Student,7676.0,613.0,1,182,No,Electronics,320,Low
C05638,50,Employed,57096.0,637.0,1,142,Yes,Travel,836,Low
C05639,26,Employed,65130.0,639.0,2,455,Yes,Fashion,151,Low
C05640,24,Employed,52839.0,692.0,3,375,No,Groceries/Essentials,45,Low
C05641,54,Employed,54639.0,826.0,4,773,No,Fashion,48,Low
C05642,22,Employed,62971.0,741.0,2,229,No,Electronics,527,Low
C05643,50,Employed,73267.0,826.0,3,541,No,Fashion,97,Low
C05644,31,Unemployed,8436.0,627.0,1,160,No,Groceries/Essentials,30,Low
C05645,47,Student,20127.0,493.0,2,232,Yes,Electronics,413,Low
C05646,34,Student,24184.0,521.0,1,138,No,Fashion,112,Low
C05647,49,Employed,106711.0,812.0,7,1504,No,Electronics,362,Low
C05648,30,Employed,56717.0,714.0,1,130,No,Electronics,558,Low
C05649,38,Employed,65694.0,712.0,0,0,No,Fashion,76,Low
C05650,24,Employed,74950.0,688.0,9,977,No,Electronics,550,Low
C05651,54,Employed,75381.0,680.0,0,0,No,Electronics,646,Low
C05652,31,Employed,72873.0,757.0,3,624,Yes,Fashion,217,Low
C05653,58,Freelancer,30018.0,664.0,2,208,No,Electronics,449,Low
C05654,41,Employed,61938.0,723.0,8,2102,No,Electronics,461,Medium
C05655,64,Employed,39018.0,672.0,1,137,No,Fashion,63,Low
C05656,54,Freelancer,94982.0,714.0,2,535,Yes,Fashion,53,Low
C05657,51,Employed,53671.0,768.0,0,0,Yes,Fashion,229,Low
C05658,26,Employed,41376.0,660.0,1,130,Yes,Home/Furniture,361,Low
C05659,32,Unemployed,6279.0,556.0,1,171,Yes,Electronics,636,Medium
C05660,42,Employed,71506.0,772.0,1,33,No,Fashion,17,Low
C05661,27,Employed,77984.0,648.0,1,132,Yes,Electronics,584,Low
C05662,54,Unemployed,5000.0,541.0,1,208,Yes,Fashion,148,High
C05663,24,Freelancer,64454.0,670.0,2,182,No,Fashion,148,Low
C05664,28,Employed,82451.0,725.0,0,0,No,Fashion,134,Low
C05665,36,Employed,88285.0,795.0,3,645,No,Electronics,566,Low
C05666,30,Employed,67459.0,677.0,4,434,No,Fashion,125,Low
C05667,56,Employed,64723.0,668.0,1,116,No,Electronics,453,Low
C05668,45,Employed,,698.0,1,122,No,Fashion,63,Low
C05669,39,Employed,46006.0,692.0,0,0,No,Fashion,99,Low
C05670,23,Employed,69810.0,752.0,2,283,No,Electronics,434,Low
C05671,40,Employed,60735.0,702.0,1,217,No,Electronics,403,Low
C05672,34,Freelancer,51026.0,698.0,6,996,No,Fashion,34,Low
C05673,34,Employed,63039.0,653.0,2,268,No,Home/Furniture,261,Low
C05674,36,Employed,90413.0,655.0,3,801,No,Electronics,614,Low
C05675,63,Employed,100829.0,664.0,5,1083,No,Fashion,126,Low
C05676,25,Student,16640.0,658.0,2,280,No,Travel,846,Low
C05677,28,Freelancer,41602.0,675.0,9,1954,No,Fashion,171,Medium
C05678,30,Employed,81567.0,689.0,2,281,No,Fashion,37,Low
C05679,30,Employed,78554.0,715.0,3,586,No,Fashion,116,Low
C05680,43,Unemployed,15522.0,737.0,2,229,No,Fashion,57,Low
C05681,23,Employed,63769.0,636.0,0,0,Yes,Travel,839,Low
C05682,40,Employed,68685.0,754.0,1,139,No,Fashion,81,Low
C05683,49,Freelancer,82429.0,607.0,2,202,No,Electronics,413,Low
C05684,22,Employed,65744.0,731.0,7,987,No,Fashion,125,Low
C05685,23,Employed,55238.0,689.0,1,101,No,Electronics,402,Low
C05686,23,Employed,49577.0,733.0,2,297,Yes,Home/Furniture,439,Low
C05687,48,Employed,40852.0,713.0,6,622,No,Electronics,422,Low
C05688,24,Student,13310.0,578.0,2,205,Yes,Electronics,425,Medium
C05689,52,Student,13460.0,665.0,4,925,No,Electronics,519,High
C05690,24,Freelancer,8234.0,586.0,2,237,No,Home/Furniture,401,Low
C05691,46,Student,14665.0,393.0,2,404,Yes,Travel,871,Medium
C05692,55,Employed,68838.0,715.0,4,789,No,Fashion,120,Low
C05693,31,Employed,76668.0,648.0,1,131,No,Home/Furniture,350,Low
C05694,52,Student,21256.0,679.0,1,238,No,Fashion,156,Low
C05695,20,Employed,65575.0,614.0,3,415,Yes,Electronics,560,Low
C05696,19,Employed,48668.0,730.0,1,141,No,Travel,776,Low
C05697,37,Student,13699.0,618.0,2,266,No,Home/Furniture,407,Low
C05698,48,Student,11479.0,703.0,2,258,No,Electronics,421,Low
C05699,30,Employed,87044.0,729.0,3,519,No,Electronics,593,Low
C05700,44,Freelancer,96402.0,570.0,3,464,Yes,Fashion,111,Low
C05701,59,Employed,87636.0,754.0,2,186,No,Home/Furniture,639,Low
C05702,59,Employed,99047.0,701.0,1,140,No,Fashion,121,Low
C05703,23,Employed,81395.0,669.0,2,413,No,Home/Furniture,414,Low
C05704,20,Employed,103495.0,745.0,2,428,No,Fashion,96,Low
C05705,38,Employed,77714.0,802.0,1,213,No,Travel,752,Low
C05706,18,Student,15275.0,779.0,2,168,No,Fashion,88,Low
C05707,22,Employed,38381.0,643.0,2,431,Yes,Home/Furniture,305,Low
C05708,43,Employed,64018.0,673.0,2,180,Yes,Electronics,422,Low
C05709,18,Unemployed,17367.0,548.0,0,0,No,Home/Furniture,262,Low
C05710,38,Employed,99619.0,752.0,0,0,No,Fashion,137,Low
C05711,24,Employed,36335.0,669.0,3,559,No,Fashion,108,Low
C05712,31,Employed,67049.0,673.0,5,386,No,Fashion,97,Low
C05713,53,Student,16185.0,,2,198,No,Electronics,383,Low
C05714,34,Freelancer,39530.0,583.0,2,111,No,Fashion,94,Low
C05715,48,Student,16072.0,557.0,1,175,Yes,Electronics,685,Low
C05716,23,Freelancer,36932.0,537.0,1,155,Yes,Fashion,33,Low
C05717,47,Student,15444.0,602.0,1,229,Yes,Home/Furniture,434,Low
C05718,62,Employed,58847.0,739.0,1,180,No,Home/Furniture,357,Low
C05719,22,Employed,50610.0,607.0,1,259,Yes,Electronics,248,Low
C05720,64,Student,21391.0,556.0,4,524,No,Fashion,106,Low
C05721,22,Employed,90411.0,725.0,2,380,No,Fashion,80,Low
C05722,42,Unemployed,5000.0,505.0,2,253,Yes,Electronics,526,High
C05723,30,Employed,51528.0,703.0,2,370,No,Fashion,98,Low
C05724,30,Employed,66225.0,679.0,1,210,No,Electronics,407,Low
C05725,23,Employed,78710.0,791.0,1,136,No,Fashion,112,Low
C05726,37,Employed,92892.0,726.0,2,379,Yes,Electronics,364,Low
C05727,21,Employed,59098.0,720.0,2,459,No,Fashion,92,Low
C05728,53,Employed,94288.0,688.0,2,363,No,Electronics,767,Low
C05729,56,Employed,68175.0,682.0,1,150,Yes,Electronics,552,Low
C05730,37,Student,23925.0,536.0,1,144,Yes,Fashion,127,Low
C05731,53,Employed,98914.0,676.0,1,205,No,Travel,969,Low
C05732,18,Employed,60542.0,641.0,1,148,No,Electronics,288,Low
C05733,19,Student,19370.0,625.0,2,347,No,Electronics,745,Low
C05734,21,Employed,77590.0,687.0,1,45,No,Fashion,149,Low
C05735,50,Employed,60325.0,732.0,3,350,No,Fashion,73,Low
C05736,58,Employed,44388.0,699.0,4,966,Yes,Fashion,154,Medium
C05737,22,Employed,72741.0,770.0,4,940,No,Travel,818,Low
C05738,22,Freelancer,88237.0,649.0,2,372,No,Fashion,106,Low
C05739,59,Employed,87928.0,685.0,0,0,No,Fashion,105,Low
C05740,24,Employed,45426.0,668.0,1,105,No,Electronics,485,Low
C05741,39,Employed,61756.0,699.0,2,445,No,Fashion,160,Low
C05742,21,Student,16139.0,519.0,1,135,Yes,Fashion,106,Low
C05743,45,Freelancer,12397.0,601.0,7,1370,No,Fashion,74,High
C05744,52,Employed,75597.0,699.0,5,592,No,Fashion,85,Low
C05745,19,Employed,94633.0,639.0,3,382,No,Fashion,109,Low
C05746,32,Employed,94321.0,755.0,10,1894,No,Fashion,144,Medium
C05747,60,Student,22764.0,612.0,2,267,No,Electronics,391,Low
C05748,25,Employed,105409.0,715.0,2,281,Yes,Home/Furniture,389,Low
C05749,23,Employed,73354.0,701.0,7,891,No,Fashion,120,Low
C05750,20,Student,18913.0,639.0,3,557,Yes,Electronics,498,Medium
C05751,60,Student,17402.0,720.0,2,412,No,Fashion,99,Low
C05752,19,Freelancer,91804.0,634.0,5,340,Yes,Home/Furniture,518,Low
C05753,34,Employed,27074.0,654.0,6,852,No,Home/Furniture,550,Medium
C05754,26,Student,5000.0,582.0,1,168,Yes,Fashion,170,Low
C05755,18,Employed,60138.0,683.0,3,515,No,Groceries/Essentials,31,Low
C05756,47,Employed,100763.0,688.0,2,361,No,Electronics,684,Low
C05757,24,Employed,69869.0,773.0,0,0,Yes,Electronics,405,Low
C05758,39,Employed,62811.0,712.0,5,805,No,Electronics,687,Low
C05759,36,Employed,82089.0,644.0,0,0,No,Electronics,308,Low
C05760,50,Employed,105467.0,647.0,1,177,No,Fashion,81,Low
C05761,64,Employed,48679.0,645.0,2,415,No,Electronics,264,Low
C05762,22,Employed,46076.0,676.0,4,575,No,Travel,1082,Low
C05763,41,Employed,73969.0,821.0,5,0,No,Electronics,907,Low
C05764,36,Employed,61690.0,807.0,5,840,No,Fashion,66,Low
C05765,29,Employed,57403.0,730.0,1,114,No,Electronics,535,Low
C05766,33,Student,21290.0,700.0,2,379,No,Electronics,316,Low
C05767,26,Employed,76507.0,,3,417,No,Electronics,359,Low
C05768,38,Student,,635.0,1,188,No,Fashion,63,Low
C05769,24,Employed,63867.0,727.0,1,139,Yes,Travel,1130,Low
C05770,39,Employed,67617.0,811.0,1,148,No,Electronics,861,Low
C05771,30,Freelancer,60830.0,673.0,2,230,No,Electronics,459,Low
C05772,23,Employed,80077.0,707.0,4,470,No,Fashion,112,Low
C05773,28,Employed,68589.0,729.0,2,245,No,Electronics,572,Low
C05774,29,Employed,73997.0,720.0,1,204,Yes,Home/Furniture,619,Low
C05775,38,Employed,50367.0,748.0,2,258,No,Fashion,58,Low
C05776,23,Employed,81560.0,723.0,7,1203,No,Electronics,485,Low
C05777,21,Employed,52321.0,572.0,2,355,No,Electronics,397,Low
C05778,46,Employed,,658.0,1,160,No,Travel,802,Low
C05779,35,Employed,73797.0,707.0,2,244,No,Electronics,329,Low
C05780,41,Employed,90980.0,626.0,6,674,No,Travel,746,Low
C05781,49,Employed,71633.0,698.0,1,129,No,Electronics,484,Low
C05782,50,Student,17719.0,581.0,4,446,Yes,Fashion,77,Medium
C05783,23,Employed,67632.0,745.0,5,429,No,Electronics,267,Low
C05784,20,Employed,75656.0,725.0,1,212,No,Fashion,127,Low
C05785,29,Freelancer,38123.0,738.0,2,426,Yes,Electronics,547,Low
C05786,33,Employed,63451.0,649.0,6,1137,Yes,Travel,450,Medium
C05787,34,Employed,88984.0,702.0,2,451,No,Electronics,641,Low
C05788,61,Employed,48361.0,692.0,0,0,No,Home/Furniture,331,Low
C05789,24,Freelancer,95903.0,732.0,10,2731,Yes,Electronics,272,High
C05790,43,Employed,79760.0,625.0,1,179,No,Fashion,151,Low
C05791,20,Student,16497.0,544.0,2,356,Yes,Electronics,438,Low
C05792,42,Student,16148.0,643.0,1,88,No,Electronics,372,Low
C05793,38,Employed,42990.0,719.0,6,1204,No,Electronics,760,Low
C05794,20,Employed,70680.0,704.0,6,886,No,Fashion,91,Low
C05795,43,Freelancer,63090.0,616.0,2,285,No,Electronics,432,Low
C05796,27,Employed,91624.0,715.0,6,1265,Yes,Travel,662,Low
C05797,23,Employed,67109.0,627.0,2,180,No,Travel,645,Low
C05798,20,Student,5000.0,659.0,2,211,No,Travel,1199,Medium
C05799,20,Employed,29056.0,688.0,3,405,No,Fashion,62,Low
C05800,28,Unemployed,15767.0,604.0,3,422,Yes,Electronics,825,Medium
C05801,21,Employed,75083.0,728.0,3,320,No,Electronics,237,Low
C05802,23,Employed,64993.0,692.0,1,150,No,Home/Furniture,321,Low
C05803,24,Student,19072.0,455.0,4,759,Yes,Fashion,134,Medium
C05804,59,Employed,105636.0,646.0,4,719,No,Fashion,172,Low
C05805,32,Freelancer,70329.0,661.0,3,498,No,Electronics,487,Low
C05806,54,Employed,63633.0,673.0,1,169,No,Electronics,383,Low
C05807,31,Employed,66077.0,734.0,3,329,Yes,Home/Furniture,415,Low
C05808,52,Freelancer,73030.0,,1,83,Yes,Electronics,339,Low
C05809,21,Employed,90699.0,733.0,0,0,No,Home/Furniture,305,Low
C05810,48,Student,14442.0,640.0,5,215,Yes,Home/Furniture,393,Low
C05811,32,Student,15177.0,561.0,10,1397,Yes,Fashion,34,High
C05812,22,Employed,74421.0,659.0,7,954,No,Fashion,84,Low
C05813,60,Employed,96723.0,753.0,5,1050,No,Fashion,84,Low
C05814,48,Employed,62355.0,785.0,0,0,Yes,Home/Furniture,364,Low
C05815,22,Employed,90356.0,700.0,1,181,No,Fashion,95,Low
C05816,32,Employed,77641.0,713.0,1,152,No,Fashion,143,Low
C05817,36,Student,18785.0,554.0,1,52,Yes,Home/Furniture,457,Low
C05818,35,Employed,104540.0,759.0,1,99,No,Fashion,53,Low
C05819,30,Employed,67200.0,750.0,10,1822,No,Travel,759,Low
C05820,23,Employed,76789.0,721.0,1,131,No,Fashion,185,Low
C05821,25,Employed,60276.0,668.0,1,198,No,Fashion,39,Low
C05822,23,Employed,,658.0,3,319,No,Fashion,91,Low
C05823,38,Employed,58383.0,743.0,0,0,No,Travel,462,Low
C05824,33,Employed,78887.0,682.0,1,152,No,Home/Furniture,420,Low
C05825,27,Unemployed,16390.0,548.0,3,322,No,Travel,911,Low
C05826,34,Freelancer,83353.0,540.0,6,898,Yes,Home/Furniture,400,Medium
C05827,24,Employed,96949.0,753.0,4,866,No,Home/Furniture,408,Low
C05828,33,Student,5000.0,590.0,1,164,No,Home/Furniture,423,Low
C05829,30,Employed,60599.0,754.0,0,0,No,Electronics,748,Low
C05830,43,Student,13295.0,705.0,0,0,Yes,Travel,1254,Low
C05831,35,Freelancer,31253.0,519.0,4,774,Yes,Electronics,420,Medium
C05832,19,Student,,483.0,7,718,No,Travel,750,High
C05833,20,Unemployed,5000.0,,7,1017,No,Electronics,288,High
C05834,21,Employed,70452.0,786.0,1,265,No,Fashion,158,Low
C05835,20,Employed,70773.0,682.0,4,535,Yes,Travel,811,Low
C05836,21,Employed,76250.0,596.0,1,169,No,Fashion,117,Low
C05837,26,Employed,54540.0,644.0,3,295,Yes,Home/Furniture,455,Low
C05838,63,Employed,58940.0,674.0,0,0,No,Electronics,555,Low
C05839,20,Employed,36486.0,708.0,5,911,Yes,Travel,1034,Medium
C05840,59,Unemployed,19139.0,668.0,5,917,No,Groceries/Essentials,52,Medium
C05841,59,Freelancer,65014.0,734.0,10,1729,No,Fashion,129,Medium
C05842,52,Employed,47010.0,763.0,0,0,No,Fashion,47,Low
C05843,43,Freelancer,34181.0,601.0,4,566,Yes,Fashion,113,Low
C05844,49,Employed,57088.0,698.0,3,373,Yes,Fashion,102,Low
C05845,47,Student,15342.0,540.0,1,180,Yes,Fashion,127,Low
C05846,34,Employed,,580.0,3,446,Yes,Fashion,44,Low
C05847,52,Employed,,685.0,2,328,No,Home/Furniture,446,Low
C05848,34,Employed,91426.0,,3,520,No,Electronics,635,Low
C05849,58,Employed,83905.0,672.0,9,990,No,Home/Furniture,536,Low
C05850,23,Employed,98332.0,729.0,3,560,No,Groceries/Essentials,73,Low
C05851,44,Employed,63599.0,705.0,7,730,No,Electronics,499,Low
C05852,62,Employed,79215.0,661.0,2,211,No,Fashion,135,Low
C05853,22,Student,14334.0,600.0,4,452,No,Home/Furniture,593,Low
C05854,21,Freelancer,53972.0,625.0,2,308,No,Home/Furniture,475,Low
C05855,23,Employed,111787.0,636.0,2,325,Yes,Electronics,426,Low
C05856,35,Employed,84021.0,650.0,1,164,No,Fashion,131,Low
C05857,31,Employed,82483.0,686.0,0,0,No,Fashion,163,Low
C05858,23,Freelancer,60990.0,628.0,1,153,Yes,Electronics,244,Low
C05859,21,Employed,76607.0,816.0,5,823,No,Home/Furniture,399,Low
C05860,38,Employed,45440.0,784.0,3,405,Yes,Electronics,517,Low
C05861,32,Employed,63315.0,743.0,1,121,No,Electronics,482,Low
C05862,56,Employed,81586.0,700.0,2,379,No,Fashion,76,Low
C05863,35,Employed,81689.0,711.0,3,197,No,Fashion,51,Low
C05864,41,Employed,85443.0,738.0,1,127,No,Home/Furniture,319,Low
C05865,46,Employed,,719.0,0,0,No,Travel,534,Low
C05866,39,Employed,39312.0,795.0,2,193,No,Fashion,79,Low
C05867,20,Employed,69323.0,743.0,3,631,No,Travel,737,Low
C05868,60,Employed,85895.0,712.0,1,167,No,Fashion,153,Low
C05869,31,Student,,571.0,1,152,No,Electronics,428,Low
C05870,47,Employed,65200.0,677.0,2,568,Yes,Fashion,61,Low
C05871,33,Unemployed,6367.0,588.0,1,166,No,Electronics,561,Low
C05872,33,Employed,49078.0,678.0,4,661,No,Groceries/Essentials,43,Low
C05873,24,Employed,71642.0,705.0,2,452,No,Fashion,10,Low
C05874,36,Freelancer,28103.0,758.0,1,173,No,Electronics,681,Low
C05875,20,Freelancer,19516.0,580.0,3,436,Yes,Fashion,72,Low
C05876,30,Employed,103350.0,645.0,4,629,No,Electronics,501,Low
C05877,33,Freelancer,45193.0,560.0,2,269,No,Fashion,77,Low
C05878,45,Unemployed,22510.0,468.0,4,664,Yes,Travel,889,High
C05879,18,Employed,77018.0,741.0,3,369,No,Home/Furniture,403,Low
C05880,24,Unemployed,5000.0,608.0,0,0,No,Electronics,459,Low
C05881,23,Employed,83911.0,800.0,2,192,No,Fashion,124,Low
C05882,19,Student,18827.0,556.0,5,702,No,Fashion,23,Medium
C05883,38,Employed,102979.0,658.0,2,3,No,Fashion,151,Low
C05884,30,Employed,82819.0,664.0,1,108,No,Fashion,126,Low
C05885,54,Employed,64456.0,746.0,1,148,No,Home/Furniture,300,Low
C05886,54,Freelancer,43046.0,660.0,1,133,No,Electronics,494,Low
C05887,32,Employed,121911.0,742.0,1,182,No,Fashion,145,Low
C05888,18,Student,16855.0,619.0,6,663,No,Fashion,90,Medium
C05889,53,Employed,76718.0,695.0,0,0,No,Fashion,75,Low
C05890,18,Student,16782.0,680.0,3,394,No,Fashion,47,Low
C05891,32,Freelancer,,697.0,0,0,No,Electronics,439,Low
C05892,34,Freelancer,92019.0,695.0,1,155,No,Home/Furniture,236,Low
C05893,54,Student,5403.0,515.0,3,352,Yes,Electronics,432,High
C05894,35,Freelancer,70125.0,714.0,1,141,No,Fashion,85,Low
C05895,21,Employed,99224.0,754.0,6,1056,Yes,Electronics,612,Low
C05896,59,Freelancer,106566.0,691.0,3,409,Yes,Fashion,80,Low
C05897,42,Unemployed,5000.0,429.0,4,692,Yes,Fashion,62,High
C05898,21,Employed,40397.0,644.0,0,0,Yes,Fashion,147,Low
C05899,30,Employed,60508.0,704.0,3,517,No,Travel,420,Low
C05900,59,Employed,56362.0,612.0,1,175,Yes,Home/Furniture,223,Low
C05901,28,Employed,34320.0,724.0,1,127,Yes,Fashion,131,Low
C05902,26,Student,12562.0,526.0,5,862,Yes,Electronics,351,High
C05903,25,Employed,83866.0,754.0,6,577,No,Home/Furniture,232,Low
C05904,53,Employed,81347.0,724.0,1,174,No,Fashion,105,Low
C05905,20,Employed,50578.0,660.0,5,953,Yes,Fashion,65,Low
C05906,26,Employed,57689.0,724.0,0,0,No,Fashion,100,Low
C05907,46,Employed,58568.0,688.0,0,0,No,Electronics,398,Low
C05908,21,Freelancer,61547.0,739.0,5,594,No,Home/Furniture,314,Low
C05909,27,Freelancer,51046.0,599.0,2,285,No,Electronics,318,Low
C05910,60,Freelancer,54043.0,632.0,1,91,No,Fashion,36,Low
C05911,23,Employed,80331.0,727.0,1,96,No,Electronics,325,Low
C05912,19,Employed,67792.0,627.0,0,0,No,Fashion,149,Low
C05913,31,Employed,58805.0,774.0,4,796,No,Travel,742,Low
C05914,37,Student,18406.0,612.0,4,982,Yes,Home/Furniture,496,High
C05915,55,Employed,88703.0,772.0,0,0,No,Home/Furniture,343,Low
C05916,48,Student,13483.0,540.0,2,431,Yes,Electronics,514,Medium
C05917,19,Employed,80799.0,641.0,1,190,No,Fashion,25,Low
C05918,20,Freelancer,48885.0,609.0,1,188,No,Home/Furniture,410,Low
C05919,27,Employed,74733.0,690.0,3,283,No,Fashion,59,Low
C05920,27,Student,,567.0,0,0,Yes,Home/Furniture,410,Low
C05921,48,Employed,91613.0,664.0,1,154,No,Fashion,67,Low
C05922,29,Employed,68165.0,699.0,1,149,No,Groceries/Essentials,81,Low
C05923,45,Employed,75095.0,692.0,1,208,No,Travel,873,Low
C05924,28,Employed,94862.0,745.0,2,249,No,Fashion,110,Low
C05925,25,Employed,63785.0,692.0,3,431,No,Home/Furniture,203,Low
C05926,41,Employed,67951.0,674.0,2,244,No,Fashion,97,Low
C05927,39,Employed,5000.0,770.0,2,422,No,Home/Furniture,603,High
C05928,51,Employed,84274.0,789.0,0,0,No,Fashion,77,Low
C05929,18,Freelancer,58642.0,680.0,1,212,No,Fashion,28,Low
C05930,25,Student,14453.0,426.0,1,102,No,Fashion,81,Low
C05931,18,Employed,91469.0,773.0,1,229,No,Fashion,60,Low
C05932,21,Employed,124418.0,669.0,0,0,No,Travel,525,Low
C05933,49,Employed,53081.0,716.0,4,731,Yes,Home/Furniture,315,Low
C05934,64,Freelancer,5000.0,582.0,2,450,No,Travel,992,High
C05935,44,Employed,75104.0,743.0,1,212,No,Fashion,129,Low
C05936,35,Freelancer,73427.0,717.0,0,0,No,Fashion,182,Low
C05937,36,Freelancer,5000.0,561.0,6,700,Yes,Electronics,615,High
C05938,19,Employed,95405.0,760.0,4,883,No,Electronics,485,Low
C05939,49,Student,15755.0,593.0,0,0,Yes,Fashion,60,Low
C05940,20,Student,17464.0,504.0,2,325,Yes,Fashion,99,Medium
C05941,33,Employed,68552.0,667.0,2,261,No,Electronics,504,Low
C05942,30,Employed,88092.0,850.0,2,429,Yes,Fashion,113,Low
C05943,20,Freelancer,33005.0,657.0,4,350,No,Fashion,130,Low
C05944,35,Employed,38468.0,673.0,4,549,No,Fashion,174,Low
C05945,21,Employed,67501.0,663.0,0,0,No,Electronics,449,Low
C05946,29,Employed,84883.0,658.0,6,475,No,Fashion,171,Low
C05947,28,Freelancer,51735.0,,1,153,No,Home/Furniture,479,Low
C05948,19,Employed,47677.0,626.0,1,134,No,Fashion,124,Low
C05949,46,Employed,71111.0,,1,127,No,Groceries/Essentials,56,Low
C05950,58,Employed,49965.0,700.0,1,213,No,Groceries/Essentials,34,Low
C05951,25,Student,18610.0,548.0,3,401,Yes,Electronics,609,Medium
C05952,42,Freelancer,17776.0,693.0,5,1182,No,Travel,790,High
C05953,27,Employed,78017.0,736.0,6,781,No,Home/Furniture,309,Low
C05954,36,Employed,53977.0,772.0,1,171,Yes,Electronics,488,Low
C05955,60,Employed,74227.0,608.0,2,276,No,Fashion,61,Low
C05956,49,Student,18584.0,639.0,0,0,Yes,Fashion,110,Low
C05957,57,Employed,97446.0,733.0,1,220,No,Fashion,178,Low
C05958,41,Employed,61974.0,703.0,2,238,No,Electronics,429,Low
C05959,21,Unemployed,8478.0,557.0,7,1035,No,Electronics,365,High
C05960,58,Employed,30439.0,685.0,3,554,No,Fashion,120,Low
C05961,21,Employed,69479.0,701.0,0,0,No,Electronics,742,Low
C05962,23,Student,18966.0,561.0,7,1482,Yes,Home/Furniture,568,High
C05963,19,Employed,33203.0,743.0,3,405,No,Home/Furniture,314,Low
C05964,40,Employed,48945.0,821.0,2,346,No,Fashion,91,Low
C05965,45,Employed,64370.0,740.0,0,0,No,Fashion,124,Low
C05966,24,Student,8876.0,503.0,1,143,Yes,Fashion,133,Low
C05967,25,Employed,89975.0,705.0,3,460,No,Electronics,511,Low
C05968,25,Unemployed,7683.0,642.0,2,128,Yes,Electronics,442,Medium
C05969,30,Freelancer,40102.0,705.0,1,134,No,Fashion,76,Low
C05970,24,Employed,68963.0,717.0,0,0,No,Travel,674,Low
C05971,23,Employed,82489.0,637.0,2,359,No,Home/Furniture,553,Low
C05972,52,Employed,79411.0,699.0,2,257,No,Electronics,580,Low
C05973,22,Employed,75324.0,657.0,1,231,Yes,Electronics,417,Low
C05974,42,Employed,69596.0,715.0,4,574,No,Fashion,111,Low
C05975,20,Freelancer,34451.0,710.0,3,595,No,Home/Furniture,436,Low
C05976,19,Student,18020.0,575.0,0,0,Yes,Home/Furniture,586,Low
C05977,37,Employed,105429.0,717.0,0,0,No,Fashion,92,Low
C05978,22,Employed,68600.0,663.0,2,241,No,Fashion,156,Low
C05979,45,Employed,35680.0,577.0,0,0,No,Fashion,19,Low
C05980,19,Freelancer,79543.0,577.0,4,829,No,Fashion,133,Low
C05981,30,Freelancer,87888.0,662.0,1,81,Yes,Fashion,121,Low
C05982,21,Freelancer,40698.0,674.0,0,0,No,Travel,732,Low
C05983,31,Freelancer,31475.0,616.0,1,179,Yes,Home/Furniture,466,Low
C05984,19,Employed,113648.0,734.0,2,385,Yes,Fashion,130,Low
C05985,58,Student,17159.0,588.0,2,290,No,Fashion,78,Low
C05986,24,Employed,100189.0,796.0,1,171,No,Fashion,118,Low
C05987,24,Employed,59491.0,718.0,6,579,No,Electronics,396,Low
C05988,42,Employed,104486.0,812.0,3,369,No,Fashion,158,Low
C05989,64,Employed,85928.0,726.0,2,90,No,Electronics,721,Low
C05990,48,Employed,10453.0,793.0,1,138,No,Home/Furniture,408,Low
C05991,28,Student,13052.0,556.0,0,0,No,Home/Furniture,401,Low
C05992,42,Employed,51313.0,707.0,1,147,Yes,Fashion,134,Low
C05993,29,Employed,49980.0,635.0,2,299,Yes,Electronics,613,Low
C05994,32,Employed,97489.0,624.0,5,642,No,Electronics,667,Low
C05995,43,Employed,79100.0,744.0,2,328,No,Fashion,10,Low
C05996,28,Unemployed,15929.0,598.0,5,870,No,Fashion,139,High
C05997,52,Employed,68385.0,631.0,3,358,Yes,Groceries/Essentials,91,Low
C05998,23,Employed,44352.0,649.0,1,106,Yes,Groceries/Essentials,68,Low
C05999,32,Unemployed,17697.0,566.0,0,0,No,Fashion,126,Low
C06000,40,Employed,82189.0,679.0,8,872,No,Electronics,513,Low
C06001,59,Employed,80695.0,675.0,3,565,No,Electronics,661,Low
C06002,20,Freelancer,92898.0,633.0,5,598,No,Home/Furniture,267,Low
C06003,60,Employed,84031.0,744.0,1,155,No,Electronics,249,Low
C06004,62,Employed,44518.0,685.0,1,139,No,Travel,805,Low
C06005,22,Employed,95322.0,701.0,3,252,No,Home/Furniture,491,Low
C06006,22,Student,21115.0,733.0,2,170,No,Electronics,561,Low
C06007,21,Freelancer,56716.0,659.0,1,208,No,Home/Furniture,318,Low
C06008,27,Employed,30367.0,690.0,1,47,No,Fashion,40,Low
C06009,24,Student,19102.0,,4,636,Yes,Electronics,275,Medium
C06010,41,Student,5000.0,619.0,4,743,No,Electronics,492,High
C06011,40,Employed,90186.0,561.0,2,328,Yes,Groceries/Essentials,19,Low
C06012,33,Freelancer,64887.0,560.0,6,550,Yes,Fashion,108,Low
C06013,29,Student,17775.0,548.0,2,151,No,Home/Furniture,321,Low
C06014,31,Student,18897.0,538.0,1,148,Yes,Electronics,435,Low
C06015,26,Employed,103762.0,652.0,0,0,No,Fashion,94,Low
C06016,22,Student,17752.0,618.0,2,186,Yes,Electronics,361,Low
C06017,29,Employed,93993.0,614.0,3,437,Yes,Fashion,102,Low
C06018,54,Freelancer,57566.0,,5,1012,No,Fashion,90,Low
C06019,18,Student,18678.0,539.0,2,43,Yes,Groceries/Essentials,61,Low
C06020,19,Student,16621.0,633.0,5,494,Yes,Fashion,92,Medium
C06021,54,Employed,101428.0,707.0,2,255,No,Electronics,777,Low
C06022,31,Employed,101529.0,712.0,2,373,No,Travel,1158,Low
C06023,49,Freelancer,83099.0,697.0,0,0,No,Home/Furniture,520,Low
C06024,19,Employed,55277.0,704.0,3,207,No,Fashion,102,Low
C06025,19,Freelancer,72828.0,658.0,1,170,No,Electronics,550,Low
C06026,22,Employed,71655.0,731.0,6,864,No,Electronics,437,Low
C06027,23,Employed,97409.0,638.0,2,344,Yes,Home/Furniture,246,Low
C06028,27,Unemployed,13522.0,622.0,5,316,Yes,Fashion,81,Medium
C06029,18,Freelancer,51326.0,575.0,3,441,Yes,Home/Furniture,414,Low
C06030,33,Student,15549.0,569.0,3,472,Yes,Travel,417,Medium
C06031,24,Employed,39486.0,772.0,7,332,No,Fashion,116,Low
C06032,21,Employed,78167.0,730.0,5,387,Yes,Home/Furniture,352,Low
C06033,23,Employed,95579.0,663.0,3,296,No,Electronics,248,Low
C06034,62,Employed,67162.0,687.0,2,212,No,Electronics,859,Low
C06035,21,Employed,52265.0,,1,106,No,Electronics,658,Low
C06036,21,Employed,61590.0,709.0,1,119,No,Home/Furniture,404,Low
C06037,55,Employed,53578.0,664.0,3,423,No,Electronics,549,Low
C06038,62,Freelancer,72971.0,652.0,1,64,No,Home/Furniture,432,Low
C06039,41,Employed,97348.0,734.0,4,757,Yes,Home/Furniture,481,Low
C06040,23,Employed,39542.0,747.0,1,190,No,Home/Furniture,288,Low
C06041,24,Student,11518.0,637.0,2,208,No,Electronics,715,Low
C06042,23,Student,5193.0,670.0,2,405,No,Travel,1039,Medium
C06043,21,Employed,78235.0,,2,277,No,Fashion,98,Low
C06044,38,Unemployed,5645.0,522.0,1,197,Yes,Fashion,78,Medium
C06045,58,Employed,76367.0,736.0,3,557,No,Home/Furniture,305,Low
C06046,39,Student,17423.0,584.0,0,0,No,Electronics,454,Low
C06047,27,Employed,96448.0,797.0,4,555,No,Electronics,414,Low
C06048,21,Freelancer,21377.0,719.0,10,1032,No,Fashion,64,Medium
C06049,62,Employed,,799.0,1,77,No,Home/Furniture,493,Low
C06050,50,Unemployed,5000.0,559.0,7,1045,No,Electronics,564,High
C06051,41,Employed,79500.0,696.0,1,123,No,Fashion,116,Low
C06052,38,Student,12062.0,668.0,1,140,No,Electronics,731,Low
C06053,44,Employed,81126.0,812.0,1,140,No,Fashion,120,Low
C06054,25,Student,19891.0,677.0,1,263,No,Electronics,787,Low
C06055,37,Employed,85583.0,807.0,7,1067,No,Electronics,578,Low
C06056,23,Employed,46336.0,726.0,5,501,No,Fashion,82,Low
C06057,18,Student,,647.0,1,115,No,Travel,709,Low
C06058,33,Student,13699.0,611.0,4,645,Yes,Electronics,522,Medium
C06059,18,Employed,51544.0,779.0,4,487,No,Electronics,440,Low
C06060,18,Employed,67210.0,675.0,3,231,No,Fashion,115,Low
C06061,55,Employed,75070.0,662.0,1,115,No,Electronics,615,Low
C06062,58,Student,26690.0,631.0,1,144,Yes,Home/Furniture,527,Low
C06063,24,Employed,83486.0,,3,375,No,Fashion,123,Low
C06064,19,Freelancer,42931.0,610.0,5,769,No,Electronics,624,Low
C06065,31,Student,15496.0,541.0,8,1536,Yes,Fashion,104,High
C06066,24,Employed,71725.0,718.0,1,196,No,Electronics,318,Low
C06067,22,Employed,101234.0,706.0,1,99,No,Travel,866,Low
C06068,25,Employed,83154.0,579.0,1,119,No,Home/Furniture,480,Low
C06069,34,Employed,61789.0,715.0,0,0,No,Fashion,133,Low
C06070,19,Employed,75172.0,,1,181,No,Travel,981,Low
C06071,24,Freelancer,32281.0,618.0,3,376,Yes,Fashion,109,Low
C06072,48,Employed,29965.0,746.0,1,243,No,Electronics,619,Low
C06073,43,Student,15119.0,621.0,5,766,No,Home/Furniture,412,Medium
C06074,26,Employed,70070.0,756.0,5,952,No,Electronics,480,Low
C06075,39,Student,23230.0,649.0,2,356,Yes,Fashion,100,Low
C06076,27,Employed,112436.0,802.0,2,194,No,Fashion,134,Low
C06077,20,Student,13778.0,666.0,2,427,No,Electronics,684,Low
C06078,41,Student,12410.0,656.0,1,158,No,Fashion,108,Low
C06079,20,Employed,81079.0,738.0,6,592,No,Fashion,114,Low
C06080,18,Employed,68145.0,632.0,2,354,Yes,Electronics,597,Low
C06081,21,Employed,114500.0,,1,271,No,Electronics,283,Low
C06082,30,Employed,83657.0,743.0,6,829,No,Fashion,10,Low
C06083,19,Employed,60304.0,711.0,1,98,No,Fashion,84,Low
C06084,24,Employed,83198.0,727.0,6,911,No,Fashion,104,Low
C06085,37,Employed,98803.0,774.0,8,1432,No,Home/Furniture,500,Low
C06086,20,Employed,90531.0,715.0,0,0,No,Home/Furniture,512,Low
C06087,63,Employed,66525.0,686.0,1,140,No,Electronics,337,Low
C06088,49,Employed,81726.0,680.0,4,634,No,Electronics,314,Low
C06089,30,Freelancer,96566.0,809.0,6,426,Yes,Electronics,549,Low
C06090,54,Employed,30747.0,729.0,2,252,No,Fashion,103,Low
C06091,42,Employed,,686.0,1,146,No,Fashion,77,Low
C06092,23,Unemployed,13025.0,559.0,2,65,No,Fashion,120,Low
C06093,28,Student,8924.0,449.0,3,633,Yes,Electronics,694,High
C06094,58,Employed,41055.0,735.0,2,217,No,Fashion,113,Low
C06095,28,Employed,45793.0,709.0,3,613,No,Electronics,255,Low
C06096,43,Employed,51329.0,609.0,5,751,No,Fashion,126,Low
C06097,25,Student,10456.0,609.0,2,440,Yes,Electronics,555,Medium
C06098,35,Employed,52869.0,623.0,0,0,Yes,Electronics,454,Low
C06099,47,Student,17663.0,485.0,1,204,Yes,Groceries/Essentials,57,Low
C06100,21,Freelancer,49889.0,557.0,6,1259,No,Electronics,392,Low
C06101,50,Employed,53551.0,643.0,1,282,No,Home/Furniture,324,Low
C06102,29,Unemployed,13585.0,,3,465,No,Fashion,155,Medium
C06103,32,Unemployed,18780.0,519.0,6,1018,Yes,Travel,609,High
C06104,22,Employed,59872.0,744.0,2,289,Yes,Electronics,670,Low
C06105,64,Freelancer,71952.0,652.0,3,450,No,Home/Furniture,436,Low
C06106,22,Employed,76011.0,834.0,6,1022,No,Home/Furniture,231,Low
C06107,22,Employed,60796.0,747.0,3,580,Yes,Fashion,10,Low
C06108,30,Employed,35586.0,700.0,3,440,No,Fashion,127,Low
C06109,32,Student,20814.0,676.0,2,351,No,Travel,835,Low
C06110,45,Employed,76747.0,696.0,1,97,No,Travel,978,Low
C06111,21,Employed,,790.0,2,213,No,Home/Furniture,364,Low
C06112,21,Employed,66891.0,724.0,0,0,No,Groceries/Essentials,16,Low
C06113,18,Employed,90305.0,739.0,2,225,No,Home/Furniture,416,Low
C06114,35,Student,6534.0,572.0,1,138,Yes,Fashion,122,Low
C06115,55,Employed,85271.0,650.0,2,233,No,Home/Furniture,370,Low
C06116,26,Employed,53095.0,697.0,0,0,No,Fashion,100,Low
C06117,30,Freelancer,91005.0,803.0,2,426,No,Home/Furniture,460,Low
C06118,45,Employed,41137.0,663.0,3,607,No,Travel,981,Low
C06119,36,Freelancer,81934.0,692.0,4,650,No,Fashion,132,Low
C06120,21,Employed,78176.0,741.0,1,236,No,Fashion,59,Low
C06121,31,Employed,86250.0,658.0,4,842,No,Electronics,674,Low
C06122,31,Student,19906.0,589.0,2,263,No,Fashion,181,Low
C06123,19,Employed,106298.0,675.0,1,101,No,Groceries/Essentials,72,Low
C06124,36,Employed,60550.0,692.0,3,382,No,Travel,312,Low
C06125,20,Employed,82139.0,665.0,4,224,No,Electronics,474,Low
C06126,29,Student,13245.0,628.0,1,201,No,Electronics,434,Low
C06127,20,Freelancer,11694.0,679.0,1,197,No,Home/Furniture,405,Low
C06128,57,Employed,65942.0,796.0,0,0,No,Home/Furniture,503,Low
C06129,40,Employed,55752.0,682.0,2,232,No,Fashion,77,Low
C06130,42,Employed,57626.0,,3,252,No,Fashion,165,Low
C06131,34,Employed,45516.0,695.0,2,354,No,Home/Furniture,465,Low
C06132,18,Employed,51051.0,800.0,5,663,No,Home/Furniture,244,Low
C06133,19,Freelancer,23867.0,590.0,0,0,No,Electronics,341,Low
C06134,49,Employed,80075.0,758.0,1,150,No,Fashion,136,Low
C06135,18,Employed,62763.0,639.0,3,495,No,Fashion,136,Low
C06136,22,Student,19244.0,686.0,1,126,No,Electronics,544,Low
C06137,31,Employed,82411.0,601.0,3,642,No,Electronics,618,Low
C06138,52,Freelancer,61051.0,632.0,1,144,Yes,Electronics,506,Low
C06139,42,Employed,78597.0,716.0,3,453,No,Electronics,456,Low
C06140,49,Employed,64551.0,784.0,1,148,No,Travel,831,Low
C06141,29,Employed,78571.0,738.0,0,0,No,Electronics,579,Low
C06142,47,Employed,73907.0,736.0,0,0,No,Fashion,80,Low
C06143,24,Freelancer,97664.0,676.0,1,50,No,Electronics,655,Low
C06144,40,Freelancer,56247.0,637.0,3,243,No,Groceries/Essentials,81,Low
C06145,22,Employed,70552.0,686.0,1,142,No,Travel,706,Low
C06146,60,Employed,83006.0,716.0,1,92,No,Fashion,97,Low
C06147,35,Employed,,686.0,0,0,No,Home/Furniture,354,Low
C06148,23,Freelancer,70407.0,703.0,2,385,No,Electronics,588,Low
C06149,19,Employed,86937.0,,6,1023,No,Groceries/Essentials,66,Low
C06150,44,Student,13735.0,661.0,2,92,No,Travel,1001,Low
C06151,25,Student,17377.0,519.0,3,652,Yes,Fashion,67,Medium
C06152,25,Employed,67655.0,655.0,6,1203,No,Electronics,520,Low
C06153,64,Employed,59013.0,707.0,1,230,No,Travel,785,Low
C06154,52,Freelancer,98709.0,618.0,1,171,Yes,Fashion,64,Low
C06155,20,Employed,75024.0,737.0,1,169,Yes,Home/Furniture,603,Low
C06156,44,Freelancer,51972.0,707.0,6,527,No,Electronics,535,Low
C06157,34,Freelancer,90446.0,629.0,3,466,Yes,Fashion,45,Low
C06158,62,Employed,91791.0,719.0,1,82,No,Electronics,436,Low
C06159,37,Freelancer,56868.0,,7,578,Yes,Electronics,631,Low
C06160,43,Unemployed,,632.0,2,436,No,Home/Furniture,357,Medium
C06161,28,Student,12762.0,673.0,2,268,No,Electronics,385,Low
C06162,21,Employed,94177.0,719.0,5,546,No,Travel,1420,Low
C06163,23,Freelancer,38672.0,771.0,2,283,No,Electronics,363,Low
C06164,19,Student,,576.0,1,135,No,Fashion,25,Low
C06165,55,Employed,73036.0,681.0,5,993,No,Fashion,130,Low
C06166,36,Employed,67494.0,651.0,5,586,No,Electronics,601,Low
C06167,39,Employed,69362.0,674.0,1,83,Yes,Fashion,30,Low
C06168,42,Student,21364.0,559.0,1,220,Yes,Fashion,83,Low
C06169,25,Employed,90193.0,601.0,3,404,No,Fashion,43,Low
C06170,28,Student,19114.0,532.0,3,211,No,Fashion,67,Low
C06171,39,Employed,73740.0,732.0,2,300,No,Fashion,101,Low
C06172,26,Freelancer,34362.0,651.0,8,1455,No,Home/Furniture,481,Medium
C06173,30,Student,15969.0,705.0,1,166,No,Groceries/Essentials,65,Low
C06174,32,Employed,79514.0,763.0,2,192,No,Fashion,132,Low
C06175,19,Student,15619.0,641.0,8,1260,Yes,Fashion,143,High
C06176,37,Employed,97473.0,685.0,1,193,No,Home/Furniture,414,Low
C06177,28,Employed,23465.0,661.0,1,84,No,Fashion,60,Low
C06178,53,Employed,56877.0,661.0,4,711,No,Fashion,66,Low
C06179,36,Employed,81680.0,711.0,3,559,No,Electronics,221,Low
C06180,39,Student,22725.0,679.0,0,0,No,Fashion,57,Low
C06181,29,Employed,64000.0,703.0,0,0,No,Fashion,27,Low
C06182,30,Student,18095.0,605.0,2,193,No,Fashion,126,Low
C06183,63,Employed,44368.0,712.0,7,1151,No,Fashion,133,Low
C06184,21,Employed,67762.0,703.0,1,188,No,Travel,472,Low
C06185,39,Employed,56903.0,766.0,3,522,No,Fashion,171,Low
C06186,19,Employed,,,3,245,No,Fashion,67,Low
C06187,27,Employed,79532.0,674.0,2,194,Yes,Home/Furniture,518,Low
C06188,47,Employed,30936.0,717.0,2,119,No,Fashion,137,Low
C06189,63,Freelancer,105046.0,650.0,1,187,No,Home/Furniture,400,Low
C06190,60,Student,12547.0,693.0,2,317,No,Fashion,99,Low
C06191,59,Student,8440.0,625.0,0,0,No,Fashion,117,Low
C06192,33,Employed,,622.0,5,711,No,Fashion,112,Low
C06193,22,Employed,28510.0,645.0,2,263,No,Travel,1114,Low
C06194,43,Employed,107598.0,741.0,2,244,Yes,Electronics,399,Low
C06195,30,Unemployed,13889.0,475.0,1,120,Yes,Fashion,69,Medium
C06196,20,Employed,51692.0,759.0,2,289,No,Fashion,117,Low
C06197,49,Student,15030.0,582.0,1,217,Yes,Groceries/Essentials,52,Low
C06198,26,Employed,84169.0,687.0,1,41,No,Fashion,178,Low
C06199,32,Employed,62881.0,651.0,6,505,No,Fashion,78,Low
C06200,29,Freelancer,24220.0,566.0,1,175,Yes,Home/Furniture,556,Low
C06201,45,Unemployed,12687.0,436.0,2,222,Yes,Electronics,720,Medium
C06202,21,Employed,80335.0,710.0,2,244,No,Fashion,105,Low
C06203,19,Employed,90456.0,755.0,3,280,No,Electronics,587,Low
C06204,39,Employed,82634.0,,1,194,No,Groceries/Essentials,42,Low
C06205,28,Employed,56091.0,675.0,1,95,No,Fashion,121,Low
C06206,32,Employed,84665.0,766.0,1,199,No,Fashion,111,Low
C06207,33,Employed,46877.0,734.0,3,755,No,Fashion,101,Low
C06208,30,Employed,65651.0,654.0,5,996,No,Electronics,764,Low
C06209,30,Employed,106865.0,638.0,3,468,No,Fashion,121,Low
C06210,21,Employed,72300.0,763.0,2,534,No,Fashion,99,Low
C06211,19,Employed,95324.0,663.0,2,215,No,Travel,656,Low
C06212,33,Employed,72523.0,645.0,1,185,Yes,Electronics,488,Low
C06213,22,Employed,63940.0,722.0,0,0,No,Fashion,69,Low
C06214,21,Employed,84523.0,732.0,0,0,Yes,Travel,1147,Low
C06215,19,Employed,82676.0,670.0,2,223,No,Fashion,106,Low
C06216,40,Employed,,680.0,2,223,No,Home/Furniture,596,Low
C06217,29,Student,10096.0,631.0,3,531,Yes,Electronics,649,High
C06218,18,Freelancer,80485.0,649.0,2,341,Yes,Fashion,103,Low
C06219,51,Employed,66786.0,718.0,0,0,Yes,Fashion,116,Low
C06220,45,Freelancer,79906.0,723.0,1,179,No,Fashion,115,Low
C06221,24,Employed,90653.0,844.0,9,1163,Yes,Fashion,132,Medium
C06222,27,Freelancer,39487.0,630.0,3,668,Yes,Fashion,55,Low
C06223,24,Employed,86305.0,663.0,6,681,No,Fashion,82,Low
C06224,35,Employed,77004.0,622.0,5,573,No,Fashion,116,Low
C06225,19,Unemployed,12064.0,453.0,2,471,No,Groceries/Essentials,22,Medium
C06226,25,Employed,57285.0,730.0,1,210,No,Groceries/Essentials,81,Low
C06227,24,Employed,43422.0,688.0,4,594,No,Fashion,105,Low
C06228,38,Employed,31096.0,699.0,1,281,No,Fashion,115,Low
C06229,38,Student,5082.0,699.0,2,236,No,Home/Furniture,352,Medium
C06230,30,Employed,53854.0,602.0,1,155,Yes,Electronics,269,Low
C06231,60,Employed,75809.0,695.0,1,105,No,Fashion,80,Low
C06232,53,Student,13857.0,690.0,2,293,Yes,Travel,688,Medium
C06233,41,Student,21919.0,653.0,2,336,No,Home/Furniture,402,Low
C06234,31,Employed,36618.0,,2,306,No,Electronics,647,Low
C06235,28,Employed,80421.0,747.0,4,427,No,Groceries/Essentials,71,Low
C06236,50,Employed,64811.0,677.0,1,118,No,Groceries/Essentials,39,Low
C06237,29,Employed,86184.0,648.0,1,139,No,Electronics,543,Low
C06238,29,Freelancer,65663.0,595.0,0,0,Yes,Fashion,102,Low
C06239,43,Student,11572.0,553.0,2,345,No,Fashion,88,Low
C06240,18,Employed,102670.0,732.0,2,89,No,Home/Furniture,298,Low
C06241,30,Employed,95241.0,644.0,3,409,No,Travel,810,Low
C06242,18,Employed,66510.0,693.0,1,52,No,Fashion,165,Low
C06243,19,Employed,65600.0,736.0,1,170,No,Fashion,179,Low
C06244,61,Employed,61640.0,689.0,2,11,No,Fashion,57,Low
C06245,25,Employed,67394.0,726.0,1,241,No,Electronics,596,Low
C06246,37,Employed,104443.0,718.0,0,0,No,Fashion,112,Low
C06247,64,Employed,77320.0,753.0,0,0,No,Home/Furniture,498,Low
C06248,24,Employed,61518.0,738.0,1,118,No,Electronics,478,Low
C06249,18,Employed,56693.0,666.0,4,563,No,Fashion,75,Low
C06250,19,Freelancer,59692.0,727.0,1,207,No,Fashion,77,Low
C06251,31,Employed,65796.0,681.0,0,0,Yes,Electronics,379,Low
C06252,19,Student,15185.0,567.0,2,468,No,Electronics,592,Low
C06253,30,Employed,63682.0,714.0,3,223,No,Electronics,554,Low
C06254,22,Freelancer,60236.0,574.0,8,1609,No,Electronics,509,Medium
C06255,44,Student,14590.0,624.0,7,1047,No,Electronics,454,High
C06256,18,Employed,38039.0,745.0,1,169,No,Travel,667,Low
C06257,19,Employed,65732.0,722.0,1,232,No,Electronics,462,Low
C06258,18,Unemployed,8459.0,595.0,2,442,No,Travel,840,Medium
C06259,18,Freelancer,25392.0,633.0,0,0,No,Fashion,132,Low
C06260,58,Student,22392.0,576.0,2,306,Yes,Electronics,402,Medium
C06261,26,Employed,77219.0,589.0,7,1239,Yes,Travel,1044,Medium
C06262,23,Employed,43974.0,688.0,2,473,Yes,Fashion,105,Low
C06263,19,Employed,38029.0,719.0,6,716,No,Electronics,747,Low
C06264,64,Employed,74944.0,682.0,1,106,No,Fashion,123,Low
C06265,32,Employed,85713.0,710.0,3,561,No,Home/Furniture,374,Low
C06266,53,Student,12443.0,652.0,1,185,Yes,Electronics,768,Low
C06267,25,Employed,52601.0,673.0,3,367,No,Electronics,225,Low
C06268,22,Employed,86836.0,769.0,4,452,No,Electronics,464,Low
C06269,20,Employed,23314.0,770.0,1,223,No,Fashion,91,Low
C06270,19,Student,14753.0,624.0,1,171,Yes,Groceries/Essentials,34,Low
C06271,33,Student,11908.0,495.0,3,546,No,Fashion,92,Medium
C06272,21,Employed,75662.0,772.0,4,501,No,Groceries/Essentials,57,Low
C06273,18,Employed,97045.0,803.0,1,125,Yes,Travel,959,Low
C06274,18,Freelancer,36321.0,763.0,7,1272,No,Fashion,131,Medium
C06275,28,Student,14155.0,586.0,1,85,Yes,Electronics,260,Low
C06276,19,Employed,69487.0,760.0,8,1454,No,Travel,1347,Low
C06277,22,Student,18001.0,593.0,1,197,No,Groceries/Essentials,31,Low
C06278,43,Employed,58137.0,655.0,5,601,No,Fashion,155,Low
C06279,31,Employed,37428.0,794.0,2,212,No,Home/Furniture,432,Low
C06280,19,Freelancer,46612.0,568.0,1,174,No,Electronics,773,Low
C06281,38,Student,16065.0,615.0,5,1482,Yes,Electronics,660,High
C06282,56,Student,16496.0,638.0,2,428,Yes,Electronics,580,Low
C06283,42,Employed,28152.0,680.0,2,299,No,Electronics,525,Low
C06284,51,Employed,44602.0,677.0,1,124,No,Electronics,566,Low
C06285,19,Freelancer,27476.0,599.0,0,0,No,Travel,1085,Low
C06286,38,Student,16020.0,467.0,1,76,Yes,Electronics,242,Low
C06287,41,Employed,89076.0,715.0,6,791,No,Fashion,184,Low
C06288,43,Employed,76692.0,673.0,1,220,No,Fashion,161,Low
C06289,33,Unemployed,16948.0,437.0,2,246,Yes,Fashion,152,Medium
C06290,55,Employed,43579.0,723.0,1,108,No,Fashion,139,Low
C06291,47,Employed,68872.0,792.0,1,256,No,Fashion,82,Low
C06292,42,Employed,52561.0,,1,184,No,Fashion,169,Low
C06293,41,Freelancer,26481.0,724.0,3,479,No,Electronics,471,Low
C06294,32,Student,16349.0,657.0,2,185,No,Fashion,145,Low
C06295,40,Employed,53208.0,657.0,3,401,No,Fashion,31,Low
C06296,18,Student,11556.0,628.0,9,1764,Yes,Electronics,593,High
C06297,59,Employed,80492.0,698.0,1,114,No,Electronics,463,Low
C06298,31,Freelancer,48149.0,751.0,1,151,Yes,Fashion,85,Low
C06299,33,Employed,86179.0,666.0,5,546,No,Fashion,27,Low
C06300,21,Employed,72536.0,719.0,2,217,No,Electronics,598,Low
C06301,61,Employed,42546.0,744.0,6,689,No,Travel,983,Low
C06302,20,Unemployed,13436.0,538.0,1,113,Yes,Electronics,478,Low
C06303,18,Unemployed,5000.0,553.0,1,196,Yes,Electronics,359,High
C06304,56,Employed,80867.0,688.0,3,499,No,Travel,642,Low
C06305,28,Student,14752.0,521.0,2,210,Yes,Travel,584,Low
C06306,64,Employed,58782.0,680.0,3,378,No,Fashion,95,Low
C06307,25,Unemployed,,535.0,4,829,Yes,Fashion,100,High
C06308,38,Employed,71642.0,675.0,2,374,No,Electronics,551,Low
C06309,42,Employed,57370.0,642.0,2,117,Yes,Fashion,109,Low
C06310,26,Student,14595.0,500.0,3,615,Yes,Home/Furniture,595,Medium
C06311,23,Employed,72563.0,626.0,1,143,No,Electronics,766,Low
C06312,63,Employed,86172.0,689.0,2,287,No,Fashion,138,Low
C06313,22,Employed,74164.0,683.0,1,204,Yes,Fashion,155,Low
C06314,40,Employed,73942.0,730.0,3,514,No,Fashion,107,Low
C06315,58,Freelancer,,676.0,3,571,No,Fashion,64,Low
C06316,62,Freelancer,72805.0,704.0,3,307,No,Electronics,297,Low
C06317,54,Student,11771.0,604.0,5,622,Yes,Fashion,48,High
C06318,26,Unemployed,5000.0,579.0,2,191,Yes,Fashion,138,High
C06319,40,Employed,64677.0,716.0,8,0,No,Electronics,472,Low
C06320,19,Employed,74466.0,743.0,1,158,No,Travel,1028,Low
C06321,60,Employed,42393.0,764.0,2,305,Yes,Fashion,52,Low
C06322,24,Freelancer,45443.0,644.0,0,0,No,Fashion,106,Low
C06323,22,Employed,72387.0,621.0,2,327,No,Home/Furniture,532,Low
C06324,27,Employed,50118.0,682.0,2,398,Yes,Fashion,65,Low
C06325,22,Employed,70655.0,720.0,6,1086,No,Fashion,137,Low
C06326,20,Employed,95334.0,718.0,2,330,No,Electronics,511,Low
C06327,28,Student,25280.0,538.0,3,297,Yes,Fashion,159,Low
C06328,18,Employed,103552.0,660.0,7,1597,No,Electronics,793,Low
C06329,33,Student,9672.0,635.0,2,414,No,Fashion,10,Low
C06330,20,Employed,47728.0,729.0,1,101,Yes,Fashion,98,Low
C06331,27,Employed,,708.0,1,268,No,Fashion,80,Low
C06332,64,Student,15826.0,619.0,1,225,Yes,Fashion,84,Low
C06333,23,Unemployed,11908.0,447.0,4,567,Yes,Fashion,63,High
C06334,37,Student,19545.0,574.0,1,79,No,Home/Furniture,357,Low
C06335,25,Employed,76786.0,727.0,4,743,No,Home/Furniture,462,Low
C06336,38,Employed,89940.0,,1,103,No,Fashion,86,Low
C06337,39,Employed,58156.0,716.0,0,0,No,Fashion,82,Low
C06338,38,Freelancer,67542.0,602.0,2,166,No,Home/Furniture,360,Low
C06339,24,Student,9643.0,642.0,3,447,No,Fashion,101,Low
C06340,56,Employed,81456.0,799.0,2,356,No,Fashion,96,Low
C06341,28,Employed,51987.0,763.0,1,125,No,Fashion,94,Low
C06342,22,Freelancer,122054.0,,2,293,Yes,Fashion,172,Low
C06343,25,Student,27079.0,460.0,6,869,Yes,Electronics,581,Medium
C06344,35,Employed,91989.0,714.0,0,0,Yes,Groceries/Essentials,49,Low
C06345,30,Employed,95674.0,744.0,1,148,No,Fashion,126,Low
C06346,27,Employed,23328.0,733.0,1,126,No,Fashion,130,Low
C06347,29,Employed,90112.0,704.0,7,723,No,Home/Furniture,401,Low
C06348,23,Freelancer,48439.0,617.0,1,200,No,Fashion,130,Low
C06349,24,Employed,86399.0,749.0,2,179,No,Electronics,665,Low
C06350,18,Employed,115851.0,690.0,1,134,No,Home/Furniture,376,Low
C06351,18,Employed,87460.0,712.0,1,171,No,Electronics,554,Low
C06352,30,Freelancer,5000.0,540.0,3,407,Yes,Electronics,535,High
C06353,30,Employed,114094.0,716.0,3,319,No,Fashion,71,Low
C06354,61,Employed,81026.0,790.0,0,0,No,Electronics,348,Low
C06355,58,Freelancer,51472.0,687.0,2,155,No,Electronics,519,Low
C06356,31,Employed,62378.0,820.0,2,437,No,Electronics,383,Low
C06357,24,Employed,50889.0,740.0,1,77,No,Fashion,107,Low
C06358,38,Unemployed,15766.0,491.0,1,100,No,Electronics,597,Low
C06359,23,Employed,81404.0,729.0,1,148,No,Fashion,130,Low
C06360,44,Employed,67692.0,706.0,6,905,No,Fashion,161,Low
C06361,50,Employed,75594.0,650.0,2,124,No,Fashion,83,Low
C06362,35,Employed,61631.0,630.0,6,1360,No,Fashion,118,Low
C06363,61,Employed,63623.0,749.0,0,0,No,Groceries/Essentials,51,Low
C06364,60,Freelancer,67523.0,605.0,1,200,Yes,Electronics,233,Low
C06365,53,Employed,67368.0,634.0,5,563,No,Fashion,96,Low
C06366,32,Employed,70866.0,709.0,3,521,No,Electronics,538,Low
C06367,22,Freelancer,39000.0,620.0,1,242,No,Electronics,464,Low
C06368,29,Employed,60981.0,688.0,3,537,No,Electronics,671,Low
C06369,42,Student,,533.0,1,176,No,Electronics,641,Low
C06370,24,Student,15159.0,569.0,1,141,Yes,Electronics,719,Low
C06371,53,Student,12984.0,692.0,2,415,No,Fashion,100,Low
C06372,28,Employed,99241.0,749.0,0,0,No,Electronics,653,Low
C06373,25,Student,19566.0,645.0,9,460,Yes,Electronics,195,Medium
C06374,22,Student,19210.0,693.0,1,73,No,Electronics,335,Low
C06375,44,Employed,59280.0,687.0,1,138,No,Electronics,507,Low
C06376,23,Employed,64700.0,632.0,1,248,No,Fashion,106,Low
C06377,33,Employed,88755.0,599.0,0,0,Yes,Fashion,155,Low
C06378,32,Employed,,696.0,4,758,No,Electronics,903,Low
C06379,62,Employed,68830.0,719.0,2,435,Yes,Fashion,119,Low
C06380,39,Student,20487.0,669.0,1,186,No,Travel,826,Low
C06381,52,Employed,60890.0,718.0,4,574,Yes,Fashion,71,Low
C06382,18,Freelancer,22288.0,661.0,2,222,No,Home/Furniture,442,Low
C06383,60,Freelancer,40471.0,722.0,5,528,No,Fashion,191,Low
C06384,22,Student,5803.0,479.0,2,305,Yes,Home/Furniture,567,High
C06385,35,Employed,61443.0,653.0,3,368,No,Fashion,93,Low
C06386,20,Employed,118404.0,642.0,2,324,No,Electronics,652,Low
C06387,53,Employed,56064.0,751.0,2,251,No,Fashion,125,Low
C06388,23,Employed,64542.0,808.0,1,189,No,Electronics,542,Low
C06389,19,Employed,46896.0,697.0,8,897,Yes,Electronics,534,Medium
C06390,23,Unemployed,20733.0,479.0,1,177,Yes,Fashion,112,Low
C06391,62,Employed,97068.0,673.0,3,475,Yes,Home/Furniture,398,Low
C06392,31,Student,21808.0,642.0,1,187,No,Electronics,537,Low
C06393,49,Employed,,657.0,2,227,No,Home/Furniture,439,Low
C06394,34,Employed,72755.0,737.0,2,206,No,Fashion,114,Low
C06395,62,Employed,79085.0,715.0,3,275,No,Groceries/Essentials,30,Low
C06396,26,Employed,83002.0,679.0,5,843,No,Fashion,123,Low
C06397,20,Employed,53249.0,730.0,2,199,No,Fashion,78,Low
C06398,28,Employed,,748.0,7,1240,No,Fashion,140,Low
C06399,44,Employed,67703.0,675.0,3,551,No,Home/Furniture,419,Low
C06400,35,Employed,65968.0,740.0,0,0,No,Electronics,740,Low
C06401,28,Employed,70551.0,723.0,1,98,No,Fashion,145,Low
C06402,44,Freelancer,75327.0,615.0,7,1273,Yes,Fashion,66,Medium
C06403,25,Freelancer,65933.0,571.0,2,267,No,Electronics,814,Low
C06404,40,Employed,70426.0,646.0,1,177,No,Home/Furniture,343,Low
C06405,29,Employed,108199.0,702.0,2,143,No,Fashion,96,Low
C06406,41,Employed,97872.0,730.0,3,582,No,Electronics,520,Low
C06407,32,Freelancer,12740.0,559.0,1,87,Yes,Travel,762,Low
C06408,27,Employed,46643.0,684.0,3,457,No,Home/Furniture,421,Low
C06409,43,Student,18862.0,543.0,2,347,Yes,Home/Furniture,287,Low
C06410,28,Employed,72972.0,720.0,1,82,No,Electronics,415,Low
C06411,55,Employed,24033.0,741.0,1,181,No,Travel,690,Low
C06412,26,Employed,85812.0,795.0,4,607,No,Electronics,306,Low
C06413,63,Freelancer,78962.0,607.0,0,0,No,Electronics,381,Low
C06414,19,Employed,89128.0,697.0,2,217,No,Fashion,132,Low
C06415,20,Employed,94968.0,683.0,2,321,No,Fashion,44,Low
C06416,54,Student,5636.0,571.0,8,1071,No,Fashion,92,High
C06417,45,Freelancer,38861.0,563.0,1,112,No,Electronics,538,Low
C06418,32,Freelancer,93684.0,687.0,2,401,No,Electronics,206,Low
C06419,47,Employed,52900.0,745.0,2,450,No,Fashion,10,Low
C06420,20,Employed,48408.0,725.0,3,583,No,Fashion,155,Low
C06421,32,Employed,44145.0,790.0,1,208,Yes,Fashion,77,Low
C06422,63,Employed,81569.0,807.0,1,76,No,Fashion,95,Low
C06423,44,Employed,45187.0,813.0,1,35,No,Electronics,631,Low
C06424,27,Employed,80203.0,744.0,2,405,No,Electronics,448,Low
C06425,20,Student,18181.0,570.0,3,432,Yes,Electronics,385,Low
C06426,35,Student,12401.0,682.0,4,217,No,Fashion,132,Low
C06427,42,Unemployed,6400.0,454.0,2,284,No,Fashion,149,High
C06428,54,Employed,55842.0,643.0,10,2185,Yes,Fashion,69,High
C06429,59,Employed,94335.0,689.0,4,792,No,Groceries/Essentials,43,Low
C06430,21,Employed,125288.0,694.0,1,117,No,Fashion,104,Low
C06431,34,Employed,76975.0,675.0,2,195,No,Electronics,425,Low
C06432,31,Freelancer,40889.0,728.0,1,130,No,Electronics,245,Low
C06433,26,Freelancer,45376.0,626.0,1,101,Yes,Home/Furniture,442,Low
C06434,29,Employed,79854.0,781.0,2,170,No,Fashion,14,Low
C06435,24,Employed,89197.0,732.0,3,587,No,Travel,990,Low
C06436,21,Freelancer,60523.0,630.0,1,163,No,Fashion,33,Low
C06437,23,Student,21474.0,558.0,1,242,No,Electronics,461,Low
C06438,23,Employed,41148.0,642.0,3,469,Yes,Fashion,60,Low
C06439,18,Student,14094.0,571.0,1,143,Yes,Home/Furniture,458,Low
C06440,41,Student,20204.0,665.0,2,450,No,Home/Furniture,402,Low
C06441,31,Employed,60419.0,745.0,2,211,No,Home/Furniture,379,Low
C06442,20,Student,7764.0,572.0,1,135,No,Fashion,129,Low
C06443,38,Employed,74266.0,727.0,1,117,No,Travel,624,Low
C06444,43,Employed,79021.0,683.0,3,367,No,Home/Furniture,484,Low
C06445,33,Student,10793.0,605.0,3,317,No,Electronics,445,Low
C06446,20,Student,23342.0,520.0,0,0,Yes,Travel,487,Low
C06447,26,Employed,36268.0,689.0,1,197,No,Electronics,610,Low
C06448,60,Employed,72142.0,736.0,0,0,No,Fashion,92,Low
C06449,21,Employed,51188.0,723.0,1,146,No,Fashion,130,Low
C06450,18,Employed,,719.0,5,637,No,Travel,1112,Low
C06451,23,Employed,97443.0,688.0,1,95,No,Fashion,111,Low
C06452,40,Freelancer,7372.0,741.0,1,257,Yes,Home/Furniture,313,Medium
C06453,47,Employed,72403.0,661.0,3,407,No,Home/Furniture,398,Low
C06454,23,Employed,71932.0,675.0,1,215,No,Home/Furniture,381,Low
C06455,53,Employed,74998.0,710.0,0,0,No,Electronics,736,Low
C06456,35,Employed,64712.0,657.0,1,124,Yes,Fashion,181,Low
C06457,30,Employed,60811.0,662.0,1,165,No,Travel,1134,Low
C06458,31,Employed,85312.0,746.0,5,1107,No,Groceries/Essentials,59,Low
C06459,35,Employed,55476.0,730.0,0,0,Yes,Electronics,434,Low
C06460,23,Employed,75768.0,650.0,2,277,No,Fashion,53,Low
C06461,22,Employed,,628.0,1,161,No,Electronics,701,Low
C06462,31,Unemployed,9570.0,657.0,0,0,No,Fashion,73,Low
C06463,22,Employed,68080.0,657.0,1,163,No,Electronics,383,Low
C06464,31,Employed,58616.0,678.0,2,92,No,Fashion,83,Low
C06465,24,Student,10563.0,670.0,2,366,No,Fashion,170,Low
C06466,21,Unemployed,19806.0,545.0,1,131,Yes,Home/Furniture,353,Low
C06467,21,Employed,71660.0,763.0,3,508,No,Home/Furniture,475,Low
C06468,27,Freelancer,55220.0,610.0,5,730,No,Home/Furniture,206,Low
C06469,31,Freelancer,74168.0,672.0,0,0,No,Fashion,157,Low
C06470,64,Employed,67303.0,769.0,3,259,No,Fashion,123,Low
C06471,28,Freelancer,31793.0,660.0,1,95,No,Electronics,516,Low
C06472,49,Employed,94015.0,774.0,1,130,No,Fashion,61,Low
C06473,44,Freelancer,91298.0,692.0,1,176,No,Fashion,104,Low
C06474,56,Employed,56042.0,738.0,4,765,No,Fashion,135,Low
C06475,43,Student,10996.0,467.0,2,292,Yes,Travel,573,Medium
C06476,34,Student,14372.0,577.0,0,0,No,Fashion,58,Low
C06477,32,Employed,101251.0,708.0,3,234,No,Travel,560,Low
C06478,22,Unemployed,15507.0,556.0,2,313,No,Fashion,113,Low
C06479,62,Employed,51796.0,673.0,1,175,No,Fashion,41,Low
C06480,54,Employed,100521.0,774.0,1,173,No,Fashion,93,Low
C06481,36,Student,12401.0,723.0,3,535,No,Fashion,99,Low
C06482,61,Employed,94906.0,713.0,2,385,No,Fashion,142,Low
C06483,22,Student,18754.0,539.0,0,0,No,Fashion,86,Low
C06484,44,Student,16482.0,722.0,4,543,No,Fashion,55,Low
C06485,22,Employed,73276.0,737.0,2,176,No,Electronics,289,Low
C06486,26,Student,12976.0,729.0,0,0,No,Electronics,587,Low
C06487,31,Unemployed,24289.0,554.0,1,153,No,Fashion,165,Low
C06488,29,Freelancer,93187.0,645.0,1,87,Yes,Travel,912,Low
C06489,52,Employed,70832.0,625.0,10,1800,Yes,Fashion,62,High
C06490,32,Employed,73202.0,634.0,3,392,No,Electronics,505,Low
C06491,42,Employed,93021.0,,2,267,No,Fashion,55,Low
C06492,29,Employed,71859.0,668.0,0,0,No,Home/Furniture,397,Low
C06493,20,Employed,67917.0,776.0,2,503,No,Home/Furniture,354,Low
C06494,50,Employed,82046.0,793.0,1,130,No,Electronics,295,Low
C06495,28,Employed,129585.0,672.0,7,1011,Yes,Fashion,39,Low
C06496,45,Student,11711.0,538.0,0,0,Yes,Groceries/Essentials,31,Low
C06497,38,Employed,69593.0,659.0,2,406,No,Electronics,630,Low
C06498,56,Employed,,751.0,6,793,No,Electronics,359,Low
C06499,38,Employed,42327.0,676.0,4,815,No,Home/Furniture,458,Low
C06500,58,Student,8703.0,421.0,3,549,Yes,Electronics,477,High
C06501,51,Employed,65308.0,646.0,1,219,No,Travel,920,Low
C06502,41,Employed,91357.0,673.0,7,1091,No,Fashion,147,Low
C06503,49,Employed,74930.0,744.0,1,189,No,Home/Furniture,424,Low
C06504,27,Employed,61574.0,634.0,2,258,Yes,Home/Furniture,355,Low
C06505,18,Employed,53689.0,695.0,9,1423,No,Fashion,113,Medium
C06506,20,Employed,34361.0,766.0,3,229,No,Fashion,26,Low
C06507,32,Employed,75096.0,727.0,3,382,No,Fashion,50,Low
C06508,53,Unemployed,11805.0,503.0,4,376,No,Electronics,585,Medium
C06509,19,Freelancer,35743.0,641.0,0,0,No,Electronics,473,Low
C06510,51,Employed,67735.0,684.0,1,108,No,Electronics,352,Low
C06511,35,Employed,105500.0,742.0,2,197,No,Fashion,115,Low
C06512,29,Student,20486.0,633.0,1,170,Yes,Fashion,198,Low
C06513,31,Employed,50971.0,723.0,7,871,No,Fashion,161,Low
C06514,22,Employed,89684.0,794.0,1,172,No,Electronics,204,Low
C06515,20,Student,12767.0,642.0,2,432,No,Fashion,135,Low
C06516,23,Student,13825.0,527.0,2,369,Yes,Fashion,185,Medium
C06517,31,Employed,77974.0,664.0,2,143,No,Fashion,78,Low
C06518,26,Employed,76393.0,715.0,2,407,No,Fashion,78,Low
C06519,50,Freelancer,39167.0,636.0,1,188,Yes,Electronics,443,Low
C06520,34,Employed,48384.0,641.0,2,468,No,Fashion,95,Low
C06521,28,Employed,48765.0,658.0,1,233,No,Travel,851,Low
C06522,51,Employed,55772.0,705.0,1,80,No,Electronics,500,Low
C06523,24,Employed,55569.0,734.0,1,188,No,Fashion,150,Low
C06524,32,Employed,56069.0,684.0,1,128,No,Home/Furniture,387,Low
C06525,21,Employed,50584.0,788.0,3,786,No,Fashion,128,Low
C06526,26,Employed,72086.0,705.0,1,147,No,Home/Furniture,378,Low
C06527,48,Employed,,630.0,4,577,No,Fashion,119,Low
C06528,19,Student,12169.0,559.0,4,757,No,Electronics,335,High
C06529,50,Employed,85348.0,763.0,2,265,No,Electronics,495,Low
C06530,24,Employed,,668.0,1,61,No,Travel,826,Low
C06531,53,Employed,59589.0,803.0,4,792,Yes,Electronics,452,Low
C06532,26,Employed,82836.0,645.0,0,0,No,Electronics,37,Low
C06533,60,Employed,79541.0,670.0,6,428,No,Home/Furniture,329,Low
C06534,24,Employed,56652.0,662.0,1,152,No,Fashion,108,Low
C06535,34,Employed,63170.0,690.0,2,311,No,Fashion,88,Low
C06536,24,Employed,85292.0,760.0,0,0,Yes,Electronics,771,Low
C06537,22,Student,18475.0,490.0,3,540,Yes,Electronics,599,Medium
C06538,21,Employed,52310.0,712.0,1,127,No,Fashion,70,Low
C06539,23,Unemployed,19954.0,594.0,2,232,No,Home/Furniture,404,Low
C06540,55,Student,12368.0,567.0,0,0,No,Electronics,755,Low
C06541,49,Employed,68125.0,762.0,2,399,No,Fashion,149,Low
C06542,27,Student,20346.0,648.0,2,330,No,Electronics,432,Low
C06543,24,Employed,47504.0,,4,685,No,Fashion,162,Low
C06544,63,Employed,73779.0,634.0,1,127,Yes,Electronics,375,Low
C06545,31,Student,16223.0,560.0,1,158,No,Travel,1064,Low
C06546,23,Employed,73678.0,696.0,3,443,No,Electronics,493,Low
C06547,34,Unemployed,15145.0,602.0,3,382,Yes,Fashion,144,Medium
C06548,43,Employed,77673.0,782.0,6,663,No,Travel,819,Low
C06549,41,Employed,82991.0,681.0,2,468,No,Fashion,179,Low
C06550,52,Freelancer,51519.0,646.0,1,66,Yes,Electronics,623,Low
C06551,26,Employed,60645.0,656.0,1,207,No,Fashion,138,Low
C06552,21,Employed,84866.0,712.0,3,440,No,Fashion,54,Low
C06553,22,Student,10518.0,501.0,1,108,Yes,Electronics,651,Low
C06554,23,Employed,40090.0,725.0,1,185,No,Fashion,130,Low
C06555,20,Freelancer,67542.0,630.0,0,0,No,Electronics,478,Low
C06556,19,Employed,78598.0,709.0,3,490,No,Fashion,84,Low
C06557,33,Student,13585.0,604.0,4,787,No,Groceries/Essentials,35,High
C06558,54,Freelancer,101252.0,671.0,2,245,No,Electronics,471,Low
C06559,29,Employed,81201.0,672.0,1,157,No,Electronics,694,Low
C06560,30,Employed,96632.0,681.0,4,564,No,Electronics,702,Low
C06561,30,Employed,62970.0,705.0,2,289,No,Fashion,147,Low
C06562,39,Freelancer,56914.0,611.0,0,0,No,Travel,815,Low
C06563,51,Employed,69353.0,,0,0,Yes,Home/Furniture,361,Low
C06564,32,Employed,47082.0,790.0,2,302,No,Home/Furniture,546,Low
C06565,18,Student,16980.0,570.0,3,270,Yes,Electronics,393,Medium
C06566,50,Freelancer,83023.0,666.0,6,407,No,Electronics,829,Low
C06567,20,Employed,56268.0,707.0,7,1113,No,Fashion,113,Low
C06568,25,Employed,75022.0,727.0,2,311,No,Electronics,499,Low
C06569,22,Student,15045.0,596.0,1,154,Yes,Electronics,580,Low
C06570,64,Student,23216.0,579.0,2,316,No,Electronics,437,Low
C06571,39,Student,15151.0,628.0,7,1321,Yes,Fashion,86,High
C06572,38,Employed,99246.0,774.0,1,96,No,Electronics,593,Low
C06573,25,Unemployed,10521.0,524.0,0,0,Yes,Electronics,445,Low
C06574,52,Employed,87273.0,685.0,1,142,No,Fashion,20,Low
C06575,18,Employed,86623.0,680.0,3,585,No,Travel,563,Low
C06576,38,Employed,70438.0,810.0,6,1173,No,Travel,488,Low
C06577,47,Freelancer,,,1,182,No,Electronics,371,Low
C06578,18,Employed,71680.0,770.0,2,291,No,Electronics,564,Low
C06579,24,Freelancer,48415.0,665.0,3,238,No,Travel,832,Low
C06580,24,Employed,100026.0,735.0,2,265,No,Fashion,106,Low
C06581,34,Employed,75280.0,788.0,5,850,No,Electronics,610,Low
C06582,20,Employed,56462.0,713.0,2,244,No,Home/Furniture,311,Low
C06583,43,Freelancer,,742.0,1,176,No,Electronics,471,Low
C06584,34,Student,14338.0,619.0,5,127,No,Home/Furniture,275,Low
C06585,21,Freelancer,40595.0,697.0,3,581,No,Travel,673,Low
C06586,21,Employed,80313.0,716.0,1,202,No,Fashion,102,Low
C06587,57,Freelancer,117666.0,716.0,1,148,No,Home/Furniture,457,Low
C06588,18,Employed,45867.0,690.0,4,735,No,Fashion,10,Low
C06589,18,Employed,87954.0,685.0,1,157,No,Home/Furniture,435,Low
C06590,62,Freelancer,57675.0,631.0,1,83,Yes,Electronics,463,Low
C06591,54,Student,,623.0,2,371,No,Electronics,524,Low
C06592,24,Student,16810.0,,4,657,Yes,Fashion,146,Medium
C06593,18,Employed,54022.0,764.0,1,42,No,Fashion,101,Low
C06594,37,Freelancer,55302.0,689.0,1,171,No,Electronics,615,Low
C06595,46,Freelancer,54748.0,644.0,1,108,Yes,Electronics,400,Low
C06596,19,Employed,74023.0,739.0,2,293,No,Fashion,146,Low
C06597,32,Employed,50448.0,717.0,2,257,No,Travel,1082,Low
C06598,52,Freelancer,37939.0,625.0,1,259,No,Electronics,211,Low
C06599,59,Employed,22903.0,774.0,5,757,No,Fashion,129,Medium
C06600,19,Employed,87822.0,683.0,3,595,No,Travel,581,Low
C06601,23,Employed,98367.0,697.0,1,155,No,Fashion,129,Low
C06602,18,Employed,49970.0,707.0,2,329,No,Fashion,103,Low
C06603,31,Employed,76631.0,740.0,2,393,No,Electronics,290,Low
C06604,48,Student,24288.0,513.0,2,237,No,Fashion,86,Low
C06605,26,Student,18733.0,561.0,1,91,No,Fashion,95,Low
C06606,32,Freelancer,26613.0,648.0,8,1042,Yes,Home/Furniture,283,High
C06607,50,Freelancer,57605.0,662.0,3,537,No,Home/Furniture,373,Low
C06608,54,Employed,62154.0,648.0,3,576,No,Fashion,51,Low
C06609,25,Employed,84272.0,608.0,0,0,Yes,Electronics,674,Low
C06610,48,Freelancer,66329.0,,1,144,Yes,Fashion,56,Low
C06611,25,Freelancer,52348.0,621.0,6,1132,Yes,Groceries/Essentials,40,Medium
C06612,24,Employed,67000.0,743.0,3,599,No,Electronics,412,Low
C06613,23,Unemployed,5618.0,563.0,3,435,Yes,Fashion,98,High
C06614,19,Employed,93973.0,704.0,3,634,Yes,Home/Furniture,356,Low
C06615,18,Employed,37967.0,663.0,1,170,No,Fashion,165,Low
C06616,20,Unemployed,5000.0,657.0,6,522,Yes,Electronics,382,High
C06617,18,Student,19795.0,,4,801,Yes,Fashion,125,Medium
C06618,19,Employed,73712.0,639.0,1,178,Yes,Fashion,105,Low
C06619,53,Employed,117239.0,663.0,1,104,No,Home/Furniture,386,Low
C06620,22,Employed,79594.0,788.0,2,148,No,Fashion,78,Low
C06621,23,Employed,65289.0,691.0,3,638,No,Travel,655,Low
C06622,30,Unemployed,13676.0,658.0,1,219,Yes,Home/Furniture,109,Low
C06623,20,Unemployed,18974.0,504.0,1,160,No,Fashion,131,Low
C06624,54,Student,11872.0,517.0,2,115,No,Electronics,513,Low
C06625,45,Student,20659.0,,0,0,No,Fashion,63,Low
C06626,36,Employed,76667.0,,1,218,No,Fashion,116,Low
C06627,21,Employed,70427.0,710.0,7,573,No,Electronics,656,Low
C06628,21,Employed,41319.0,726.0,1,163,No,Fashion,79,Low
C06629,27,Employed,78572.0,747.0,1,210,No,Fashion,123,Low
C06630,19,Freelancer,68011.0,687.0,2,420,No,Fashion,59,Low
C06631,24,Employed,62687.0,739.0,4,483,No,Fashion,86,Low
C06632,58,Unemployed,,694.0,4,412,No,Electronics,428,Medium
C06633,20,Freelancer,58611.0,622.0,3,479,Yes,Electronics,807,Low
C06634,19,Unemployed,5000.0,300.0,2,230,Yes,Travel,584,High
C06635,23,Employed,72282.0,744.0,4,490,Yes,Electronics,517,Low
C06636,34,Employed,61712.0,671.0,3,573,No,Home/Furniture,382,Low
C06637,18,Employed,80924.0,768.0,6,1298,No,Fashion,141,Low
C06638,46,Employed,102321.0,667.0,1,169,No,Fashion,67,Low
C06639,58,Freelancer,,719.0,2,389,No,Fashion,72,Low
C06640,22,Student,21102.0,556.0,2,177,No,Travel,873,Low
C06641,26,Freelancer,40435.0,517.0,3,366,Yes,Home/Furniture,359,Low
C06642,22,Freelancer,44305.0,685.0,3,556,No,Home/Furniture,456,Low
C06643,21,Freelancer,74675.0,702.0,5,884,No,Groceries/Essentials,55,Low
C06644,27,Student,15395.0,614.0,1,102,Yes,Home/Furniture,317,Low
C06645,22,Employed,85450.0,666.0,2,317,No,Home/Furniture,545,Low
C06646,58,Freelancer,5000.0,622.0,3,727,No,Electronics,414,High
C06647,46,Employed,39170.0,703.0,0,0,No,Electronics,270,Low
C06648,41,Freelancer,31324.0,637.0,1,113,No,Travel,1096,Low
C06649,24,Employed,17285.0,693.0,3,333,No,Travel,501,Low
C06650,41,Employed,42017.0,715.0,0,0,No,Electronics,565,Low
C06651,34,Student,8820.0,683.0,2,406,No,Home/Furniture,415,Medium
C06652,18,Freelancer,33197.0,605.0,1,173,Yes,Electronics,564,Low
C06653,25,Employed,85333.0,671.0,8,1000,Yes,Fashion,118,Medium
C06654,63,Employed,72115.0,636.0,1,236,Yes,Fashion,74,Low
C06655,57,Student,15270.0,519.0,3,292,Yes,Fashion,83,Medium
C06656,52,Employed,90126.0,731.0,2,444,No,Fashion,90,Low
C06657,38,Freelancer,10717.0,646.0,10,1278,Yes,Electronics,566,High
C06658,22,Employed,43374.0,781.0,3,505,No,Groceries/Essentials,67,Low
C06659,43,Employed,51284.0,735.0,1,155,No,Groceries/Essentials,13,Low
C06660,18,Employed,114953.0,634.0,2,245,No,Travel,774,Low
C06661,48,Student,,641.0,1,95,No,Fashion,129,Low
C06662,25,Freelancer,5000.0,544.0,5,456,Yes,Groceries/Essentials,67,High
C06663,38,Employed,96508.0,603.0,1,214,Yes,Electronics,677,Low
C06664,25,Freelancer,66703.0,728.0,2,311,No,Home/Furniture,556,Low
C06665,42,Employed,16516.0,655.0,1,161,No,Home/Furniture,316,Low
C06666,41,Employed,61428.0,685.0,1,151,No,Home/Furniture,466,Low
C06667,23,Employed,36980.0,679.0,2,377,No,Home/Furniture,398,Low
C06668,62,Employed,,683.0,3,669,No,Home/Furniture,392,Low
C06669,22,Student,16229.0,,1,192,No,Electronics,284,Low
C06670,24,Employed,61140.0,675.0,1,138,No,Fashion,115,Low
C06671,57,Employed,56009.0,674.0,4,443,Yes,Electronics,259,Low
C06672,20,Employed,102214.0,711.0,1,128,No,Home/Furniture,307,Low
C06673,18,Employed,103841.0,773.0,2,304,No,Fashion,83,Low
C06674,19,Employed,25632.0,713.0,3,290,No,Fashion,154,Low
C06675,56,Employed,29918.0,658.0,4,657,No,Fashion,204,Low
C06676,24,Employed,76809.0,686.0,2,360,No,Electronics,500,Low
C06677,32,Student,21011.0,638.0,1,150,Yes,Fashion,116,Low
C06678,57,Employed,43637.0,737.0,4,678,No,Electronics,355,Low
C06679,29,Employed,92659.0,729.0,1,176,No,Fashion,145,Low
C06680,20,Employed,71244.0,740.0,2,331,No,Electronics,562,Low
C06681,46,Freelancer,10088.0,681.0,5,1074,No,Electronics,398,High
C06682,27,Freelancer,78065.0,475.0,1,250,Yes,Travel,770,Low
C06683,18,Employed,57413.0,725.0,1,143,No,Electronics,520,Low
C06684,30,Employed,87903.0,699.0,1,222,No,Fashion,124,Low
C06685,27,Employed,65526.0,684.0,3,179,No,Home/Furniture,357,Low
C06686,40,Employed,53328.0,685.0,2,140,No,Fashion,136,Low
C06687,31,Employed,70514.0,723.0,5,930,No,Electronics,546,Low
C06688,28,Employed,62794.0,636.0,1,153,Yes,Groceries/Essentials,29,Low
C06689,23,Student,5000.0,580.0,0,0,Yes,Electronics,801,Low
C06690,36,Student,7147.0,577.0,2,388,Yes,Home/Furniture,341,High
C06691,53,Student,12865.0,579.0,2,193,No,Groceries/Essentials,30,Low
C06692,21,Unemployed,7103.0,452.0,2,262,Yes,Fashion,47,High
C06693,27,Employed,75748.0,708.0,4,506,No,Travel,893,Low
C06694,28,Unemployed,10148.0,436.0,2,295,Yes,Fashion,85,High
C06695,28,Employed,31332.0,649.0,1,72,No,Electronics,530,Low
C06696,54,Employed,37263.0,630.0,3,520,No,Fashion,129,Low
C06697,18,Student,18066.0,516.0,1,182,Yes,Home/Furniture,468,Low
C06698,42,Employed,52998.0,629.0,1,107,Yes,Electronics,305,Low
C06699,24,Employed,,706.0,1,194,No,Electronics,695,Low
C06700,63,Student,15271.0,602.0,0,0,No,Electronics,376,Low
C06701,29,Employed,77837.0,722.0,1,79,No,Travel,444,Low
C06702,42,Unemployed,5000.0,532.0,2,157,Yes,Travel,1217,Medium
C06703,20,Employed,83899.0,748.0,1,131,Yes,Fashion,130,Low
C06704,31,Unemployed,27259.0,612.0,1,120,Yes,Electronics,458,Low
C06705,40,Employed,45535.0,763.0,5,901,No,Fashion,153,Low
C06706,19,Employed,83114.0,702.0,7,1227,No,Travel,1112,Low
C06707,50,Employed,85910.0,,1,84,No,Fashion,63,Low
C06708,22,Student,16323.0,735.0,6,1111,No,Electronics,674,High
C06709,19,Student,15558.0,669.0,4,691,No,Electronics,577,Medium
C06710,59,Employed,100641.0,709.0,5,898,Yes,Electronics,731,Low
C06711,33,Employed,58596.0,666.0,2,276,No,Fashion,142,Low
C06712,53,Employed,109750.0,730.0,4,768,No,Fashion,102,Low
C06713,25,Employed,75899.0,707.0,1,122,No,Fashion,155,Low
C06714,52,Freelancer,71068.0,699.0,2,178,Yes,Home/Furniture,270,Low
C06715,36,Employed,65537.0,670.0,2,232,No,Fashion,79,Low
C06716,49,Employed,66898.0,700.0,1,276,No,Fashion,67,Low
C06717,39,Freelancer,29162.0,759.0,2,394,No,Fashion,73,Low
C06718,20,Freelancer,33645.0,644.0,0,0,Yes,Fashion,19,Low
C06719,41,Employed,27730.0,668.0,1,190,No,Home/Furniture,398,Low
C06720,58,Employed,47414.0,700.0,1,194,No,Electronics,419,Low
C06721,37,Freelancer,54760.0,716.0,3,773,Yes,Fashion,107,Low
C06722,28,Freelancer,27435.0,622.0,2,256,No,Fashion,117,Low
C06723,30,Employed,89501.0,795.0,2,280,No,Fashion,66,Low
C06724,27,Employed,67937.0,714.0,1,88,No,Fashion,16,Low
C06725,59,Student,,631.0,5,537,Yes,Fashion,142,Medium
C06726,54,Employed,64065.0,670.0,1,309,No,Home/Furniture,258,Low
C06727,47,Employed,46610.0,662.0,7,1324,No,Travel,759,Low
C06728,23,Unemployed,13553.0,438.0,0,0,Yes,Travel,683,Low
C06729,63,Student,6103.0,704.0,1,65,No,Groceries/Essentials,70,Low
C06730,38,Employed,74102.0,717.0,2,330,No,Electronics,179,Low
C06731,28,Employed,65133.0,654.0,0,0,No,Fashion,73,Low
C06732,18,Employed,74107.0,693.0,0,0,No,Fashion,83,Low
C06733,26,Employed,84023.0,717.0,1,189,No,Fashion,103,Low
C06734,18,Employed,,730.0,3,131,No,Home/Furniture,290,Low
C06735,58,Employed,68297.0,775.0,2,332,No,Electronics,407,Low
C06736,59,Employed,,728.0,3,647,No,Home/Furniture,572,Low
C06737,42,Freelancer,110023.0,719.0,4,665,No,Fashion,79,Low
C06738,28,Employed,73119.0,730.0,4,363,No,Fashion,164,Low
C06739,19,Employed,83461.0,604.0,5,565,No,Electronics,495,Low
C06740,49,Student,18386.0,507.0,2,199,Yes,Fashion,176,Low
C06741,23,Employed,,713.0,2,315,No,Travel,824,Low
C06742,23,Employed,55147.0,684.0,1,103,No,Fashion,80,Low
C06743,25,Freelancer,55523.0,572.0,3,510,No,Travel,1069,Low
C06744,19,Employed,85223.0,695.0,2,234,No,Electronics,441,Low
C06745,20,Employed,59087.0,629.0,1,182,Yes,Electronics,574,Low
C06746,43,Employed,65372.0,665.0,0,0,No,Home/Furniture,98,Low
C06747,21,Freelancer,,721.0,5,1079,No,Fashion,10,Low
C06748,19,Freelancer,86423.0,591.0,1,138,No,Travel,713,Low
C06749,25,Employed,71734.0,666.0,6,726,No,Home/Furniture,414,Low
C06750,32,Employed,40941.0,666.0,4,693,No,Electronics,666,Low
C06751,21,Employed,76162.0,617.0,1,162,Yes,Home/Furniture,411,Low
C06752,43,Employed,42785.0,714.0,2,319,Yes,Travel,949,Low
C06753,22,Employed,67956.0,704.0,0,0,No,Home/Furniture,299,Low
C06754,18,Student,15050.0,610.0,7,1051,No,Fashion,162,High
C06755,27,Student,5741.0,624.0,2,289,Yes,Fashion,83,High
C06756,40,Student,9699.0,760.0,1,165,No,Home/Furniture,346,Low
C06757,27,Employed,113752.0,689.0,2,362,No,Electronics,416,Low
C06758,32,Employed,85203.0,698.0,2,120,No,Fashion,42,Low
C06759,30,Employed,64798.0,782.0,6,452,No,Electronics,506,Low
C06760,20,Student,14188.0,546.0,4,543,Yes,Fashion,142,High
C06761,36,Employed,83867.0,673.0,10,1373,No,Fashion,109,Low
C06762,60,Student,8524.0,547.0,2,437,Yes,Home/Furniture,512,High
C06763,41,Employed,61024.0,850.0,3,766,No,Fashion,86,Low
C06764,23,Freelancer,69201.0,666.0,2,192,No,Fashion,131,Low
C06765,19,Employed,60427.0,694.0,3,270,No,Travel,747,Low
C06766,23,Student,17646.0,663.0,4,464,No,Fashion,77,Low
C06767,19,Employed,48597.0,658.0,9,1494,No,Fashion,141,Medium
C06768,27,Freelancer,5000.0,697.0,1,167,No,Fashion,70,Low
C06769,25,Employed,72300.0,783.0,3,363,No,Electronics,561,Low
C06770,26,Employed,81564.0,712.0,3,313,No,Electronics,650,Low
C06771,22,Freelancer,80447.0,580.0,3,582,No,Home/Furniture,385,Low
C06772,53,Freelancer,43849.0,582.0,0,0,Yes,Electronics,347,Low
C06773,24,Employed,75426.0,740.0,1,258,No,Electronics,835,Low
C06774,41,Employed,82993.0,655.0,3,553,No,Home/Furniture,503,Low
C06775,30,Employed,68320.0,729.0,2,349,No,Fashion,67,Low
C06776,26,Freelancer,56269.0,555.0,2,376,No,Fashion,150,Low
C06777,20,Employed,56442.0,627.0,0,0,Yes,Fashion,112,Low
C06778,49,Employed,49044.0,723.0,1,129,No,Electronics,436,Low
C06779,34,Employed,92134.0,639.0,0,0,Yes,Fashion,84,Low
C06780,29,Student,7721.0,648.0,2,312,Yes,Home/Furniture,392,Medium
C06781,44,Employed,68488.0,652.0,3,435,No,Home/Furniture,258,Low
C06782,21,Unemployed,11325.0,597.0,1,203,No,Fashion,111,Low
C06783,29,Employed,71338.0,708.0,3,236,No,Electronics,590,Low
C06784,27,Freelancer,68474.0,682.0,1,153,No,Electronics,254,Low
C06785,39,Employed,78061.0,722.0,7,870,No,Fashion,129,Low
C06786,50,Employed,92444.0,640.0,2,190,No,Fashion,138,Low
C06787,20,Student,19132.0,667.0,2,173,No,Travel,879,Low
C06788,28,Employed,81396.0,768.0,2,199,No,Home/Furniture,416,Low
C06789,62,Unemployed,5000.0,622.0,3,425,Yes,Electronics,531,High
C06790,18,Employed,45399.0,598.0,4,513,Yes,Home/Furniture,351,Low
C06791,39,Employed,21878.0,677.0,1,129,No,Home/Furniture,246,Low
C06792,22,Employed,95542.0,691.0,2,476,No,Electronics,532,Low
C06793,23,Employed,48386.0,744.0,0,0,No,Home/Furniture,392,Low
C06794,60,Employed,75221.0,705.0,0,0,No,Fashion,163,Low
C06795,24,Employed,45680.0,831.0,10,1643,No,Electronics,660,Medium
C06796,57,Employed,40638.0,658.0,3,462,No,Fashion,145,Low
C06797,30,Employed,56019.0,682.0,4,771,No,Electronics,697,Low
C06798,22,Student,5000.0,536.0,2,393,Yes,Home/Furniture,352,High
C06799,27,Employed,86645.0,655.0,2,358,No,Fashion,141,Low
C06800,33,Employed,91685.0,734.0,6,943,No,Fashion,110,Low
C06801,32,Employed,76474.0,671.0,2,294,Yes,Fashion,132,Low
C06802,64,Freelancer,47039.0,629.0,1,70,No,Electronics,737,Low
C06803,22,Employed,85902.0,738.0,2,90,No,Travel,674,Low
C06804,27,Freelancer,57030.0,605.0,3,359,No,Electronics,700,Low
C06805,42,Employed,52644.0,658.0,3,302,No,Fashion,77,Low
C06806,29,Employed,79168.0,652.0,1,185,No,Electronics,899,Low
C06807,25,Student,23896.0,639.0,1,159,Yes,Groceries/Essentials,45,Low
C06808,54,Student,5344.0,551.0,1,179,Yes,Electronics,720,Medium
C06809,19,Employed,26623.0,717.0,2,259,No,Home/Furniture,457,Low
C06810,34,Employed,52533.0,732.0,2,230,No,Home/Furniture,498,Low
C06811,26,Unemployed,5000.0,550.0,3,427,No,Electronics,564,High
C06812,34,Employed,41781.0,673.0,1,226,No,Home/Furniture,492,Low
C06813,34,Employed,63387.0,652.0,1,216,No,Electronics,326,Low
C06814,22,Employed,78558.0,765.0,5,631,No,Home/Furniture,461,Low
C06815,19,Employed,68736.0,633.0,2,483,No,Travel,879,Low
C06816,48,Employed,53309.0,748.0,2,177,No,Home/Furniture,276,Low
C06817,24,Employed,43443.0,656.0,8,1141,No,Home/Furniture,214,Low
C06818,40,Unemployed,9708.0,543.0,2,228,Yes,Fashion,100,Medium
C06819,21,Student,12562.0,525.0,1,70,Yes,Fashion,92,Low
C06820,41,Employed,15136.0,765.0,7,1259,No,Fashion,120,High
C06821,19,Employed,84307.0,679.0,1,193,No,Travel,863,Low
C06822,27,Employed,73267.0,589.0,2,277,No,Fashion,118,Low
C06823,32,Unemployed,8104.0,502.0,2,316,Yes,Electronics,518,High
C06824,43,Freelancer,25900.0,664.0,2,421,No,Home/Furniture,325,Low
C06825,27,Employed,41305.0,622.0,0,0,Yes,Electronics,532,Low
C06826,18,Student,11049.0,642.0,1,144,No,Fashion,105,Low
C06827,36,Employed,73948.0,767.0,2,341,No,Fashion,89,Low
C06828,46,Student,13686.0,624.0,2,401,No,Electronics,789,Low
C06829,53,Student,6168.0,526.0,1,192,No,Fashion,98,Low
C06830,52,Unemployed,18223.0,449.0,1,193,Yes,Travel,555,Low
C06831,25,Employed,65721.0,673.0,1,166,Yes,Electronics,389,Low
C06832,26,Unemployed,8954.0,476.0,8,1286,Yes,Fashion,94,High
C06833,32,Employed,55804.0,739.0,1,176,No,Fashion,101,Low
C06834,24,Employed,89332.0,698.0,3,215,No,Travel,787,Low
C06835,21,Employed,43526.0,694.0,5,754,No,Groceries/Essentials,54,Low
C06836,31,Unemployed,11806.0,,3,366,No,Fashion,23,Medium
C06837,39,Employed,62361.0,635.0,1,123,Yes,Electronics,470,Low
C06838,22,Employed,51523.0,630.0,8,794,Yes,Travel,1070,Medium
C06839,20,Employed,,680.0,10,1619,No,Fashion,163,Medium
C06840,55,Student,13921.0,517.0,6,124,Yes,Fashion,87,Low
C06841,23,Employed,65998.0,641.0,2,107,No,Fashion,86,Low
C06842,26,Student,,600.0,5,747,No,Fashion,174,Medium
C06843,20,Freelancer,121943.0,675.0,2,403,No,Fashion,126,Low
C06844,20,Employed,77315.0,641.0,1,163,No,Travel,939,Low
C06845,24,Student,,711.0,1,221,No,Home/Furniture,499,Low
C06846,55,Employed,83513.0,796.0,2,456,Yes,Fashion,60,Low
C06847,18,Freelancer,5000.0,597.0,4,291,Yes,Electronics,529,High
C06848,18,Employed,90394.0,705.0,0,0,No,Home/Furniture,406,Low
C06849,25,Employed,61833.0,620.0,2,248,No,Fashion,125,Low
C06850,21,Employed,47812.0,650.0,0,0,No,Travel,706,Low
C06851,58,Employed,108506.0,711.0,9,1510,No,Travel,635,Low
C06852,24,Employed,54485.0,679.0,2,412,No,Fashion,127,Low
C06853,38,Student,18911.0,590.0,3,313,Yes,Electronics,495,Low
C06854,20,Freelancer,39267.0,625.0,1,104,Yes,Electronics,427,Low
C06855,43,Employed,68760.0,619.0,6,1308,No,Electronics,407,Low
C06856,20,Employed,73868.0,603.0,3,768,No,Travel,601,Low
C06857,39,Freelancer,44540.0,650.0,2,527,No,Electronics,649,Low
C06858,32,Employed,90920.0,697.0,5,639,No,Fashion,82,Low
C06859,34,Employed,,694.0,2,265,No,Fashion,85,Low
C06860,51,Unemployed,5000.0,461.0,5,648,Yes,Electronics,387,High
C06861,18,Employed,75549.0,687.0,1,143,Yes,Electronics,573,Low
C06862,49,Student,,472.0,2,186,Yes,Fashion,75,Low
C06863,49,Freelancer,,676.0,3,418,No,Electronics,431,Low
C06864,29,Employed,57719.0,704.0,1,129,No,Electronics,80,Low
C06865,21,Freelancer,58804.0,561.0,2,400,No,Electronics,375,Low
C06866,24,Employed,112355.0,685.0,1,276,Yes,Home/Furniture,233,Low
C06867,52,Employed,49734.0,687.0,1,153,Yes,Travel,837,Low
C06868,25,Employed,64237.0,723.0,2,325,No,Electronics,698,Low
C06869,22,Student,12362.0,647.0,2,175,Yes,Groceries/Essentials,44,Low
C06870,30,Employed,86163.0,712.0,1,76,No,Electronics,611,Low
C06871,25,Employed,77510.0,815.0,3,435,No,Electronics,643,Low
C06872,42,Student,17840.0,591.0,7,1523,Yes,Electronics,524,High
C06873,31,Employed,85650.0,714.0,2,252,No,Travel,697,Low
C06874,64,Employed,81076.0,703.0,1,167,No,Electronics,693,Low
C06875,37,Unemployed,5000.0,,1,177,No,Home/Furniture,317,Medium
C06876,27,Student,10373.0,486.0,1,116,Yes,Travel,834,Medium
C06877,53,Student,13662.0,744.0,1,169,No,Electronics,593,Low
C06878,53,Employed,77525.0,813.0,2,213,No,Electronics,561,Low
C06879,49,Freelancer,74462.0,548.0,1,155,Yes,Travel,1110,Low
C06880,28,Employed,93267.0,711.0,3,387,Yes,Fashion,166,Low
C06881,18,Student,19549.0,476.0,1,172,Yes,Electronics,244,Low
C06882,39,Employed,73417.0,694.0,2,401,No,Fashion,43,Low
C06883,19,Freelancer,107130.0,676.0,3,248,No,Fashion,99,Low
C06884,26,Employed,32811.0,670.0,1,95,No,Fashion,121,Low
C06885,24,Employed,38087.0,690.0,5,681,No,Travel,785,Low
C06886,24,Freelancer,42851.0,696.0,0,0,Yes,Fashion,157,Low
C06887,25,Employed,64771.0,581.0,6,430,Yes,Electronics,476,Low
C06888,24,Employed,45453.0,,1,189,No,Electronics,739,Low
C06889,59,Freelancer,60459.0,604.0,1,121,No,Electronics,39,Low
C06890,47,Freelancer,77645.0,740.0,1,103,No,Fashion,130,Low
C06891,18,Employed,97880.0,642.0,4,468,No,Fashion,125,Low
C06892,30,Unemployed,,522.0,4,525,No,Travel,984,High
C06893,31,Employed,52084.0,654.0,4,819,No,Home/Furniture,524,Low
C06894,27,Student,11725.0,687.0,5,635,No,Groceries/Essentials,60,Medium
C06895,42,Employed,64410.0,668.0,1,108,Yes,Electronics,638,Low
C06896,32,Employed,57166.0,560.0,3,775,No,Fashion,116,Low
C06897,49,Employed,71363.0,669.0,1,169,No,Electronics,313,Low
C06898,59,Employed,68495.0,701.0,1,54,No,Fashion,138,Low
C06899,31,Employed,68095.0,696.0,5,744,No,Fashion,34,Low
C06900,43,Unemployed,5000.0,603.0,2,278,Yes,Groceries/Essentials,84,High
C06901,61,Employed,92185.0,776.0,1,177,No,Electronics,386,Low
C06902,29,Student,18269.0,505.0,3,520,No,Home/Furniture,421,Low
C06903,27,Employed,5000.0,738.0,6,477,No,Travel,849,High
C06904,54,Employed,80255.0,691.0,1,215,No,Fashion,59,Low
C06905,33,Employed,63177.0,691.0,4,424,No,Fashion,143,Low
C06906,35,Employed,81973.0,722.0,3,545,Yes,Electronics,399,Low
C06907,32,Unemployed,5000.0,442.0,2,300,Yes,Electronics,510,High
C06908,44,Employed,76723.0,775.0,7,1151,No,Groceries/Essentials,48,Low
C06909,18,Employed,57303.0,711.0,3,700,No,Home/Furniture,472,Low
C06910,26,Employed,72785.0,706.0,4,429,No,Fashion,73,Low
C06911,24,Employed,53424.0,656.0,1,188,Yes,Travel,942,Low
C06912,21,Employed,62302.0,692.0,0,0,No,Home/Furniture,397,Low
C06913,41,Employed,118994.0,656.0,0,0,Yes,Travel,825,Low
C06914,29,Student,13881.0,583.0,0,0,No,Electronics,224,Low
C06915,26,Student,15761.0,510.0,4,411,Yes,Fashion,153,Medium
C06916,42,Student,23051.0,612.0,2,376,Yes,Fashion,124,Low
C06917,18,Employed,48691.0,673.0,6,980,No,Fashion,124,Low
C06918,31,Student,15892.0,597.0,3,660,Yes,Electronics,444,Medium
C06919,42,Unemployed,9061.0,517.0,0,0,Yes,Home/Furniture,324,Low
C06920,20,Freelancer,55459.0,568.0,1,180,No,Electronics,311,Low
C06921,24,Freelancer,49789.0,619.0,1,225,No,Home/Furniture,500,Low
C06922,20,Employed,44701.0,625.0,0,0,No,Fashion,117,Low
C06923,53,Freelancer,101864.0,613.0,3,494,Yes,Electronics,72,Low
C06924,24,Employed,36031.0,657.0,0,0,No,Electronics,648,Low
C06925,25,Employed,84573.0,800.0,1,123,No,Travel,1067,Low
C06926,62,Student,8676.0,632.0,3,383,No,Travel,869,Medium
C06927,53,Employed,55604.0,723.0,0,0,No,Fashion,29,Low
C06928,36,Employed,55302.0,714.0,6,951,No,Fashion,122,Low
C06929,40,Freelancer,32037.0,588.0,2,576,No,Fashion,102,Low
C06930,31,Student,18789.0,581.0,1,217,No,Fashion,65,Low
C06931,49,Employed,55739.0,670.0,0,0,No,Fashion,133,Low
C06932,47,Employed,43027.0,714.0,2,479,No,Groceries/Essentials,25,Low
C06933,19,Employed,69910.0,653.0,1,90,No,Electronics,520,Low
C06934,41,Employed,59296.0,648.0,4,793,Yes,Electronics,458,Low
C06935,55,Student,15101.0,519.0,3,474,Yes,Groceries/Essentials,19,Medium
C06936,20,Employed,,,2,233,No,Fashion,124,Low
C06937,31,Employed,78441.0,704.0,3,312,No,Fashion,71,Low
C06938,24,Employed,63477.0,641.0,3,600,No,Electronics,587,Low
C06939,22,Employed,92169.0,744.0,1,106,No,Fashion,81,Low
C06940,28,Employed,63997.0,631.0,1,103,Yes,Electronics,529,Low
C06941,58,Student,24607.0,650.0,3,373,Yes,Groceries/Essentials,40,Low
C06942,51,Freelancer,90234.0,622.0,2,435,No,Travel,563,Low
C06943,33,Employed,63158.0,617.0,5,755,No,Home/Furniture,386,Low
C06944,18,Student,12752.0,632.0,2,386,Yes,Fashion,105,Medium
C06945,50,Employed,79460.0,692.0,3,465,No,Fashion,116,Low
C06946,32,Employed,66190.0,670.0,2,241,No,Travel,662,Low
C06947,19,Employed,47867.0,677.0,0,0,No,Fashion,156,Low
C06948,45,Student,15195.0,606.0,2,454,No,Fashion,37,Low
C06949,39,Employed,105104.0,661.0,1,69,No,Fashion,103,Low
C06950,33,Unemployed,8193.0,612.0,4,867,No,Fashion,69,High
C06951,23,Employed,77140.0,654.0,1,72,No,Fashion,54,Low
C06952,24,Unemployed,6823.0,497.0,2,284,Yes,Fashion,115,High
C06953,19,Freelancer,110222.0,585.0,3,426,No,Fashion,107,Low
C06954,20,Employed,77370.0,688.0,1,209,No,Fashion,129,Low
C06955,53,Employed,85218.0,641.0,0,0,Yes,Fashion,88,Low
C06956,35,Employed,22894.0,755.0,2,272,No,Electronics,240,Low
C06957,23,Employed,91041.0,666.0,2,350,No,Electronics,390,Low
C06958,45,Student,22267.0,557.0,2,289,No,Electronics,679,Low
C06959,60,Freelancer,29228.0,483.0,0,0,Yes,Electronics,506,Low
C06960,25,Student,10862.0,626.0,1,48,No,Fashion,46,Low
C06961,21,Student,11102.0,547.0,0,0,Yes,Travel,1418,Low
C06962,39,Freelancer,73186.0,634.0,7,1122,No,Fashion,93,Low
C06963,52,Employed,69116.0,615.0,4,1046,Yes,Fashion,114,Medium
C06964,35,Unemployed,,628.0,2,380,Yes,Fashion,56,High
C06965,30,Employed,78610.0,650.0,2,118,No,Electronics,267,Low
C06966,32,Freelancer,65160.0,570.0,2,229,No,Groceries/Essentials,37,Low
C06967,39,Unemployed,5000.0,556.0,1,92,No,Groceries/Essentials,41,Low
C06968,41,Employed,,764.0,3,479,No,Fashion,115,Low
C06969,19,Employed,57133.0,769.0,4,488,No,Home/Furniture,281,Low
C06970,19,Employed,49269.0,710.0,5,437,No,Fashion,87,Low
C06971,21,Student,,391.0,1,169,Yes,Fashion,97,Low
C06972,31,Employed,70496.0,720.0,5,489,No,Fashion,83,Low
C06973,44,Student,16932.0,696.0,1,66,No,Fashion,65,Low
C06974,39,Unemployed,12406.0,653.0,0,0,No,Electronics,569,Low
C06975,47,Employed,76310.0,671.0,2,134,No,Home/Furniture,294,Low
C06976,26,Employed,85276.0,646.0,1,186,No,Fashion,98,Low
C06977,61,Freelancer,41816.0,725.0,2,333,No,Fashion,107,Low
C06978,41,Employed,56271.0,752.0,3,446,No,Fashion,69,Low
C06979,37,Employed,51165.0,679.0,2,349,No,Fashion,110,Low
C06980,21,Employed,74434.0,,2,318,No,Electronics,315,Low
C06981,30,Employed,77614.0,739.0,1,54,No,Electronics,401,Low
C06982,21,Employed,62758.0,713.0,7,642,No,Fashion,96,Low
C06983,23,Employed,28241.0,663.0,0,0,No,Electronics,579,Low
C06984,55,Student,12302.0,536.0,1,219,Yes,Groceries/Essentials,61,Low
C06985,30,Freelancer,21496.0,672.0,0,0,No,Fashion,68,Low
C06986,40,Employed,95471.0,744.0,3,270,No,Fashion,201,Low
C06987,47,Student,16689.0,507.0,1,121,Yes,Fashion,58,Low
C06988,21,Student,14118.0,511.0,1,207,No,Home/Furniture,436,Low
C06989,18,Student,12558.0,572.0,1,199,Yes,Fashion,70,Low
C06990,25,Employed,48417.0,694.0,2,468,Yes,Home/Furniture,376,Low
C06991,56,Employed,65531.0,599.0,5,500,No,Groceries/Essentials,64,Low
C06992,21,Employed,102331.0,745.0,2,290,Yes,Fashion,118,Low
C06993,51,Employed,69323.0,714.0,2,231,No,Electronics,476,Low
C06994,46,Student,14966.0,604.0,0,0,No,Electronics,555,Low
C06995,35,Employed,32072.0,677.0,2,133,No,Travel,787,Low
C06996,27,Student,14599.0,,1,131,No,Home/Furniture,351,Low
C06997,31,Employed,80506.0,628.0,1,140,No,Electronics,538,Low
C06998,24,Student,5000.0,683.0,1,46,No,Electronics,527,Low
C06999,30,Freelancer,37534.0,748.0,1,183,No,Fashion,81,Low
C07000,29,Employed,60791.0,817.0,4,839,No,Fashion,197,Low
C07001,58,Employed,54905.0,589.0,1,77,Yes,Fashion,119,Low
C07002,18,Unemployed,14021.0,526.0,3,477,Yes,Home/Furniture,310,High
C07003,43,Employed,46482.0,692.0,1,186,No,Travel,684,Low
C07004,27,Employed,95405.0,649.0,5,923,No,Electronics,691,Low
C07005,39,Student,14036.0,492.0,1,73,Yes,Fashion,63,Low
C07006,23,Employed,101342.0,702.0,1,160,No,Home/Furniture,376,Low
C07007,31,Employed,56048.0,670.0,7,1129,No,Electronics,292,Low
C07008,45,Employed,67571.0,651.0,2,254,No,Fashion,95,Low
C07009,32,Freelancer,38514.0,774.0,3,166,No,Home/Furniture,366,Low
C07010,33,Employed,108431.0,783.0,2,425,No,Fashion,75,Low
C07011,58,Employed,75418.0,707.0,2,231,No,Home/Furniture,474,Low
C07012,40,Student,11956.0,569.0,1,97,No,Electronics,350,Low
C07013,50,Student,15864.0,715.0,3,617,Yes,Fashion,146,Medium
C07014,43,Employed,79047.0,639.0,1,213,Yes,Travel,687,Low
C07015,29,Employed,78043.0,745.0,2,256,No,Fashion,62,Low
C07016,19,Employed,97236.0,644.0,2,254,No,Electronics,94,Low
C07017,47,Employed,111706.0,684.0,0,0,No,Home/Furniture,535,Low
C07018,38,Employed,72256.0,630.0,1,229,Yes,Electronics,379,Low
C07019,28,Employed,81725.0,662.0,1,79,No,Fashion,121,Low
C07020,33,Employed,117916.0,732.0,3,751,No,Home/Furniture,154,Low
C07021,21,Employed,71793.0,688.0,5,564,No,Travel,824,Low
C07022,26,Employed,46160.0,707.0,0,0,No,Groceries/Essentials,33,Low
C07023,54,Employed,55978.0,649.0,5,922,No,Home/Furniture,449,Low
C07024,51,Employed,77600.0,700.0,0,0,No,Electronics,709,Low
C07025,41,Employed,,575.0,2,421,No,Fashion,114,Low
C07026,20,Employed,49843.0,761.0,3,249,No,Electronics,555,Low
C07027,22,Employed,29544.0,753.0,3,559,No,Travel,538,Low
C07028,36,Employed,93031.0,754.0,1,191,No,Electronics,427,Low
C07029,31,Student,19702.0,595.0,3,316,No,Fashion,166,Low
C07030,29,Employed,34654.0,713.0,1,149,No,Fashion,70,Low
C07031,59,Unemployed,11493.0,606.0,2,317,Yes,Electronics,398,Medium
C07032,22,Freelancer,48014.0,716.0,1,128,No,Fashion,61,Low
C07033,34,Employed,67937.0,669.0,2,184,No,Electronics,641,Low
C07034,58,Employed,42321.0,750.0,0,0,No,Fashion,116,Low
C07035,19,Student,21546.0,458.0,2,300,No,Electronics,571,Low
C07036,25,Employed,48823.0,723.0,2,286,No,Fashion,75,Low
C07037,35,Employed,72178.0,656.0,3,513,No,Home/Furniture,373,Low
C07038,20,Freelancer,23831.0,731.0,2,153,No,Travel,842,Low
C07039,18,Employed,67704.0,,0,0,No,Fashion,106,Low
C07040,24,Employed,34234.0,708.0,6,764,No,Fashion,71,Low
C07041,30,Student,11715.0,613.0,0,0,No,Home/Furniture,258,Low
C07042,39,Freelancer,85561.0,678.0,1,164,No,Fashion,118,Low
C07043,21,Student,12197.0,651.0,7,1123,Yes,Fashion,88,High
C07044,47,Student,20253.0,655.0,3,445,No,Electronics,679,Low
C07045,30,Employed,95072.0,708.0,3,461,No,Home/Furniture,524,Low
C07046,23,Student,9803.0,675.0,3,672,No,Electronics,479,High
C07047,58,Freelancer,56226.0,645.0,1,99,Yes,Home/Furniture,395,Low
C07048,31,Employed,81877.0,619.0,3,432,Yes,Groceries/Essentials,69,Low
C07049,20,Employed,75252.0,671.0,2,273,No,Home/Furniture,458,Low
C07050,31,Employed,73782.0,730.0,1,148,No,Home/Furniture,512,Low
C07051,34,Student,19251.0,592.0,2,469,No,Home/Furniture,348,Low
C07052,28,Student,18756.0,482.0,0,0,Yes,Home/Furniture,452,Low
C07053,29,Employed,67948.0,695.0,4,416,No,Fashion,127,Low
C07054,46,Student,22384.0,500.0,4,527,Yes,Fashion,83,Medium
C07055,24,Employed,64989.0,776.0,4,569,No,Electronics,662,Low
C07056,21,Employed,56721.0,709.0,3,697,No,Fashion,83,Low
C07057,41,Employed,52923.0,816.0,2,249,No,Electronics,407,Low
C07058,50,Employed,60558.0,712.0,1,107,No,Travel,845,Low
C07059,30,Employed,,708.0,2,175,No,Groceries/Essentials,23,Low
C07060,25,Employed,36804.0,700.0,1,225,No,Home/Furniture,412,Low
C07061,24,Student,17041.0,730.0,2,292,No,Electronics,594,Low
C07062,50,Freelancer,88587.0,694.0,2,286,No,Fashion,84,Low
C07063,45,Employed,52936.0,648.0,2,149,Yes,Home/Furniture,524,Low
C07064,50,Student,17728.0,551.0,2,355,No,Fashion,117,Low
C07065,52,Freelancer,48305.0,667.0,1,168,No,Home/Furniture,538,Low
C07066,33,Freelancer,44745.0,696.0,4,775,No,Fashion,150,Low
C07067,52,Employed,,696.0,3,606,No,Travel,967,Low
C07068,28,Student,15804.0,685.0,2,482,No,Fashion,102,Low
C07069,24,Employed,35895.0,734.0,1,115,No,Fashion,63,Low
C07070,50,Employed,91024.0,631.0,1,120,No,Travel,622,Low
C07071,63,Freelancer,53982.0,615.0,5,1126,No,Fashion,109,Low
C07072,44,Employed,96316.0,714.0,4,593,No,Home/Furniture,309,Low
C07073,50,Employed,26844.0,742.0,0,0,Yes,Fashion,162,Low
C07074,30,Employed,43932.0,676.0,2,357,No,Fashion,84,Low
C07075,33,Student,23625.0,619.0,2,241,No,Fashion,103,Low
C07076,42,Student,16347.0,734.0,2,299,Yes,Home/Furniture,602,Medium
C07077,20,Employed,59827.0,762.0,0,0,No,Electronics,530,Low
C07078,59,Employed,52828.0,618.0,0,0,No,Electronics,693,Low
C07079,20,Freelancer,,661.0,1,173,Yes,Electronics,467,Low
C07080,55,Freelancer,43489.0,595.0,0,0,No,Home/Furniture,439,Low
C07081,44,Employed,98303.0,745.0,2,275,No,Fashion,80,Low
C07082,46,Employed,71829.0,666.0,3,369,Yes,Fashion,10,Low
C07083,22,Employed,,674.0,1,135,No,Electronics,507,Low
C07084,39,Student,15738.0,656.0,1,30,No,Fashion,27,Low
C07085,20,Employed,92086.0,679.0,2,247,No,Fashion,49,Low
C07086,49,Employed,43223.0,685.0,1,103,No,Fashion,110,Low
C07087,55,Student,21873.0,586.0,2,272,No,Fashion,134,Low
C07088,20,Student,24401.0,552.0,6,1451,Yes,Travel,700,High
C07089,22,Student,10983.0,509.0,1,83,Yes,Home/Furniture,426,Low
C07090,23,Freelancer,43992.0,598.0,2,206,No,Fashion,97,Low
C07091,60,Employed,63722.0,721.0,5,524,No,Home/Furniture,268,Low
C07092,19,Employed,88494.0,692.0,5,373,No,Home/Furniture,375,Low
C07093,39,Freelancer,63726.0,737.0,2,447,No,Fashion,117,Low
C07094,32,Employed,73615.0,,3,465,No,Fashion,158,Low
C07095,19,Employed,85639.0,721.0,2,434,No,Electronics,465,Low
C07096,19,Employed,84000.0,672.0,0,0,No,Travel,830,Low
C07097,21,Employed,59971.0,592.0,1,149,No,Fashion,89,Low
C07098,38,Employed,69238.0,671.0,3,350,No,Home/Furniture,284,Low
C07099,33,Freelancer,99814.0,664.0,1,112,No,Fashion,139,Low
C07100,27,Employed,43643.0,710.0,0,0,No,Home/Furniture,440,Low
C07101,30,Employed,108629.0,701.0,3,356,No,Electronics,717,Low
C07102,57,Freelancer,7528.0,645.0,1,146,No,Fashion,81,Low
C07103,47,Employed,104852.0,778.0,2,381,No,Home/Furniture,528,Low
C07104,55,Employed,85025.0,718.0,1,214,No,Fashion,158,Low
C07105,34,Employed,34830.0,764.0,2,330,No,Travel,737,Low
C07106,29,Employed,61488.0,585.0,1,140,Yes,Fashion,123,Low
C07107,51,Employed,120019.0,703.0,2,271,Yes,Fashion,11,Low
C07108,23,Employed,58614.0,619.0,2,323,No,Electronics,802,Low
C07109,44,Employed,47237.0,848.0,6,504,Yes,Electronics,291,Low
C07110,35,Employed,76446.0,850.0,2,365,No,Electronics,718,Low
C07111,62,Employed,62631.0,659.0,3,503,No,Electronics,729,Low
C07112,42,Freelancer,77761.0,622.0,5,1244,Yes,Fashion,132,Medium
C07113,40,Employed,55074.0,675.0,1,195,No,Fashion,148,Low
C07114,32,Employed,95655.0,818.0,3,569,Yes,Home/Furniture,311,Low
C07115,60,Employed,79558.0,706.0,2,365,No,Fashion,116,Low
C07116,47,Employed,76374.0,770.0,2,448,No,Home/Furniture,306,Low
C07117,29,Employed,127629.0,780.0,7,1365,No,Electronics,266,Low
C07118,29,Student,5000.0,575.0,1,125,No,Fashion,191,Low
C07119,31,Student,15888.0,672.0,3,388,Yes,Electronics,631,Medium
C07120,27,Employed,52756.0,704.0,1,179,No,Electronics,776,Low
C07121,28,Freelancer,83356.0,594.0,2,481,No,Fashion,111,Low
C07122,30,Student,23834.0,542.0,1,61,Yes,Fashion,103,Low
C07123,40,Employed,92770.0,667.0,0,0,No,Travel,582,Low
C07124,24,Freelancer,33080.0,661.0,3,257,No,Electronics,370,Low
C07125,61,Employed,88628.0,742.0,2,340,No,Home/Furniture,283,Low
C07126,28,Unemployed,5627.0,580.0,2,231,No,Fashion,100,Medium
C07127,40,Freelancer,7355.0,666.0,2,356,No,Home/Furniture,237,Medium
C07128,42,Student,18614.0,562.0,1,126,Yes,Fashion,105,Low
C07129,48,Unemployed,13684.0,542.0,6,775,Yes,Groceries/Essentials,51,High
C07130,24,Employed,90904.0,756.0,1,134,No,Electronics,430,Low
C07131,26,Employed,81843.0,707.0,1,81,No,Fashion,50,Low
C07132,26,Employed,49088.0,704.0,2,203,Yes,Groceries/Essentials,36,Low
C07133,45,Employed,66481.0,704.0,3,533,Yes,Electronics,518,Low
C07134,36,Student,14724.0,581.0,2,367,Yes,Fashion,154,Medium
C07135,23,Freelancer,18160.0,681.0,2,379,No,Electronics,439,Low
C07136,21,Student,9021.0,553.0,2,323,Yes,Fashion,49,Medium
C07137,41,Freelancer,9918.0,624.0,1,172,Yes,Fashion,10,Low
C07138,27,Employed,27674.0,634.0,1,158,No,Home/Furniture,431,Low
C07139,25,Employed,74141.0,747.0,1,84,No,Fashion,53,Low
C07140,31,Student,12802.0,499.0,1,119,Yes,Groceries/Essentials,41,Low
C07141,39,Employed,56420.0,766.0,1,131,No,Fashion,131,Low
C07142,24,Freelancer,60147.0,786.0,1,76,No,Fashion,96,Low
C07143,30,Employed,60591.0,700.0,3,552,No,Electronics,433,Low
C07144,31,Employed,48584.0,604.0,3,581,Yes,Fashion,153,Low
C07145,46,Student,15611.0,614.0,3,178,No,Home/Furniture,424,Low
C07146,25,Student,21189.0,625.0,4,483,Yes,Electronics,642,Medium
C07147,24,Employed,86221.0,747.0,4,866,No,Fashion,124,Low
C07148,27,Employed,85437.0,680.0,2,148,No,Fashion,79,Low
C07149,19,Freelancer,32669.0,625.0,4,883,Yes,Electronics,295,Medium
C07150,22,Employed,63022.0,653.0,2,528,No,Home/Furniture,360,Low
C07151,40,Employed,80315.0,672.0,4,347,No,Home/Furniture,368,Low
C07152,29,Freelancer,44879.0,607.0,0,0,No,Home/Furniture,264,Low
C07153,59,Employed,69186.0,685.0,2,165,No,Fashion,76,Low
C07154,55,Student,20420.0,523.0,1,149,Yes,Fashion,125,Low
C07155,42,Freelancer,19078.0,691.0,1,237,No,Fashion,28,Low
C07156,31,Employed,62149.0,675.0,1,37,No,Fashion,82,Low
C07157,58,Employed,81091.0,662.0,0,0,No,Electronics,699,Low
C07158,20,Employed,54361.0,775.0,4,549,Yes,Travel,688,Low
C07159,28,Freelancer,21598.0,558.0,3,592,Yes,Home/Furniture,386,Medium
C07160,35,Student,14266.0,666.0,2,300,No,Fashion,64,Low
C07161,56,Employed,43709.0,732.0,1,299,No,Electronics,467,Low
C07162,35,Employed,96397.0,659.0,1,160,No,Fashion,79,Low
C07163,46,Employed,91434.0,721.0,2,102,No,Electronics,488,Low
C07164,26,Employed,41237.0,648.0,1,216,Yes,Electronics,109,Low
C07165,21,Employed,72381.0,640.0,1,185,No,Fashion,169,Low
C07166,51,Freelancer,76986.0,556.0,1,120,No,Travel,848,Low
C07167,21,Unemployed,6741.0,594.0,0,0,Yes,Travel,534,Low
C07168,25,Freelancer,98520.0,627.0,4,368,Yes,Fashion,76,Low
C07169,24,Freelancer,56230.0,560.0,0,0,Yes,Travel,627,Low
C07170,55,Freelancer,58622.0,671.0,8,882,No,Fashion,130,Low
C07171,20,Student,21153.0,617.0,1,161,No,Fashion,102,Low
C07172,53,Freelancer,43126.0,651.0,4,779,No,Electronics,585,Low
C07173,48,Employed,67128.0,672.0,4,542,No,Fashion,77,Low
C07174,30,Employed,80517.0,707.0,4,965,No,Electronics,533,Low
C07175,49,Employed,70265.0,631.0,1,130,No,Fashion,85,Low
C07176,25,Freelancer,78131.0,575.0,6,927,No,Fashion,77,Low
C07177,32,Freelancer,60982.0,640.0,1,97,No,Fashion,133,Low
C07178,21,Employed,56868.0,750.0,3,455,No,Fashion,105,Low
C07179,32,Employed,71824.0,700.0,1,146,No,Electronics,353,Low
C07180,24,Employed,43025.0,614.0,2,113,Yes,Home/Furniture,324,Low
C07181,51,Employed,45550.0,730.0,6,1179,No,Fashion,168,Low
C07182,35,Employed,75922.0,723.0,5,378,No,Fashion,122,Low
C07183,39,Employed,98215.0,724.0,3,447,No,Groceries/Essentials,32,Low
C07184,30,Employed,80076.0,658.0,2,255,No,Fashion,98,Low
C07185,24,Student,5000.0,533.0,1,228,No,Fashion,114,Medium
C07186,34,Employed,66710.0,687.0,3,517,No,Home/Furniture,656,Low
C07187,23,Employed,61094.0,702.0,5,948,No,Fashion,109,Low
C07188,35,Employed,41808.0,700.0,6,767,No,Fashion,123,Low
C07189,52,Employed,83730.0,651.0,2,184,No,Fashion,116,Low
C07190,21,Employed,58190.0,661.0,2,567,Yes,Electronics,666,Low
C07191,25,Employed,23320.0,768.0,2,268,No,Fashion,166,Low
C07192,34,Student,12518.0,605.0,6,700,Yes,Home/Furniture,239,High
C07193,61,Employed,87147.0,562.0,1,231,Yes,Fashion,119,Low
C07194,21,Student,13850.0,466.0,3,241,No,Fashion,125,Low
C07195,44,Student,12344.0,,0,0,No,Electronics,252,Low
C07196,23,Employed,59974.0,765.0,0,0,No,Travel,632,Low
C07197,19,Employed,82386.0,714.0,2,279,No,Fashion,59,Low
C07198,30,Employed,59816.0,713.0,3,433,No,Fashion,183,Low
C07199,39,Employed,53985.0,670.0,4,446,No,Electronics,588,Low
C07200,34,Employed,63924.0,626.0,2,214,Yes,Electronics,334,Low
C07201,43,Employed,67146.0,640.0,2,172,Yes,Electronics,571,Low
C07202,38,Employed,,770.0,0,0,No,Electronics,730,Low
C07203,21,Freelancer,61641.0,627.0,2,399,No,Fashion,123,Low
C07204,59,Employed,76594.0,690.0,5,541,No,Fashion,135,Low
C07205,48,Employed,74225.0,750.0,2,465,No,Home/Furniture,487,Low
C07206,49,Employed,56047.0,662.0,0,0,No,Fashion,87,Low
C07207,33,Student,12116.0,606.0,3,754,Yes,Electronics,592,High
C07208,51,Student,17534.0,603.0,1,187,No,Travel,854,Low
C07209,43,Student,19511.0,577.0,1,189,No,Home/Furniture,355,Low
C07210,24,Employed,71492.0,722.0,7,871,No,Electronics,328,Low
C07211,29,Employed,50145.0,714.0,3,481,No,Electronics,461,Low
C07212,24,Employed,45495.0,750.0,0,0,Yes,Electronics,363,Low
C07213,30,Employed,117752.0,714.0,1,116,No,Fashion,35,Low
C07214,43,Student,11240.0,633.0,1,148,Yes,Home/Furniture,439,Low
C07215,23,Employed,85263.0,715.0,2,453,No,Fashion,25,Low
C07216,45,Employed,62031.0,702.0,1,92,No,Electronics,645,Low
C07217,21,Employed,95231.0,752.0,3,613,No,Fashion,119,Low
C07218,32,Student,16453.0,543.0,9,1730,No,Fashion,173,High
C07219,31,Employed,43373.0,642.0,2,325,Yes,Electronics,532,Low
C07220,24,Student,15860.0,605.0,0,0,Yes,Electronics,564,Low
C07221,56,Employed,87140.0,716.0,4,845,No,Fashion,20,Low
C07222,37,Employed,77042.0,763.0,2,411,No,Electronics,401,Low
C07223,38,Student,11570.0,593.0,3,254,No,Electronics,385,Low
C07224,19,Freelancer,54653.0,833.0,3,540,No,Home/Furniture,366,Low
C07225,59,Employed,84440.0,697.0,2,260,No,Home/Furniture,504,Low
C07226,23,Freelancer,66465.0,638.0,2,429,Yes,Fashion,97,Low
C07227,34,Employed,89966.0,709.0,3,468,No,Fashion,62,Low
C07228,26,Employed,69804.0,704.0,2,379,No,Electronics,423,Low
C07229,51,Employed,50668.0,681.0,1,101,No,Electronics,583,Low
C07230,20,Unemployed,14530.0,418.0,2,627,Yes,Fashion,82,High
C07231,21,Student,13433.0,565.0,1,211,No,Fashion,73,Low
C07232,61,Freelancer,19458.0,795.0,1,214,Yes,Home/Furniture,212,Low
C07233,55,Employed,92167.0,691.0,2,266,No,Electronics,558,Low
C07234,53,Employed,78780.0,654.0,6,1023,No,Electronics,822,Low
C07235,52,Employed,70567.0,730.0,3,407,No,Electronics,449,Low
C07236,44,Employed,69294.0,610.0,0,0,Yes,Electronics,560,Low
C07237,23,Student,,607.0,4,687,Yes,Electronics,585,High
C07238,18,Employed,100377.0,727.0,2,275,No,Fashion,96,Low
C07239,59,Freelancer,51025.0,,1,119,No,Fashion,98,Low
C07240,22,Employed,66558.0,755.0,7,608,No,Home/Furniture,244,Low
C07241,22,Employed,76321.0,688.0,2,151,No,Home/Furniture,521,Low
C07242,53,Freelancer,51161.0,574.0,4,835,No,Fashion,90,Low
C07243,22,Unemployed,6473.0,402.0,3,338,Yes,Electronics,534,High
C07244,18,Employed,73863.0,709.0,2,225,No,Home/Furniture,459,Low
C07245,25,Student,8897.0,784.0,0,0,No,Groceries/Essentials,22,Low
C07246,20,Employed,26163.0,735.0,1,163,No,Electronics,356,Low
C07247,20,Student,13475.0,579.0,4,698,No,Electronics,500,Medium
C07248,20,Employed,94359.0,676.0,8,1387,No,Fashion,162,Low
C07249,41,Unemployed,,,2,390,Yes,Fashion,39,Medium
C07250,25,Freelancer,67146.0,724.0,2,258,Yes,Fashion,95,Low
C07251,19,Student,20789.0,616.0,8,1252,No,Fashion,79,Medium
C07252,63,Freelancer,26902.0,676.0,3,627,No,Travel,915,Low
C07253,32,Student,15994.0,554.0,0,0,No,Home/Furniture,559,Low
C07254,30,Employed,87376.0,768.0,1,66,No,Travel,735,Low
C07255,21,Employed,,737.0,0,0,No,Electronics,582,Low
C07256,52,Student,7262.0,610.0,0,0,No,Fashion,57,Low
C07257,58,Unemployed,20065.0,487.0,2,249,Yes,Fashion,70,Medium
C07258,19,Employed,76672.0,651.0,3,343,No,Electronics,631,Low
C07259,52,Employed,74537.0,730.0,1,108,No,Fashion,54,Low
C07260,41,Employed,91431.0,,4,745,No,Electronics,321,Low
C07261,56,Employed,,801.0,2,349,No,Electronics,507,Low
C07262,20,Employed,79586.0,632.0,3,441,No,Fashion,52,Low
C07263,27,Employed,105109.0,694.0,1,128,No,Electronics,600,Low
C07264,45,Employed,71001.0,732.0,2,171,No,Fashion,101,Low
C07265,39,Employed,122006.0,685.0,1,137,No,Electronics,503,Low
C07266,19,Employed,61485.0,688.0,2,88,No,Fashion,113,Low
C07267,21,Employed,81440.0,786.0,0,0,No,Fashion,102,Low
C07268,51,Employed,51094.0,,4,533,No,Fashion,88,Low
C07269,42,Employed,58960.0,765.0,1,152,No,Electronics,537,Low
C07270,21,Employed,66435.0,629.0,4,617,No,Electronics,641,Low
C07271,18,Employed,61744.0,713.0,1,139,No,Home/Furniture,301,Low
C07272,38,Unemployed,17514.0,554.0,2,156,No,Electronics,470,Low
C07273,44,Freelancer,58733.0,572.0,3,399,No,Electronics,211,Low
C07274,18,Student,12169.0,599.0,0,0,Yes,Fashion,132,Low
C07275,23,Freelancer,41246.0,703.0,5,1176,No,Travel,849,Low
C07276,20,Employed,91278.0,653.0,3,564,No,Electronics,743,Low
C07277,23,Employed,88876.0,759.0,2,100,No,Fashion,135,Low
C07278,30,Employed,98608.0,641.0,1,148,Yes,Home/Furniture,438,Low
C07279,42,Employed,49988.0,702.0,0,0,No,Fashion,46,Low
C07280,20,Employed,90554.0,615.0,2,429,No,Fashion,185,Low
C07281,41,Employed,72817.0,722.0,0,0,No,Electronics,282,Low
C07282,22,Unemployed,16390.0,616.0,1,89,Yes,Electronics,516,Low
C07283,23,Employed,36814.0,708.0,4,317,No,Groceries/Essentials,43,Low
C07284,29,Freelancer,43488.0,623.0,5,906,Yes,Home/Furniture,385,Medium
C07285,48,Employed,62392.0,607.0,6,1251,No,Fashion,86,Low
C07286,43,Employed,81751.0,651.0,2,291,No,Fashion,87,Low
C07287,22,Employed,82304.0,652.0,3,616,No,Fashion,113,Low
C07288,40,Student,9203.0,530.0,4,516,Yes,Fashion,176,High
C07289,39,Unemployed,18288.0,,2,306,Yes,Electronics,785,Medium
C07290,20,Employed,61437.0,683.0,2,167,No,Electronics,467,Low
C07291,24,Student,12512.0,668.0,2,422,Yes,Fashion,139,Low
C07292,28,Unemployed,5000.0,578.0,2,355,No,Electronics,1005,High
C07293,21,Employed,39088.0,,2,219,Yes,Home/Furniture,474,Low
C07294,21,Student,15069.0,552.0,2,308,No,Electronics,489,Low
C07295,46,Student,8618.0,503.0,7,1015,Yes,Electronics,355,High
C07296,19,Employed,35680.0,680.0,1,161,No,Electronics,729,Low
C07297,58,Freelancer,32208.0,640.0,2,227,No,Groceries/Essentials,60,Low
C07298,24,Employed,59683.0,714.0,2,221,No,Fashion,127,Low
C07299,47,Employed,80680.0,738.0,2,309,No,Fashion,84,Low
C07300,45,Freelancer,31370.0,511.0,5,1009,Yes,Electronics,513,Medium
C07301,22,Employed,70582.0,752.0,2,249,No,Electronics,715,Low
C07302,38,Student,16272.0,625.0,2,434,Yes,Travel,979,Medium
C07303,24,Student,8783.0,634.0,4,730,No,Electronics,543,High
C07304,21,Employed,,706.0,1,85,No,Electronics,538,Low
C07305,24,Employed,59354.0,782.0,1,147,No,Home/Furniture,425,Low
C07306,31,Employed,80843.0,739.0,1,208,No,Home/Furniture,471,Low
C07307,19,Employed,56773.0,709.0,2,392,No,Electronics,495,Low
C07308,60,Employed,45249.0,742.0,3,485,No,Electronics,426,Low
C07309,26,Employed,59361.0,780.0,4,473,No,Fashion,80,Low
C07310,44,Employed,68794.0,702.0,4,528,No,Fashion,121,Low
C07311,38,Employed,89408.0,642.0,6,1294,Yes,Electronics,287,Medium
C07312,42,Employed,67478.0,683.0,10,1583,No,Fashion,121,Medium
C07313,19,Employed,58212.0,718.0,1,202,No,Fashion,87,Low
C07314,38,Employed,103711.0,627.0,1,142,No,Travel,217,Low
C07315,27,Student,16932.0,741.0,1,168,No,Fashion,46,Low
C07316,37,Employed,84988.0,685.0,2,276,No,Electronics,628,Low
C07317,23,Employed,106042.0,658.0,8,1294,No,Electronics,625,Low
C07318,19,Unemployed,10684.0,496.0,1,101,Yes,Electronics,520,Low
C07319,18,Student,10335.0,657.0,0,0,No,Fashion,56,Low
C07320,32,Freelancer,67730.0,693.0,5,407,No,Electronics,569,Low
C07321,34,Employed,65671.0,671.0,2,248,No,Travel,770,Low
C07322,32,Employed,73643.0,703.0,6,1455,No,Fashion,54,Low
C07323,60,Employed,81971.0,775.0,0,0,No,Fashion,47,Low
C07324,51,Employed,50088.0,738.0,1,47,No,Travel,696,Low
C07325,20,Student,18769.0,642.0,0,0,No,Home/Furniture,438,Low
C07326,48,Freelancer,88331.0,621.0,2,345,Yes,Electronics,488,Low
C07327,51,Employed,83859.0,683.0,1,130,No,Fashion,92,Low
C07328,41,Freelancer,37342.0,598.0,9,1442,No,Home/Furniture,477,Medium
C07329,27,Employed,33032.0,692.0,6,936,No,Home/Furniture,307,Low
C07330,42,Employed,65433.0,629.0,3,278,Yes,Home/Furniture,372,Low
C07331,32,Employed,71452.0,669.0,3,473,No,Electronics,486,Low
C07332,36,Student,15407.0,448.0,5,486,Yes,Fashion,69,Medium
C07333,19,Employed,66454.0,704.0,1,183,No,Fashion,33,Low
C07334,52,Employed,77116.0,733.0,2,227,No,Fashion,105,Low
C07335,23,Employed,,736.0,2,366,No,Fashion,129,Low
C07336,33,Employed,78396.0,760.0,0,0,No,Electronics,674,Low
C07337,21,Employed,66660.0,773.0,1,170,No,Fashion,51,Low
C07338,40,Freelancer,61061.0,705.0,1,133,No,Home/Furniture,262,Low
C07339,58,Employed,74482.0,743.0,1,195,No,Fashion,120,Low
C07340,35,Employed,61257.0,734.0,4,888,No,Home/Furniture,276,Low
C07341,19,Student,13134.0,538.0,1,90,No,Electronics,473,Low
C07342,61,Employed,71717.0,741.0,7,1235,No,Fashion,141,Low
C07343,23,Student,18370.0,596.0,5,889,Yes,Groceries/Essentials,40,High
C07344,52,Unemployed,5000.0,,4,687,No,Fashion,46,High
C07345,56,Employed,72236.0,,0,0,No,Electronics,735,Low
C07346,57,Freelancer,72405.0,623.0,4,82,No,Electronics,547,Low
C07347,53,Student,13956.0,594.0,3,502,No,Fashion,79,Low
C07348,24,Employed,81069.0,685.0,1,182,No,Electronics,265,Low
C07349,59,Employed,40927.0,695.0,2,111,No,Groceries/Essentials,29,Low
C07350,49,Employed,54438.0,748.0,3,562,No,Fashion,73,Low
C07351,23,Employed,56134.0,707.0,1,81,No,Home/Furniture,497,Low
C07352,56,Employed,57794.0,716.0,0,0,No,Fashion,49,Low
C07353,50,Employed,38966.0,715.0,3,12,No,Fashion,72,Low
C07354,23,Employed,86300.0,844.0,2,366,No,Fashion,89,Low
C07355,27,Student,12686.0,671.0,1,143,No,Electronics,425,Low
C07356,35,Freelancer,65683.0,530.0,1,200,Yes,Fashion,141,Low
C07357,33,Student,13721.0,522.0,5,926,Yes,Fashion,162,High
C07358,34,Employed,97820.0,654.0,3,146,No,Fashion,139,Low
C07359,29,Employed,62030.0,714.0,2,438,No,Fashion,107,Low
C07360,31,Freelancer,,580.0,1,221,No,Fashion,82,Low
C07361,52,Freelancer,94342.0,647.0,2,291,No,Travel,969,Low
C07362,43,Student,13476.0,660.0,3,91,No,Electronics,374,Low
C07363,26,Freelancer,71244.0,652.0,1,108,Yes,Electronics,630,Low
C07364,20,Employed,70569.0,792.0,1,105,No,Fashion,172,Low
C07365,39,Freelancer,44144.0,607.0,1,132,No,Fashion,44,Low
C07366,38,Unemployed,5000.0,666.0,2,307,No,Fashion,45,Medium
C07367,19,Employed,,770.0,3,305,No,Groceries/Essentials,69,Low
C07368,33,Employed,59061.0,663.0,1,117,Yes,Fashion,61,Low
C07369,30,Employed,53404.0,721.0,0,0,No,Fashion,139,Low
C07370,25,Freelancer,68892.0,664.0,2,336,No,Home/Furniture,443,Low
C07371,38,Employed,54291.0,691.0,0,0,No,Groceries/Essentials,16,Low
C07372,23,Employed,93904.0,758.0,3,549,Yes,Fashion,91,Low
C07373,41,Student,26303.0,493.0,10,1740,Yes,Travel,1275,High
C07374,37,Freelancer,72598.0,775.0,1,129,No,Home/Furniture,501,Low
C07375,42,Freelancer,56110.0,636.0,3,638,No,Fashion,169,Low
C07376,32,Freelancer,30143.0,615.0,7,1605,Yes,Groceries/Essentials,40,High
C07377,22,Employed,59417.0,604.0,1,111,No,Fashion,113,Low
C07378,22,Employed,50124.0,716.0,1,239,No,Electronics,432,Low
C07379,23,Student,19856.0,577.0,3,477,Yes,Travel,1242,Medium
C07380,52,Employed,90735.0,717.0,2,337,No,Electronics,500,Low
C07381,35,Employed,47214.0,622.0,3,330,Yes,Fashion,45,Low
C07382,34,Employed,60935.0,720.0,1,91,No,Fashion,96,Low
C07383,28,Employed,66902.0,743.0,2,413,No,Electronics,637,Low
C07384,55,Employed,72661.0,717.0,5,632,No,Electronics,384,Low
C07385,49,Student,12495.0,590.0,1,55,Yes,Travel,640,Low
C07386,40,Freelancer,27721.0,610.0,0,0,Yes,Fashion,10,Low
C07387,52,Employed,98351.0,780.0,8,1452,No,Fashion,101,Low
C07388,19,Freelancer,20470.0,623.0,2,322,Yes,Travel,601,Low
C07389,24,Freelancer,116181.0,628.0,7,339,Yes,Fashion,149,Low
C07390,26,Employed,78059.0,644.0,1,129,Yes,Electronics,797,Low
C07391,21,Employed,44613.0,719.0,2,373,No,Fashion,142,Low
C07392,25,Employed,59237.0,686.0,2,261,No,Home/Furniture,339,Low
C07393,26,Employed,66037.0,665.0,2,98,No,Fashion,135,Low
C07394,50,Freelancer,15347.0,677.0,4,393,No,Groceries/Essentials,32,Low
C07395,22,Student,12912.0,648.0,2,338,No,Fashion,64,Low
C07396,34,Employed,91552.0,718.0,5,778,No,Electronics,494,Low
C07397,19,Freelancer,,653.0,0,0,No,Electronics,472,Low
C07398,30,Employed,77499.0,622.0,3,398,Yes,Fashion,152,Low
C07399,62,Student,9147.0,655.0,0,0,No,Electronics,510,Low
C07400,23,Student,12600.0,549.0,0,0,Yes,Electronics,591,Low
C07401,37,Freelancer,37247.0,721.0,6,717,No,Electronics,798,Low
C07402,39,Employed,61756.0,756.0,3,273,No,Fashion,105,Low
C07403,31,Employed,66786.0,659.0,1,77,No,Fashion,95,Low
C07404,56,Student,12784.0,668.0,2,449,No,Electronics,514,Low
C07405,22,Employed,84972.0,633.0,2,267,Yes,Travel,467,Low
C07406,33,Employed,78493.0,698.0,1,217,No,Fashion,162,Low
C07407,18,Freelancer,75492.0,612.0,0,0,Yes,Electronics,555,Low
C07408,29,Employed,79305.0,577.0,3,510,No,Fashion,82,Low
C07409,29,Freelancer,20711.0,659.0,3,314,No,Fashion,116,Low
C07410,42,Unemployed,17912.0,476.0,1,51,Yes,Fashion,89,Low
C07411,21,Unemployed,5000.0,593.0,2,278,No,Fashion,89,Medium
C07412,40,Student,16504.0,472.0,2,344,Yes,Electronics,480,Medium
C07413,52,Freelancer,27462.0,,0,0,No,Travel,987,Low
C07414,25,Employed,77834.0,716.0,0,0,No,Home/Furniture,478,Low
C07415,48,Employed,58038.0,592.0,1,208,Yes,Electronics,728,Low
C07416,26,Student,15507.0,,1,134,No,Home/Furniture,451,Low
C07417,21,Employed,51965.0,713.0,8,1481,Yes,Fashion,221,Medium
C07418,28,Employed,57629.0,644.0,0,0,No,Fashion,130,Low
C07419,32,Employed,90260.0,623.0,2,425,No,Travel,919,Low
C07420,23,Employed,91378.0,760.0,5,926,No,Fashion,104,Low
C07421,45,Freelancer,34103.0,721.0,4,682,No,Fashion,87,Low
C07422,19,Employed,75195.0,753.0,1,139,No,Electronics,624,Low
C07423,19,Student,14451.0,569.0,2,314,No,Fashion,49,Low
C07424,41,Employed,98338.0,699.0,2,383,No,Electronics,384,Low
C07425,53,Employed,93953.0,729.0,1,199,No,Fashion,146,Low
C07426,49,Employed,53756.0,728.0,4,916,No,Home/Furniture,276,Low
C07427,57,Freelancer,34089.0,611.0,2,410,No,Fashion,166,Low
C07428,19,Employed,77575.0,624.0,3,384,Yes,Electronics,508,Low
C07429,41,Student,13554.0,509.0,1,244,Yes,Fashion,78,Medium
C07430,29,Student,16620.0,481.0,1,204,No,Electronics,475,Low
C07431,42,Employed,88034.0,661.0,1,140,No,Electronics,430,Low
C07432,36,Employed,60273.0,741.0,4,581,No,Fashion,145,Low
C07433,40,Employed,96251.0,709.0,9,1215,No,Fashion,52,Low
C07434,31,Student,20627.0,623.0,1,170,No,Fashion,47,Low
C07435,20,Employed,61308.0,670.0,0,0,No,Electronics,405,Low
C07436,37,Employed,77151.0,763.0,0,0,No,Electronics,367,Low
C07437,20,Employed,81998.0,656.0,1,121,No,Electronics,761,Low
C07438,53,Unemployed,5000.0,572.0,2,278,No,Fashion,168,High
C07439,48,Freelancer,25241.0,660.0,2,294,No,Home/Furniture,429,Low
C07440,64,Employed,97975.0,723.0,3,433,No,Fashion,142,Low
C07441,30,Employed,66936.0,676.0,1,127,Yes,Electronics,639,Low
C07442,47,Employed,45304.0,674.0,0,0,No,Fashion,120,Low
C07443,19,Student,20650.0,679.0,6,736,No,Electronics,748,Medium
C07444,47,Student,22494.0,645.0,3,503,No,Electronics,579,Low
C07445,25,Employed,56672.0,668.0,2,155,No,Electronics,164,Low
C07446,51,Employed,77277.0,698.0,3,744,No,Electronics,480,Low
C07447,26,Employed,71284.0,647.0,2,257,Yes,Fashion,146,Low
C07448,23,Freelancer,31948.0,548.0,4,534,No,Fashion,133,Low
C07449,52,Freelancer,43239.0,629.0,6,764,No,Electronics,399,Low
C07450,50,Student,13148.0,686.0,3,511,No,Electronics,617,Low
C07451,33,Freelancer,29365.0,558.0,2,317,Yes,Electronics,530,Low
C07452,23,Employed,70388.0,596.0,4,565,Yes,Groceries/Essentials,46,Low
C07453,64,Student,21905.0,551.0,1,84,No,Fashion,76,Low
C07454,58,Employed,76751.0,658.0,1,85,No,Home/Furniture,504,Low
C07455,30,Student,14779.0,546.0,2,92,No,Electronics,190,Low
C07456,45,Employed,48695.0,804.0,1,214,No,Travel,1389,Low
C07457,52,Employed,26070.0,727.0,0,0,No,Groceries/Essentials,36,Low
C07458,43,Student,18364.0,644.0,1,186,Yes,Electronics,356,Low
C07459,22,Employed,,679.0,1,101,No,Travel,1058,Low
C07460,51,Student,6383.0,570.0,3,360,No,Electronics,280,Medium
C07461,20,Employed,45194.0,619.0,3,536,Yes,Home/Furniture,443,Low
C07462,18,Employed,77516.0,694.0,2,368,No,Fashion,99,Low
C07463,46,Freelancer,27207.0,676.0,1,149,No,Electronics,283,Low
C07464,43,Student,15019.0,599.0,1,117,No,Electronics,686,Low
C07465,19,Student,14487.0,631.0,5,959,No,Groceries/Essentials,65,High
C07466,22,Employed,87089.0,710.0,1,191,No,Electronics,305,Low
C07467,24,Employed,86008.0,642.0,2,147,Yes,Groceries/Essentials,19,Low
C07468,59,Employed,59894.0,650.0,0,0,No,Fashion,98,Low
C07469,35,Employed,68968.0,665.0,1,38,No,Electronics,577,Low
C07470,38,Employed,48138.0,630.0,1,148,No,Fashion,120,Low
C07471,21,Employed,61212.0,738.0,3,569,No,Home/Furniture,410,Low
C07472,21,Employed,52631.0,572.0,1,216,Yes,Fashion,130,Low
C07473,33,Employed,55365.0,761.0,1,139,No,Electronics,530,Low
C07474,56,Employed,84788.0,673.0,3,419,No,Home/Furniture,292,Low
C07475,46,Employed,41330.0,679.0,6,870,Yes,Electronics,631,Medium
C07476,55,Freelancer,72726.0,648.0,2,140,No,Groceries/Essentials,59,Low
C07477,36,Student,9308.0,389.0,2,353,Yes,Electronics,650,High
C07478,23,Employed,89015.0,719.0,4,571,No,Electronics,365,Low
C07479,32,Employed,91041.0,703.0,3,371,No,Fashion,180,Low
C07480,44,Employed,60064.0,795.0,2,350,Yes,Home/Furniture,383,Low
C07481,19,Freelancer,50810.0,655.0,6,1061,No,Fashion,101,Low
C07482,21,Employed,,754.0,2,285,No,Electronics,443,Low
C07483,34,Freelancer,15786.0,618.0,10,1066,No,Fashion,115,High
C07484,37,Employed,86786.0,719.0,2,344,No,Home/Furniture,543,Low
C07485,49,Student,5000.0,610.0,3,231,Yes,Fashion,97,High
C07486,23,Employed,40952.0,716.0,1,241,No,Electronics,367,Low
C07487,40,Student,10103.0,621.0,2,234,Yes,Electronics,378,Medium
C07488,30,Employed,75148.0,702.0,3,442,No,Electronics,302,Low
C07489,38,Freelancer,90233.0,655.0,2,187,No,Travel,677,Low
C07490,23,Employed,49570.0,625.0,4,272,No,Electronics,671,Low
C07491,22,Employed,62175.0,708.0,2,359,Yes,Fashion,152,Low
C07492,26,Employed,77007.0,801.0,4,494,No,Fashion,50,Low
C07493,42,Employed,35751.0,701.0,1,122,No,Groceries/Essentials,83,Low
C07494,33,Employed,49106.0,667.0,2,273,No,Electronics,579,Low
C07495,64,Employed,74991.0,615.0,0,0,Yes,Fashion,115,Low
C07496,33,Student,21350.0,644.0,1,201,Yes,Electronics,438,Low
C07497,21,Employed,53400.0,718.0,1,132,No,Electronics,532,Low
C07498,24,Employed,90689.0,675.0,4,441,No,Fashion,126,Low
C07499,19,Employed,46698.0,653.0,1,136,Yes,Fashion,150,Low
C07500,40,Employed,68894.0,803.0,3,273,No,Electronics,613,Low
C07501,18,Employed,90167.0,737.0,3,375,No,Electronics,508,Low
C07502,23,Employed,60667.0,689.0,1,97,Yes,Home/Furniture,545,Low
C07503,52,Employed,104339.0,702.0,1,146,No,Fashion,154,Low
C07504,27,Freelancer,47664.0,532.0,1,118,Yes,Fashion,169,Low
C07505,51,Unemployed,10963.0,464.0,0,0,Yes,Fashion,28,Low
C07506,56,Freelancer,67683.0,754.0,2,331,No,Travel,585,Low
C07507,19,Employed,30649.0,652.0,7,1160,No,Fashion,123,Medium
C07508,19,Employed,55200.0,716.0,1,268,No,Travel,867,Low
C07509,23,Employed,63778.0,642.0,1,110,Yes,Home/Furniture,446,Low
C07510,40,Employed,78505.0,732.0,2,194,No,Fashion,73,Low
C07511,49,Student,19191.0,671.0,2,509,No,Electronics,300,Low
C07512,41,Employed,114983.0,700.0,0,0,No,Fashion,108,Low
C07513,30,Employed,62846.0,750.0,2,318,No,Fashion,66,Low
C07514,50,Freelancer,64881.0,602.0,2,305,No,Fashion,89,Low
C07515,34,Student,20380.0,527.0,1,129,Yes,Fashion,111,Low
C07516,21,Freelancer,37743.0,,3,361,Yes,Home/Furniture,576,Low
C07517,26,Employed,51407.0,698.0,1,182,No,Travel,1000,Low
C07518,33,Employed,62808.0,725.0,0,0,No,Fashion,54,Low
C07519,29,Employed,79665.0,745.0,4,817,No,Fashion,124,Low
C07520,43,Employed,58930.0,703.0,1,120,No,Travel,623,Low
C07521,21,Employed,,,1,137,No,Fashion,120,Low
C07522,23,Employed,97016.0,692.0,1,162,No,Fashion,53,Low
C07523,25,Employed,99792.0,716.0,5,422,No,Fashion,105,Low
C07524,43,Employed,53920.0,666.0,1,120,No,Fashion,50,Low
C07525,24,Employed,52109.0,745.0,3,492,No,Fashion,100,Low
C07526,38,Freelancer,46894.0,659.0,1,244,No,Travel,1024,Low
C07527,20,Employed,79844.0,,2,366,Yes,Fashion,122,Low
C07528,21,Unemployed,11104.0,524.0,5,807,Yes,Travel,1051,High
C07529,56,Employed,50648.0,701.0,3,280,No,Travel,667,Low
C07530,64,Student,23346.0,578.0,1,150,Yes,Fashion,107,Low
C07531,27,Employed,53984.0,708.0,3,870,No,Home/Furniture,226,Low
C07532,25,Employed,64065.0,682.0,2,254,Yes,Home/Furniture,570,Low
C07533,20,Freelancer,75479.0,743.0,4,889,No,Fashion,55,Low
C07534,62,Employed,65368.0,750.0,2,312,No,Fashion,126,Low
C07535,62,Employed,59512.0,722.0,1,95,No,Electronics,608,Low
C07536,26,Employed,87320.0,727.0,1,227,No,Groceries/Essentials,55,Low
C07537,54,Employed,51291.0,677.0,1,158,No,Electronics,385,Low
C07538,25,Freelancer,46333.0,652.0,2,311,Yes,Fashion,57,Low
C07539,60,Unemployed,6043.0,608.0,2,504,Yes,Electronics,336,High
C07540,43,Employed,34624.0,666.0,3,526,Yes,Electronics,257,Low
C07541,36,Freelancer,104451.0,729.0,0,0,No,Home/Furniture,472,Low
C07542,20,Unemployed,16667.0,614.0,1,124,No,Fashion,60,Low
C07543,24,Employed,59315.0,769.0,2,292,No,Fashion,65,Low
C07544,22,Employed,90957.0,728.0,6,479,No,Fashion,156,Low
C07545,22,Student,20987.0,576.0,1,61,Yes,Electronics,505,Low
C07546,22,Employed,43935.0,731.0,5,539,No,Fashion,101,Low
C07547,19,Employed,86172.0,730.0,2,218,No,Electronics,362,Low
C07548,19,Employed,83427.0,678.0,0,0,No,Fashion,10,Low
C07549,26,Freelancer,82622.0,670.0,1,153,No,Home/Furniture,499,Low
C07550,22,Employed,65900.0,728.0,1,126,No,Groceries/Essentials,42,Low
C07551,53,Employed,55218.0,651.0,1,151,No,Electronics,240,Low
C07552,19,Employed,54289.0,618.0,1,120,No,Home/Furniture,457,Low
C07553,57,Employed,88087.0,653.0,7,1454,No,Electronics,295,Low
C07554,34,Student,10500.0,569.0,1,232,Yes,Fashion,29,Medium
C07555,64,Employed,48581.0,710.0,1,0,No,Travel,790,Low
C07556,24,Employed,92114.0,714.0,1,171,No,Electronics,440,Low
C07557,33,Employed,81031.0,659.0,2,317,No,Fashion,119,Low
C07558,29,Unemployed,10590.0,552.0,1,98,Yes,Fashion,137,Low
C07559,37,Unemployed,11295.0,462.0,3,408,Yes,Home/Furniture,446,High
C07560,21,Employed,53226.0,744.0,0,0,No,Fashion,69,Low
C07561,32,Employed,67803.0,638.0,1,164,No,Electronics,515,Low
C07562,23,Student,10581.0,592.0,2,109,No,Home/Furniture,393,Low
C07563,18,Employed,61452.0,746.0,2,212,Yes,Groceries/Essentials,53,Low
C07564,34,Student,14248.0,443.0,2,185,Yes,Home/Furniture,340,Low
C07565,41,Employed,75499.0,698.0,1,108,No,Fashion,175,Low
C07566,28,Employed,99229.0,624.0,1,207,No,Fashion,47,Low
C07567,49,Student,7608.0,593.0,2,159,Yes,Home/Furniture,464,Low
C07568,49,Employed,81141.0,670.0,1,199,No,Fashion,122,Low
C07569,30,Unemployed,5000.0,667.0,2,272,No,Travel,780,Medium
C07570,21,Student,9836.0,562.0,3,445,No,Fashion,91,Medium
C07571,28,Student,,453.0,3,6,No,Travel,763,Low
C07572,24,Employed,76332.0,755.0,0,0,No,Home/Furniture,382,Low
C07573,43,Employed,99969.0,676.0,7,1671,No,Electronics,398,Low
C07574,19,Employed,58655.0,684.0,3,549,Yes,Electronics,769,Low
C07575,25,Employed,90205.0,683.0,1,122,No,Groceries/Essentials,37,Low
C07576,40,Employed,70650.0,684.0,1,156,No,Electronics,316,Low
C07577,48,Freelancer,74666.0,637.0,7,840,Yes,Home/Furniture,396,Low
C07578,24,Freelancer,81972.0,,10,2431,No,Groceries/Essentials,76,Medium
C07579,56,Student,17230.0,515.0,2,472,Yes,Electronics,694,Medium
C07580,26,Student,9462.0,678.0,1,156,No,Fashion,123,Low
C07581,19,Unemployed,33114.0,487.0,3,481,No,Fashion,64,Low
C07582,44,Employed,52661.0,730.0,1,174,No,Electronics,540,Low
C07583,22,Employed,75269.0,,2,173,No,Fashion,142,Low
C07584,42,Employed,65243.0,847.0,0,0,No,Electronics,523,Low
C07585,35,Employed,52152.0,726.0,0,0,No,Fashion,113,Low
C07586,22,Employed,84947.0,727.0,1,171,No,Home/Furniture,178,Low
C07587,30,Employed,,729.0,1,174,No,Home/Furniture,547,Low
C07588,28,Freelancer,78915.0,666.0,2,306,No,Electronics,686,Low
C07589,44,Employed,76453.0,711.0,5,1119,No,Home/Furniture,489,Low
C07590,27,Employed,43604.0,664.0,3,333,No,Fashion,105,Low
C07591,60,Employed,77501.0,715.0,1,211,No,Fashion,81,Low
C07592,18,Student,,620.0,1,119,Yes,Home/Furniture,453,Low
C07593,24,Employed,80225.0,812.0,1,186,No,Fashion,75,Low
C07594,36,Employed,47748.0,681.0,3,413,No,Fashion,184,Low
C07595,18,Employed,82240.0,697.0,0,0,No,Electronics,616,Low
C07596,44,Freelancer,42248.0,684.0,1,84,Yes,Travel,678,Low
C07597,63,Student,8301.0,581.0,1,224,Yes,Electronics,510,Medium
C07598,24,Student,,576.0,1,175,Yes,Home/Furniture,382,Low
C07599,34,Employed,67718.0,628.0,2,288,Yes,Fashion,101,Low
C07600,31,Student,16225.0,677.0,4,743,No,Home/Furniture,491,Medium
C07601,33,Employed,45502.0,732.0,3,234,No,Fashion,138,Low
C07602,49,Employed,,661.0,1,138,No,Fashion,49,Low
C07603,26,Employed,83931.0,714.0,9,1223,No,Electronics,429,Low
C07604,28,Freelancer,5000.0,626.0,1,147,Yes,Home/Furniture,266,Medium
C07605,28,Unemployed,5000.0,649.0,5,336,Yes,Home/Furniture,346,High
C07606,34,Employed,81565.0,733.0,2,161,No,Fashion,88,Low
C07607,43,Employed,53603.0,667.0,1,192,Yes,Travel,631,Low
C07608,19,Employed,49037.0,684.0,5,919,No,Fashion,99,Low
C07609,49,Student,15843.0,556.0,5,525,Yes,Fashion,69,Medium
C07610,18,Employed,9080.0,649.0,4,272,No,Home/Furniture,414,Low
C07611,23,Freelancer,68209.0,726.0,2,362,No,Fashion,27,Low
C07612,25,Employed,103248.0,732.0,2,367,No,Fashion,122,Low
C07613,22,Employed,75240.0,662.0,3,495,No,Electronics,566,Low
C07614,28,Student,24435.0,714.0,2,311,No,Electronics,660,Low
C07615,19,Employed,,821.0,0,0,Yes,Fashion,97,Low
C07616,42,Employed,95757.0,662.0,1,184,No,Home/Furniture,302,Low
C07617,20,Employed,78151.0,661.0,2,206,No,Electronics,541,Low
C07618,18,Unemployed,17986.0,573.0,4,732,Yes,Electronics,492,High
C07619,32,Employed,72554.0,689.0,1,200,No,Fashion,122,Low
C07620,43,Employed,85531.0,651.0,1,127,No,Fashion,10,Low
C07621,24,Employed,51050.0,665.0,2,229,No,Groceries/Essentials,48,Low
C07622,18,Employed,63111.0,755.0,1,205,No,Fashion,83,Low
C07623,27,Freelancer,12837.0,584.0,1,137,Yes,Electronics,504,Low
C07624,23,Employed,57689.0,694.0,3,704,No,Fashion,88,Low
C07625,26,Student,14635.0,656.0,1,93,No,Fashion,118,Low
C07626,30,Freelancer,18370.0,573.0,0,0,No,Electronics,548,Low
C07627,24,Employed,83922.0,649.0,1,120,Yes,Fashion,128,Low
C07628,30,Employed,104637.0,744.0,5,956,No,Fashion,94,Low
C07629,62,Student,18193.0,502.0,0,0,Yes,Electronics,500,Low
C07630,41,Employed,73752.0,666.0,2,329,No,Electronics,277,Low
C07631,39,Employed,66782.0,681.0,1,59,No,Fashion,144,Low
C07632,46,Student,17571.0,675.0,2,395,Yes,Electronics,408,Low
C07633,62,Student,20249.0,667.0,3,182,No,Travel,660,Low
C07634,46,Student,5000.0,599.0,2,324,No,Electronics,899,Medium
C07635,34,Employed,23238.0,662.0,2,307,No,Fashion,101,Low
C07636,28,Student,17853.0,658.0,2,307,No,Electronics,717,Low
C07637,20,Employed,53188.0,653.0,2,298,No,Electronics,859,Low
C07638,42,Student,18201.0,590.0,1,172,No,Electronics,499,Low
C07639,23,Employed,84586.0,,1,155,No,Home/Furniture,473,Low
C07640,46,Unemployed,10541.0,713.0,2,111,No,Fashion,72,Low
C07641,52,Employed,59516.0,579.0,3,554,No,Home/Furniture,612,Low
C07642,38,Employed,,613.0,2,184,No,Travel,1008,Low
C07643,46,Student,14257.0,674.0,1,162,No,Fashion,102,Low
C07644,22,Student,5781.0,710.0,3,381,No,Electronics,519,Medium
C07645,63,Freelancer,35002.0,699.0,5,642,No,Electronics,300,Low
C07646,18,Student,10691.0,607.0,5,435,Yes,Home/Furniture,278,High
C07647,20,Employed,91002.0,747.0,4,700,No,Fashion,47,Low
C07648,41,Student,10053.0,560.0,0,0,No,Fashion,78,Low
C07649,29,Student,16846.0,566.0,1,136,Yes,Home/Furniture,279,Low
C07650,23,Employed,77614.0,642.0,1,128,Yes,Fashion,10,Low
C07651,50,Employed,77033.0,663.0,1,124,No,Electronics,639,Low
C07652,31,Employed,61790.0,735.0,3,557,No,Fashion,110,Low
C07653,27,Student,12389.0,591.0,6,691,Yes,Travel,849,High
C07654,42,Freelancer,58261.0,671.0,0,0,No,Electronics,486,Low
C07655,44,Employed,68694.0,631.0,2,286,No,Electronics,622,Low
C07656,21,Employed,103774.0,713.0,5,856,No,Fashion,98,Low
C07657,38,Freelancer,49425.0,659.0,2,426,Yes,Fashion,92,Low
C07658,37,Employed,67421.0,738.0,2,409,No,Home/Furniture,423,Low
C07659,19,Freelancer,5000.0,717.0,3,463,No,Electronics,372,High
C07660,60,Employed,57230.0,620.0,1,202,No,Travel,1121,Low
C07661,50,Employed,74820.0,785.0,3,887,Yes,Electronics,628,Low
C07662,31,Employed,78734.0,801.0,3,362,Yes,Travel,650,Low
C07663,29,Employed,78356.0,675.0,0,0,No,Electronics,509,Low
C07664,19,Employed,79525.0,752.0,1,124,No,Fashion,89,Low
C07665,18,Freelancer,83133.0,626.0,2,497,No,Travel,844,Low
C07666,41,Student,18178.0,603.0,9,1564,No,Fashion,72,High
C07667,25,Freelancer,81559.0,,5,918,No,Electronics,693,Low
C07668,23,Student,8590.0,706.0,1,125,Yes,Fashion,78,Low
C07669,23,Employed,63528.0,732.0,2,224,No,Fashion,83,Low
C07670,56,Employed,56442.0,672.0,0,0,No,Fashion,42,Low
C07671,55,Employed,58970.0,730.0,2,372,No,Electronics,329,Low
C07672,35,Student,13940.0,568.0,1,149,Yes,Fashion,141,Low
C07673,54,Freelancer,82382.0,564.0,1,140,Yes,Home/Furniture,554,Low
C07674,46,Employed,88969.0,607.0,5,955,No,Groceries/Essentials,65,Low
C07675,29,Employed,126378.0,671.0,6,969,No,Fashion,105,Low
C07676,19,Employed,61990.0,701.0,2,256,No,Electronics,484,Low
C07677,20,Student,15843.0,480.0,2,419,Yes,Fashion,10,Medium
C07678,24,Employed,108024.0,687.0,2,231,No,Electronics,252,Low
C07679,48,Student,11476.0,576.0,4,495,No,Electronics,723,Medium
C07680,40,Student,16532.0,689.0,2,251,No,Travel,465,Low
C07681,26,Unemployed,23414.0,472.0,1,172,Yes,Fashion,154,Low
C07682,49,Employed,40002.0,633.0,1,133,Yes,Travel,750,Low
C07683,20,Student,21523.0,641.0,0,0,Yes,Electronics,636,Low
C07684,38,Employed,46424.0,724.0,2,383,No,Electronics,656,Low
C07685,23,Employed,69088.0,726.0,1,145,No,Travel,1091,Low
C07686,54,Employed,75724.0,761.0,2,187,No,Electronics,869,Low
C07687,26,Employed,37711.0,630.0,3,602,Yes,Fashion,151,Low
C07688,19,Employed,95213.0,722.0,3,419,No,Electronics,363,Low
C07689,43,Unemployed,5000.0,516.0,1,102,Yes,Fashion,123,Low
C07690,18,Employed,62772.0,676.0,2,297,No,Fashion,127,Low
C07691,38,Employed,51373.0,724.0,0,0,No,Electronics,388,Low
C07692,22,Employed,99327.0,735.0,2,287,No,Groceries/Essentials,36,Low
C07693,41,Employed,80996.0,601.0,3,423,No,Home/Furniture,391,Low
C07694,40,Employed,66030.0,677.0,0,0,No,Electronics,476,Low
C07695,22,Employed,61989.0,770.0,0,0,No,Groceries/Essentials,58,Low
C07696,42,Employed,66599.0,701.0,1,142,No,Home/Furniture,524,Low
C07697,45,Employed,75886.0,664.0,3,399,Yes,Home/Furniture,484,Low
C07698,21,Employed,42584.0,751.0,1,38,No,Travel,912,Low
C07699,41,Freelancer,86685.0,607.0,2,84,Yes,Electronics,532,Low
C07700,40,Employed,58052.0,700.0,3,234,No,Travel,859,Low
C07701,26,Freelancer,,561.0,2,380,Yes,Fashion,99,Low
C07702,24,Employed,49057.0,686.0,1,176,No,Home/Furniture,439,Low
C07703,60,Employed,41540.0,665.0,3,665,No,Fashion,64,Low
C07704,22,Freelancer,41636.0,673.0,1,233,No,Electronics,552,Low
C07705,25,Student,5002.0,672.0,1,182,No,Fashion,111,Low
C07706,31,Freelancer,44189.0,604.0,1,183,No,Electronics,513,Low
C07707,20,Student,21843.0,664.0,3,624,No,Fashion,82,Low
C07708,32,Employed,49815.0,671.0,2,295,No,Fashion,63,Low
C07709,35,Employed,124770.0,686.0,1,74,No,Electronics,532,Low
C07710,39,Student,12820.0,686.0,5,783,No,Home/Furniture,518,Medium
C07711,36,Student,12120.0,563.0,1,162,Yes,Fashion,54,Low
C07712,27,Employed,,647.0,4,223,No,Home/Furniture,455,Low
C07713,21,Freelancer,82991.0,702.0,2,271,No,Fashion,85,Low
C07714,37,Employed,66637.0,619.0,2,187,Yes,Electronics,739,Low
C07715,27,Student,14902.0,558.0,2,294,Yes,Electronics,504,Low
C07716,28,Employed,55794.0,692.0,5,186,No,Home/Furniture,402,Low
C07717,23,Employed,111241.0,595.0,1,40,No,Fashion,126,Low
C07718,31,Unemployed,22142.0,463.0,0,0,No,Home/Furniture,317,Low
C07719,22,Employed,70325.0,693.0,1,103,No,Home/Furniture,425,Low
C07720,24,Employed,63456.0,651.0,0,0,No,Groceries/Essentials,50,Low
C07721,58,Employed,96384.0,774.0,1,100,No,Travel,898,Low
C07722,21,Employed,92889.0,725.0,1,187,No,Travel,761,Low
C07723,20,Employed,,782.0,2,81,No,Fashion,156,Low
C07724,18,Employed,97797.0,681.0,9,615,No,Electronics,666,Low
C07725,28,Student,19555.0,626.0,1,132,Yes,Electronics,270,Low
C07726,40,Employed,67721.0,637.0,1,184,No,Fashion,109,Low
C07727,20,Employed,29036.0,662.0,2,372,No,Fashion,77,Low
C07728,59,Freelancer,104143.0,668.0,5,539,No,Fashion,83,Low
C07729,31,Student,22202.0,549.0,2,353,No,Electronics,450,Low
C07730,21,Student,19943.0,594.0,0,0,Yes,Fashion,114,Low
C07731,18,Student,8126.0,644.0,1,164,Yes,Electronics,211,Low
C07732,27,Student,16498.0,575.0,3,494,No,Electronics,511,Low
C07733,36,Employed,59107.0,714.0,6,776,No,Electronics,584,Low
C07734,23,Employed,34038.0,636.0,3,485,Yes,Electronics,280,Low
C07735,31,Freelancer,98050.0,565.0,1,40,No,Electronics,475,Low
C07736,36,Employed,74121.0,668.0,2,304,Yes,Home/Furniture,467,Low
C07737,19,Employed,68958.0,668.0,7,820,Yes,Groceries/Essentials,82,Medium
C07738,53,Employed,95261.0,636.0,2,363,No,Fashion,70,Low
C07739,48,Employed,83528.0,756.0,3,317,Yes,Electronics,727,Low
C07740,30,Student,20395.0,681.0,0,0,No,Fashion,158,Low
C07741,43,Employed,105361.0,562.0,3,270,No,Fashion,65,Low
C07742,45,Employed,73495.0,656.0,0,0,No,Electronics,619,Low
C07743,30,Student,5000.0,672.0,3,686,No,Fashion,58,High
C07744,21,Freelancer,53272.0,740.0,2,251,Yes,Fashion,153,Low
C07745,19,Employed,64146.0,614.0,5,514,Yes,Electronics,632,Low
C07746,30,Employed,101754.0,697.0,2,274,No,Fashion,139,Low
C07747,34,Employed,70988.0,760.0,6,1179,No,Electronics,568,Low
C07748,21,Employed,72479.0,742.0,2,162,No,Electronics,468,Low
C07749,32,Freelancer,,633.0,1,227,No,Groceries/Essentials,62,Low
C07750,21,Freelancer,33497.0,667.0,1,100,No,Fashion,67,Low
C07751,29,Student,20302.0,623.0,3,396,Yes,Home/Furniture,363,Medium
C07752,28,Unemployed,9023.0,500.0,2,399,Yes,Home/Furniture,445,High
C07753,64,Employed,76222.0,701.0,3,587,No,Fashion,83,Low
C07754,29,Student,16514.0,596.0,1,51,Yes,Electronics,417,Low
C07755,18,Employed,40570.0,672.0,1,157,No,Electronics,378,Low
C07756,24,Employed,104090.0,733.0,2,462,No,Fashion,84,Low
C07757,26,Employed,67891.0,645.0,1,193,Yes,Electronics,661,Low
C07758,41,Employed,21513.0,760.0,5,107,No,Fashion,10,Low
C07759,35,Student,12586.0,574.0,3,572,Yes,Electronics,431,High
C07760,56,Employed,81702.0,643.0,0,0,Yes,Electronics,186,Low
C07761,23,Employed,,648.0,1,109,Yes,Fashion,57,Low
C07762,25,Employed,100701.0,716.0,1,215,No,Home/Furniture,350,Low
C07763,57,Employed,15971.0,671.0,4,466,No,Electronics,608,Low
C07764,36,Student,13876.0,496.0,2,314,Yes,Fashion,153,Low
C07765,30,Employed,84477.0,645.0,2,375,Yes,Fashion,107,Low
C07766,22,Student,13495.0,634.0,4,426,No,Electronics,453,Low
C07767,62,Employed,72683.0,,5,371,No,Fashion,54,Low
C07768,27,Employed,52289.0,668.0,4,423,No,Fashion,95,Low
C07769,22,Employed,43213.0,691.0,2,216,No,Travel,665,Low
C07770,25,Employed,59598.0,758.0,1,184,No,Fashion,113,Low
C07771,52,Freelancer,65751.0,745.0,1,37,No,Fashion,100,Low
C07772,22,Student,23947.0,669.0,1,139,No,Groceries/Essentials,40,Low
C07773,32,Student,21726.0,540.0,2,328,Yes,Electronics,351,Medium
C07774,32,Freelancer,66917.0,619.0,6,1193,Yes,Electronics,671,Medium
C07775,24,Employed,101252.0,706.0,2,421,No,Travel,987,Low
C07776,27,Employed,49321.0,761.0,1,205,No,Travel,905,Low
C07777,19,Employed,78727.0,795.0,2,456,No,Fashion,122,Low
C07778,43,Employed,87982.0,675.0,2,518,No,Electronics,352,Low
C07779,49,Employed,78561.0,800.0,1,136,No,Fashion,142,Low
C07780,61,Employed,72225.0,747.0,3,321,No,Home/Furniture,313,Low
C07781,18,Employed,89847.0,716.0,1,142,No,Electronics,569,Low
C07782,42,Employed,70168.0,681.0,0,0,Yes,Travel,709,Low
C07783,34,Employed,45130.0,688.0,1,143,No,Fashion,69,Low
C07784,18,Employed,68096.0,704.0,2,464,Yes,Groceries/Essentials,46,Low
C07785,61,Employed,55649.0,835.0,1,209,No,Fashion,69,Low
C07786,41,Freelancer,23448.0,602.0,3,240,Yes,Fashion,168,Low
C07787,21,Freelancer,59633.0,664.0,2,207,No,Electronics,831,Low
C07788,30,Employed,61918.0,635.0,2,168,No,Electronics,712,Low
C07789,22,Student,10139.0,625.0,2,395,Yes,Fashion,79,Medium
C07790,57,Employed,78541.0,699.0,3,474,No,Home/Furniture,475,Low
C07791,43,Unemployed,16313.0,412.0,1,98,Yes,Fashion,121,Medium
C07792,60,Student,18289.0,614.0,2,234,No,Electronics,461,Low
C07793,39,Employed,76987.0,754.0,1,121,No,Electronics,374,Low
C07794,31,Student,10333.0,623.0,3,385,No,Electronics,388,Low
C07795,47,Employed,73637.0,736.0,2,123,No,Electronics,320,Low
C07796,55,Employed,49870.0,660.0,4,517,No,Electronics,553,Low
C07797,52,Student,12848.0,567.0,1,139,No,Groceries/Essentials,50,Low
C07798,18,Freelancer,104066.0,677.0,2,307,No,Electronics,625,Low
C07799,53,Employed,44018.0,658.0,2,346,No,Electronics,761,Low
C07800,40,Employed,69058.0,697.0,1,108,No,Fashion,134,Low
C07801,21,Employed,53411.0,683.0,2,454,No,Fashion,87,Low
C07802,27,Employed,56480.0,772.0,10,1501,No,Home/Furniture,309,Medium
C07803,28,Student,15617.0,505.0,2,259,Yes,Travel,623,Low
C07804,19,Student,9599.0,592.0,2,373,Yes,Electronics,513,High
C07805,49,Freelancer,45875.0,666.0,0,0,No,Electronics,768,Low
C07806,36,Employed,,695.0,6,1092,No,Electronics,177,Low
C07807,23,Employed,77143.0,738.0,3,360,No,Travel,1092,Low
C07808,44,Employed,67867.0,616.0,1,136,Yes,Fashion,130,Low
C07809,59,Employed,76391.0,670.0,1,153,No,Electronics,534,Low
C07810,63,Student,23408.0,569.0,4,873,No,Travel,926,Medium
C07811,45,Employed,64642.0,634.0,0,0,No,Fashion,54,Low
C07812,51,Student,14215.0,582.0,3,588,Yes,Fashion,84,Medium
C07813,19,Employed,117255.0,691.0,1,200,No,Travel,991,Low
C07814,33,Student,14915.0,701.0,2,356,No,Travel,980,Low
C07815,20,Employed,73012.0,747.0,1,114,No,Electronics,61,Low
C07816,39,Employed,72103.0,648.0,1,232,Yes,Fashion,87,Low
C07817,29,Unemployed,14424.0,527.0,4,636,Yes,Home/Furniture,280,High
C07818,46,Employed,91106.0,767.0,1,151,Yes,Electronics,469,Low
C07819,23,Freelancer,5000.0,637.0,0,0,No,Home/Furniture,571,Low
C07820,31,Unemployed,8024.0,437.0,0,0,Yes,Travel,770,Low
C07821,21,Student,22818.0,636.0,5,670,Yes,Fashion,71,Medium
C07822,39,Employed,81290.0,631.0,1,158,No,Home/Furniture,354,Low
C07823,22,Employed,90288.0,,3,0,No,Electronics,331,Low
C07824,26,Freelancer,41521.0,690.0,1,206,Yes,Electronics,515,Low
C07825,37,Unemployed,22096.0,,2,106,No,Fashion,76,Low
C07826,18,Employed,106605.0,751.0,7,1210,No,Fashion,109,Low
C07827,22,Employed,43847.0,807.0,2,194,No,Electronics,629,Low
C07828,64,Unemployed,10685.0,651.0,3,311,No,Fashion,141,Low
C07829,23,Employed,71030.0,759.0,0,0,Yes,Groceries/Essentials,10,Low
C07830,36,Freelancer,61950.0,711.0,1,178,No,Home/Furniture,428,Low
C07831,19,Student,21918.0,578.0,1,65,No,Electronics,465,Low
C07832,18,Unemployed,14072.0,675.0,5,726,No,Fashion,137,Medium
C07833,22,Student,12177.0,475.0,2,420,Yes,Home/Furniture,527,Medium
C07834,24,Employed,48404.0,684.0,3,588,No,Travel,511,Low
C07835,22,Freelancer,42920.0,724.0,5,599,No,Home/Furniture,300,Low
C07836,35,Unemployed,28070.0,515.0,3,457,Yes,Travel,1115,Medium
C07837,20,Employed,80984.0,708.0,2,373,No,Fashion,86,Low
C07838,43,Freelancer,54462.0,637.0,1,161,Yes,Home/Furniture,315,Low
C07839,23,Employed,51825.0,738.0,2,136,No,Fashion,83,Low
C07840,25,Freelancer,72263.0,610.0,2,122,No,Travel,796,Low
C07841,20,Employed,40059.0,616.0,4,685,Yes,Fashion,65,Low
C07842,37,Student,6631.0,625.0,8,1421,No,Groceries/Essentials,39,High
C07843,58,Employed,53992.0,688.0,7,614,No,Fashion,115,Low
C07844,36,Employed,74884.0,658.0,5,682,No,Fashion,47,Low
C07845,30,Student,21576.0,531.0,4,651,Yes,Electronics,475,Medium
C07846,36,Freelancer,87173.0,716.0,1,219,No,Electronics,523,Low
C07847,56,Student,15288.0,609.0,7,1120,Yes,Home/Furniture,316,High
C07848,28,Employed,83686.0,604.0,2,380,Yes,Fashion,18,Low
C07849,19,Student,22184.0,533.0,4,512,Yes,Electronics,496,Medium
C07850,41,Employed,42021.0,754.0,4,382,No,Home/Furniture,339,Low
C07851,59,Employed,79896.0,698.0,5,658,No,Electronics,371,Low
C07852,18,Student,16620.0,510.0,2,122,Yes,Fashion,91,Low
C07853,33,Employed,91110.0,704.0,5,1202,Yes,Fashion,81,Low
C07854,24,Employed,69701.0,711.0,1,141,No,Groceries/Essentials,19,Low
C07855,30,Employed,77888.0,683.0,3,659,No,Fashion,68,Low
C07856,30,Freelancer,80839.0,552.0,3,604,Yes,Travel,773,Low
C07857,22,Employed,41941.0,648.0,1,59,Yes,Home/Furniture,314,Low
C07858,50,Student,27217.0,652.0,0,0,No,Groceries/Essentials,68,Low
C07859,27,Student,11839.0,611.0,2,227,Yes,Electronics,550,Medium
C07860,22,Student,13958.0,515.0,1,162,Yes,Home/Furniture,628,Low
C07861,30,Employed,61024.0,804.0,3,453,No,Electronics,329,Low
C07862,51,Freelancer,50289.0,773.0,5,685,No,Fashion,105,Low
C07863,35,Employed,34599.0,760.0,1,126,No,Home/Furniture,316,Low
C07864,35,Employed,81107.0,716.0,2,318,No,Electronics,499,Low
C07865,29,Employed,41186.0,714.0,9,1783,No,Fashion,116,Medium
C07866,27,Student,22400.0,682.0,4,506,No,Home/Furniture,543,Low
C07867,35,Employed,57322.0,700.0,4,703,No,Travel,867,Low
C07868,51,Freelancer,72545.0,,4,600,No,Home/Furniture,404,Low
C07869,36,Employed,95338.0,774.0,7,909,Yes,Travel,634,Low
C07870,53,Freelancer,45605.0,711.0,5,785,No,Electronics,410,Low
C07871,18,Student,14786.0,563.0,5,1001,No,Electronics,361,High
C07872,20,Employed,72356.0,,1,172,No,Fashion,73,Low
C07873,24,Freelancer,61253.0,555.0,1,150,No,Travel,1070,Low
C07874,54,Employed,37793.0,702.0,2,437,No,Home/Furniture,512,Low
C07875,23,Freelancer,48965.0,582.0,2,366,No,Electronics,632,Low
C07876,19,Freelancer,87812.0,,3,509,Yes,Home/Furniture,404,Low
C07877,37,Student,16134.0,535.0,1,149,Yes,Fashion,53,Low
C07878,28,Student,15164.0,596.0,10,2184,Yes,Electronics,492,High
C07879,32,Employed,102119.0,627.0,0,0,Yes,Travel,1137,Low
C07880,28,Employed,87576.0,654.0,2,314,No,Fashion,100,Low
C07881,21,Employed,85936.0,723.0,0,0,No,Fashion,68,Low
C07882,29,Freelancer,92612.0,621.0,2,375,No,Electronics,510,Low
C07883,55,Freelancer,63201.0,505.0,4,643,Yes,Electronics,414,Low
C07884,40,Employed,31232.0,726.0,1,153,No,Fashion,156,Low
C07885,51,Employed,52781.0,684.0,1,66,No,Fashion,138,Low
C07886,27,Student,14928.0,694.0,1,142,No,Electronics,316,Low
C07887,53,Unemployed,14803.0,477.0,1,75,Yes,Home/Furniture,300,Low
C07888,32,Employed,66441.0,697.0,2,320,Yes,Home/Furniture,385,Low
C07889,20,Employed,89786.0,721.0,1,203,No,Electronics,474,Low
C07890,42,Employed,63878.0,635.0,2,461,Yes,Electronics,611,Low
C07891,22,Employed,78013.0,726.0,1,118,No,Home/Furniture,631,Low
C07892,29,Freelancer,13883.0,560.0,4,788,Yes,Electronics,339,High
C07893,22,Employed,60769.0,704.0,1,199,No,Electronics,691,Low
C07894,51,Employed,80637.0,679.0,2,235,No,Fashion,113,Low
C07895,38,Employed,54387.0,699.0,1,151,No,Electronics,724,Low
C07896,25,Employed,71932.0,714.0,4,236,No,Fashion,99,Low
C07897,21,Employed,91792.0,746.0,1,114,No,Fashion,42,Low
C07898,55,Employed,78572.0,716.0,1,125,Yes,Fashion,156,Low
C07899,22,Student,15914.0,600.0,1,221,Yes,Fashion,91,Low
C07900,64,Unemployed,5000.0,545.0,2,212,Yes,Electronics,388,High
C07901,33,Employed,72887.0,623.0,5,1212,Yes,Fashion,96,Medium
C07902,22,Freelancer,76033.0,781.0,1,137,No,Fashion,88,Low
C07903,26,Student,19845.0,,2,389,No,Fashion,88,Low
C07904,28,Employed,72357.0,680.0,2,388,No,Fashion,105,Low
C07905,26,Employed,76833.0,695.0,4,436,No,Home/Furniture,260,Low
C07906,37,Freelancer,91021.0,689.0,6,1089,No,Electronics,729,Low
C07907,26,Employed,,722.0,7,1079,Yes,Electronics,641,Low
C07908,28,Employed,62976.0,621.0,1,186,Yes,Fashion,103,Low
C07909,24,Freelancer,49946.0,635.0,1,163,No,Fashion,92,Low
C07910,23,Employed,75843.0,671.0,2,367,No,Electronics,406,Low
C07911,57,Freelancer,16516.0,605.0,2,433,Yes,Electronics,669,Medium
C07912,22,Freelancer,72318.0,664.0,2,216,No,Fashion,57,Low
C07913,38,Employed,34685.0,625.0,1,215,Yes,Fashion,112,Low
C07914,30,Freelancer,61274.0,551.0,4,458,No,Groceries/Essentials,41,Low
C07915,26,Student,13674.0,606.0,0,0,No,Electronics,301,Low
C07916,20,Freelancer,72468.0,743.0,2,394,Yes,Fashion,41,Low
C07917,24,Employed,118314.0,767.0,0,0,No,Fashion,69,Low
C07918,33,Freelancer,5000.0,582.0,4,487,No,Fashion,82,High
C07919,38,Freelancer,10347.0,647.0,1,64,No,Fashion,130,Low
C07920,47,Student,22705.0,699.0,3,406,No,Home/Furniture,346,Low
C07921,27,Employed,33262.0,786.0,2,210,No,Home/Furniture,279,Low
C07922,41,Student,7790.0,547.0,2,308,No,Fashion,47,Medium
C07923,22,Freelancer,42315.0,741.0,4,603,No,Electronics,528,Low
C07924,33,Employed,46622.0,748.0,1,138,No,Electronics,379,Low
C07925,36,Student,18559.0,573.0,1,114,No,Fashion,137,Low
C07926,48,Employed,38795.0,767.0,0,0,No,Travel,751,Low
C07927,54,Employed,85982.0,755.0,2,273,Yes,Fashion,74,Low
C07928,41,Employed,61825.0,607.0,4,370,Yes,Fashion,104,Low
C07929,34,Employed,68609.0,707.0,5,1124,No,Electronics,500,Low
C07930,40,Student,13930.0,642.0,4,528,No,Fashion,74,Medium
C07931,30,Employed,80017.0,635.0,1,158,No,Fashion,53,Low
C07932,20,Employed,37766.0,703.0,4,351,No,Fashion,89,Low
C07933,25,Freelancer,106922.0,632.0,4,404,No,Groceries/Essentials,73,Low
C07934,31,Employed,75570.0,739.0,5,725,No,Electronics,342,Low
C07935,55,Freelancer,67614.0,687.0,3,541,No,Travel,428,Low
C07936,28,Student,10469.0,462.0,3,335,Yes,Fashion,117,Medium
C07937,57,Freelancer,58685.0,587.0,1,116,No,Fashion,109,Low
C07938,30,Employed,48217.0,740.0,2,412,No,Fashion,95,Low
C07939,30,Unemployed,5000.0,630.0,1,216,Yes,Electronics,635,High
C07940,62,Unemployed,5035.0,469.0,8,1096,Yes,Fashion,66,High
C07941,62,Student,21474.0,497.0,1,201,Yes,Fashion,101,Low
C07942,23,Employed,79198.0,631.0,1,154,No,Travel,806,Low
C07943,25,Employed,93789.0,635.0,2,193,No,Electronics,601,Low
C07944,45,Student,22433.0,523.0,1,220,Yes,Electronics,505,Low
C07945,24,Student,13136.0,520.0,4,700,No,Electronics,668,High
C07946,18,Freelancer,70889.0,655.0,3,356,No,Electronics,387,Low
C07947,22,Student,9036.0,422.0,3,488,No,Fashion,87,Medium
C07948,56,Freelancer,61971.0,566.0,0,0,Yes,Electronics,639,Low
C07949,34,Student,25263.0,685.0,5,1048,Yes,Travel,957,High
C07950,24,Employed,76486.0,730.0,1,125,No,Electronics,428,Low
C07951,32,Employed,55163.0,754.0,4,647,Yes,Home/Furniture,318,Low
C07952,19,Employed,39094.0,728.0,0,0,No,Electronics,687,Low
C07953,40,Freelancer,5877.0,661.0,0,0,No,Fashion,57,Low
C07954,22,Employed,102570.0,675.0,3,451,No,Fashion,48,Low
C07955,46,Employed,47147.0,674.0,3,659,No,Electronics,738,Low
C07956,23,Employed,48514.0,763.0,3,423,No,Travel,997,Low
C07957,22,Employed,70536.0,700.0,4,548,No,Electronics,702,Low
C07958,35,Student,18349.0,650.0,1,74,No,Electronics,421,Low
C07959,30,Employed,63269.0,684.0,3,341,No,Fashion,40,Low
C07960,59,Employed,85223.0,705.0,0,0,No,Home/Furniture,305,Low
C07961,18,Unemployed,20396.0,548.0,1,162,No,Electronics,453,Low
C07962,19,Student,23300.0,537.0,1,157,Yes,Electronics,461,Low
C07963,53,Employed,65691.0,677.0,3,435,No,Fashion,93,Low
C07964,24,Employed,20868.0,747.0,1,225,No,Fashion,31,Low
C07965,33,Employed,85095.0,624.0,4,762,No,Fashion,97,Low
C07966,62,Freelancer,53458.0,653.0,2,258,No,Home/Furniture,317,Low
C07967,46,Employed,74849.0,659.0,1,199,No,Fashion,183,Low
C07968,25,Employed,67580.0,714.0,6,1488,No,Home/Furniture,344,Low
C07969,25,Employed,,726.0,2,294,No,Electronics,569,Low
C07970,49,Employed,93197.0,756.0,7,778,No,Electronics,602,Low
C07971,31,Employed,34451.0,693.0,1,75,No,Fashion,94,Low
C07972,52,Student,15679.0,601.0,4,853,No,Fashion,175,Medium
C07973,40,Employed,58951.0,602.0,1,184,No,Fashion,123,Low
C07974,22,Employed,84566.0,707.0,1,236,No,Travel,747,Low
C07975,23,Employed,88889.0,639.0,2,328,No,Home/Furniture,429,Low
C07976,21,Student,12870.0,625.0,2,154,Yes,Travel,856,Low
C07977,23,Student,15139.0,591.0,0,0,No,Fashion,163,Low
C07978,20,Employed,75346.0,763.0,1,140,No,Home/Furniture,227,Low
C07979,57,Unemployed,5000.0,386.0,1,62,Yes,Fashion,88,Medium
C07980,19,Student,14270.0,611.0,0,0,No,Fashion,120,Low
C07981,62,Employed,55725.0,656.0,2,179,No,Home/Furniture,422,Low
C07982,34,Employed,63760.0,794.0,1,97,No,Home/Furniture,535,Low
C07983,28,Employed,69694.0,764.0,1,69,No,Electronics,390,Low
C07984,41,Employed,77592.0,680.0,3,327,Yes,Electronics,696,Low
C07985,26,Freelancer,67117.0,657.0,2,221,No,Home/Furniture,451,Low
C07986,18,Employed,59511.0,677.0,5,418,No,Electronics,395,Low
C07987,23,Freelancer,48310.0,649.0,4,445,No,Travel,682,Low
C07988,24,Employed,74938.0,713.0,3,478,No,Electronics,327,Low
C07989,34,Employed,76066.0,664.0,3,615,No,Fashion,68,Low
C07990,19,Employed,89678.0,630.0,0,0,Yes,Home/Furniture,224,Low
C07991,49,Employed,62808.0,697.0,0,0,No,Electronics,332,Low
C07992,38,Freelancer,49679.0,765.0,3,363,No,Fashion,100,Low
C07993,23,Employed,93003.0,671.0,3,756,No,Fashion,96,Low
C07994,47,Student,,581.0,2,315,No,Fashion,143,Low
C07995,24,Unemployed,13103.0,596.0,2,392,No,Electronics,655,Low
C07996,20,Employed,58681.0,755.0,3,531,No,Electronics,398,Low
C07997,27,Freelancer,47662.0,687.0,1,78,No,Home/Furniture,305,Low
C07998,31,Employed,65991.0,619.0,4,484,Yes,Electronics,642,Low
C07999,35,Freelancer,,736.0,7,1365,No,Fashion,97,High
C08000,34,Employed,85984.0,669.0,0,0,No,Home/Furniture,326,Low
C08001,19,Employed,66050.0,726.0,4,697,Yes,Travel,578,Low
C08002,18,Employed,73900.0,733.0,2,465,No,Fashion,91,Low
C08003,32,Student,15692.0,648.0,5,832,Yes,Travel,970,High
C08004,35,Unemployed,11328.0,676.0,2,335,No,Home/Furniture,432,Low
C08005,22,Freelancer,49820.0,703.0,5,1265,No,Fashion,71,Low
C08006,23,Employed,53796.0,680.0,1,149,No,Electronics,541,Low
C08007,26,Employed,72282.0,663.0,0,0,No,Electronics,387,Low
C08008,39,Employed,77730.0,766.0,2,326,No,Electronics,446,Low
C08009,38,Employed,105352.0,620.0,1,270,Yes,Travel,512,Low
C08010,45,Student,17116.0,664.0,4,765,No,Electronics,380,Medium
C08011,23,Employed,85207.0,661.0,2,368,No,Home/Furniture,542,Low
C08012,23,Employed,61580.0,720.0,0,0,No,Electronics,424,Low
C08013,19,Employed,86220.0,775.0,3,379,No,Electronics,315,Low
C08014,33,Employed,52168.0,781.0,4,767,No,Fashion,146,Low
C08015,30,Employed,82442.0,678.0,2,391,No,Fashion,112,Low
C08016,23,Employed,75892.0,,1,107,No,Fashion,144,Low
C08017,55,Unemployed,5000.0,486.0,1,192,Yes,Home/Furniture,475,High
C08018,27,Student,,689.0,1,164,Yes,Electronics,620,Low
C08019,22,Employed,70027.0,684.0,3,546,No,Electronics,868,Low
C08020,36,Employed,50738.0,659.0,3,461,No,Home/Furniture,232,Low
C08021,63,Employed,82895.0,676.0,0,0,No,Fashion,61,Low
C08022,27,Freelancer,55856.0,546.0,4,562,Yes,Electronics,612,Low
C08023,23,Freelancer,73271.0,628.0,3,301,No,Electronics,667,Low
C08024,28,Freelancer,63864.0,673.0,3,166,No,Electronics,502,Low
C08025,42,Employed,86787.0,681.0,1,121,Yes,Travel,1159,Low
C08026,19,Employed,90229.0,686.0,2,323,No,Travel,863,Low
C08027,39,Freelancer,51526.0,588.0,2,429,No,Fashion,93,Low
C08028,36,Employed,93955.0,725.0,1,104,No,Fashion,61,Low
C08029,29,Student,14650.0,718.0,3,334,No,Fashion,175,Low
C08030,38,Employed,34690.0,742.0,4,841,No,Fashion,152,Low
C08031,24,Freelancer,40952.0,592.0,1,244,No,Fashion,157,Low
C08032,28,Unemployed,12881.0,550.0,7,1269,No,Travel,614,High
C08033,60,Student,15929.0,684.0,2,302,No,Fashion,75,Low
C08034,50,Employed,39261.0,763.0,4,954,No,Fashion,94,Low
C08035,53,Freelancer,53083.0,684.0,2,285,No,Fashion,73,Low
C08036,20,Freelancer,107945.0,658.0,3,459,No,Fashion,121,Low
C08037,33,Employed,65192.0,687.0,1,172,No,Fashion,61,Low
C08038,20,Employed,43147.0,715.0,1,64,No,Electronics,349,Low
C08039,48,Employed,55456.0,678.0,2,156,No,Fashion,117,Low
C08040,48,Employed,66595.0,781.0,2,280,No,Home/Furniture,566,Low
C08041,18,Unemployed,14856.0,542.0,3,294,Yes,Fashion,92,Medium
C08042,56,Employed,70917.0,743.0,5,872,No,Home/Furniture,289,Low
C08043,50,Employed,81788.0,681.0,3,328,No,Electronics,561,Low
C08044,50,Employed,100912.0,688.0,3,377,No,Home/Furniture,391,Low
C08045,23,Employed,31095.0,715.0,0,0,No,Electronics,600,Low
C08046,25,Employed,120367.0,671.0,4,207,No,Fashion,89,Low
C08047,24,Student,14217.0,708.0,1,133,No,Electronics,542,Low
C08048,64,Employed,117841.0,736.0,1,160,Yes,Electronics,451,Low
C08049,44,Employed,80182.0,728.0,2,592,No,Fashion,50,Low
C08050,40,Employed,67579.0,850.0,2,439,No,Home/Furniture,414,Low
C08051,20,Employed,72400.0,674.0,2,365,No,Home/Furniture,195,Low
C08052,20,Employed,48100.0,674.0,4,758,No,Fashion,104,Low
C08053,20,Freelancer,53685.0,,2,357,No,Home/Furniture,251,Low
C08054,62,Student,12137.0,564.0,1,171,No,Fashion,45,Low
C08055,36,Student,10600.0,597.0,2,413,No,Fashion,57,Low
C08056,55,Freelancer,50527.0,563.0,2,367,Yes,Fashion,42,Low
C08057,23,Employed,63931.0,697.0,0,0,No,Fashion,103,Low
C08058,41,Employed,71827.0,575.0,0,0,No,Home/Furniture,410,Low
C08059,63,Student,12988.0,596.0,7,1290,Yes,Home/Furniture,378,High
C08060,19,Student,11539.0,476.0,5,742,Yes,Home/Furniture,454,High
C08061,30,Student,20687.0,664.0,1,181,No,Travel,882,Low
C08062,33,Unemployed,9587.0,524.0,3,353,Yes,Home/Furniture,489,High
C08063,27,Employed,28001.0,702.0,1,98,No,Fashion,73,Low
C08064,41,Student,22352.0,622.0,1,94,No,Fashion,110,Low
C08065,29,Freelancer,45569.0,664.0,3,387,No,Fashion,99,Low
C08066,24,Freelancer,75846.0,591.0,4,626,Yes,Home/Furniture,299,Low
C08067,62,Employed,68755.0,670.0,4,561,No,Home/Furniture,530,Low
C08068,40,Employed,72983.0,760.0,1,151,Yes,Fashion,59,Low
C08069,31,Employed,94460.0,724.0,1,115,No,Fashion,120,Low
C08070,28,Employed,67107.0,687.0,3,378,No,Electronics,275,Low
C08071,49,Freelancer,31235.0,623.0,3,559,Yes,Home/Furniture,467,Low
C08072,29,Employed,62719.0,674.0,1,126,No,Groceries/Essentials,14,Low
C08073,57,Employed,51355.0,743.0,6,1076,No,Fashion,70,Low
C08074,18,Employed,73087.0,645.0,2,301,No,Fashion,140,Low
C08075,18,Employed,49722.0,731.0,0,0,No,Travel,606,Low
C08076,31,Student,11314.0,777.0,0,0,No,Fashion,154,Low
C08077,19,Employed,,,4,735,No,Travel,997,Low
C08078,33,Student,7962.0,540.0,0,0,Yes,Home/Furniture,461,Low
C08079,26,Employed,80591.0,628.0,8,1681,Yes,Electronics,536,Medium
C08080,45,Employed,85615.0,635.0,0,0,Yes,Travel,1033,Low
C08081,20,Employed,67491.0,644.0,6,860,Yes,Electronics,600,Low
C08082,26,Student,21627.0,702.0,2,364,No,Fashion,113,Low
C08083,31,Employed,111986.0,637.0,0,0,No,Fashion,89,Low
C08084,32,Employed,37931.0,669.0,1,174,No,Groceries/Essentials,20,Low
C08085,44,Freelancer,20570.0,716.0,3,369,No,Electronics,303,Low
C08086,43,Unemployed,5828.0,630.0,0,0,No,Fashion,79,Low
C08087,25,Freelancer,49894.0,646.0,0,0,No,Electronics,210,Low
C08088,20,Employed,83784.0,780.0,1,156,No,Fashion,99,Low
C08089,26,Employed,83123.0,728.0,4,636,No,Electronics,694,Low
C08090,24,Employed,48525.0,720.0,1,200,No,Home/Furniture,440,Low
C08091,38,Employed,64787.0,694.0,1,118,No,Groceries/Essentials,91,Low
C08092,32,Employed,,743.0,0,0,No,Electronics,266,Low
C08093,24,Freelancer,64621.0,701.0,2,321,No,Fashion,155,Low
C08094,20,Employed,82625.0,798.0,2,319,No,Fashion,56,Low
C08095,22,Employed,76302.0,781.0,1,164,No,Fashion,70,Low
C08096,39,Employed,47613.0,746.0,1,194,No,Fashion,133,Low
C08097,32,Student,20194.0,530.0,0,0,Yes,Electronics,408,Low
C08098,39,Student,8994.0,590.0,3,646,Yes,Home/Furniture,511,High
C08099,34,Employed,83759.0,696.0,3,227,No,Home/Furniture,451,Low
C08100,36,Employed,80401.0,,1,112,No,Travel,1289,Low
C08101,60,Employed,51942.0,705.0,0,0,No,Fashion,46,Low
C08102,29,Employed,66678.0,737.0,5,1068,Yes,Electronics,697,Medium
C08103,52,Employed,68628.0,734.0,4,431,No,Fashion,67,Low
C08104,50,Employed,83468.0,650.0,1,44,No,Fashion,134,Low
C08105,42,Employed,69810.0,730.0,1,138,No,Electronics,100,Low
C08106,22,Employed,43419.0,713.0,4,512,No,Electronics,422,Low
C08107,28,Student,7871.0,536.0,3,750,Yes,Fashion,121,High
C08108,24,Employed,93665.0,809.0,4,661,No,Fashion,97,Low
C08109,62,Employed,110097.0,714.0,5,965,Yes,Electronics,502,Low
C08110,21,Employed,55042.0,761.0,1,160,No,Travel,644,Low
C08111,19,Employed,53990.0,756.0,1,58,No,Electronics,650,Low
C08112,32,Employed,78742.0,653.0,1,114,No,Travel,824,Low
C08113,36,Student,23115.0,717.0,2,430,No,Fashion,94,Low
C08114,35,Student,10562.0,611.0,1,187,No,Fashion,112,Low
C08115,38,Employed,96417.0,650.0,2,350,No,Electronics,205,Low
C08116,22,Employed,101146.0,666.0,3,425,No,Fashion,105,Low
C08117,43,Employed,107086.0,676.0,1,173,No,Electronics,590,Low
C08118,19,Freelancer,41516.0,635.0,2,215,Yes,Home/Furniture,498,Low
C08119,29,Employed,37224.0,744.0,3,442,No,Home/Furniture,322,Low
C08120,23,Employed,98561.0,676.0,1,111,No,Electronics,555,Low
C08121,42,Freelancer,96041.0,551.0,3,489,No,Fashion,122,Low
C08122,23,Employed,82098.0,683.0,4,845,No,Home/Furniture,532,Low
C08123,35,Employed,80161.0,747.0,2,312,No,Home/Furniture,296,Low
C08124,19,Employed,72376.0,673.0,1,136,No,Fashion,116,Low
C08125,42,Student,10502.0,725.0,3,533,No,Electronics,322,Medium
C08126,23,Employed,39626.0,,0,0,Yes,Fashion,74,Low
C08127,18,Employed,86325.0,731.0,1,76,No,Electronics,698,Low
C08128,31,Employed,69658.0,659.0,2,562,No,Home/Furniture,442,Low
C08129,42,Student,15948.0,521.0,4,430,Yes,Electronics,352,Medium
C08130,42,Freelancer,16693.0,664.0,8,1017,No,Electronics,638,High
C08131,48,Employed,75840.0,682.0,4,620,No,Electronics,360,Low
C08132,20,Employed,88501.0,700.0,1,232,No,Fashion,83,Low
C08133,20,Employed,60736.0,663.0,3,700,No,Electronics,708,Low
C08134,31,Employed,46448.0,698.0,4,753,No,Home/Furniture,429,Low
C08135,19,Employed,45251.0,641.0,1,150,No,Fashion,38,Low
C08136,34,Employed,74875.0,670.0,3,212,No,Fashion,99,Low
C08137,49,Employed,79260.0,756.0,1,122,No,Electronics,741,Low
C08138,55,Employed,54963.0,761.0,1,115,Yes,Electronics,470,Low
C08139,30,Employed,53749.0,758.0,1,182,No,Travel,517,Low
C08140,21,Employed,44616.0,742.0,1,97,No,Electronics,251,Low
C08141,20,Employed,73946.0,693.0,4,464,No,Fashion,110,Low
C08142,44,Freelancer,44354.0,752.0,1,197,No,Travel,896,Low
C08143,29,Student,10125.0,,1,157,No,Electronics,517,Low
C08144,35,Student,12761.0,612.0,1,140,Yes,Fashion,37,Low
C08145,19,Employed,61386.0,697.0,1,162,No,Fashion,77,Low
C08146,39,Employed,81458.0,809.0,0,0,No,Fashion,115,Low
C08147,45,Employed,39640.0,724.0,5,430,No,Electronics,399,Low
C08148,23,Freelancer,45024.0,614.0,2,387,No,Electronics,369,Low
C08149,26,Employed,73130.0,650.0,3,433,No,Home/Furniture,319,Low
C08150,38,Freelancer,5000.0,604.0,1,131,No,Home/Furniture,508,Low
C08151,22,Unemployed,12498.0,559.0,4,140,Yes,Fashion,49,Medium
C08152,20,Employed,65006.0,657.0,2,115,No,Travel,769,Low
C08153,38,Employed,,698.0,4,398,No,Travel,930,Low
C08154,21,Employed,80654.0,725.0,2,173,No,Travel,593,Low
C08155,25,Employed,60273.0,,4,589,No,Fashion,116,Low
C08156,24,Employed,10370.0,688.0,2,297,Yes,Travel,696,Low
C08157,44,Employed,93756.0,763.0,1,249,No,Electronics,543,Low
C08158,20,Student,8138.0,697.0,2,460,No,Groceries/Essentials,59,Medium
C08159,38,Employed,50165.0,682.0,3,498,No,Electronics,578,Low
C08160,28,Employed,53647.0,723.0,2,344,No,Electronics,495,Low
C08161,56,Student,14181.0,576.0,4,317,No,Home/Furniture,292,Low
C08162,50,Employed,,639.0,4,744,Yes,Home/Furniture,336,Low
C08163,55,Employed,70652.0,700.0,0,0,Yes,Fashion,32,Low
C08164,18,Employed,76401.0,707.0,3,393,No,Fashion,165,Low
C08165,34,Employed,70604.0,760.0,2,357,No,Fashion,121,Low
C08166,19,Freelancer,85087.0,618.0,3,319,No,Travel,1038,Low
C08167,60,Employed,64992.0,674.0,0,0,No,Fashion,117,Low
C08168,32,Student,18906.0,522.0,1,186,Yes,Fashion,47,Low
C08169,55,Student,17301.0,511.0,2,329,Yes,Travel,777,Medium
C08170,39,Employed,105112.0,662.0,2,346,No,Home/Furniture,322,Low
C08171,50,Employed,111005.0,631.0,2,413,No,Fashion,73,Low
C08172,58,Employed,57867.0,706.0,3,364,No,Groceries/Essentials,10,Low
C08173,38,Employed,85279.0,811.0,3,240,No,Electronics,473,Low
C08174,28,Employed,93522.0,654.0,3,477,No,Electronics,549,Low
C08175,32,Student,13795.0,608.0,8,1006,Yes,Fashion,82,High
C08176,26,Freelancer,29066.0,,2,219,No,Fashion,33,Low
C08177,52,Employed,78919.0,763.0,3,390,Yes,Travel,979,Low
C08178,45,Student,13815.0,,4,533,Yes,Fashion,171,High
C08179,64,Employed,62488.0,628.0,3,331,No,Fashion,11,Low
C08180,40,Employed,54825.0,727.0,4,723,No,Fashion,34,Low
C08181,30,Unemployed,5000.0,538.0,3,572,Yes,Fashion,132,High
C08182,27,Employed,82667.0,681.0,1,153,No,Travel,887,Low
C08183,36,Employed,53987.0,758.0,1,120,No,Fashion,195,Low
C08184,24,Student,10121.0,662.0,5,733,No,Electronics,381,High
C08185,29,Employed,40768.0,733.0,0,0,No,Fashion,69,Low
C08186,28,Employed,59314.0,623.0,2,264,No,Electronics,500,Low
C08187,23,Employed,68438.0,706.0,1,107,No,Fashion,169,Low
C08188,25,Student,,568.0,3,454,No,Fashion,58,Low
C08189,20,Employed,80268.0,730.0,2,300,No,Fashion,94,Low
C08190,18,Freelancer,8115.0,688.0,3,261,No,Groceries/Essentials,39,Low
C08191,20,Employed,85668.0,758.0,1,251,Yes,Fashion,99,Low
C08192,33,Student,17133.0,623.0,1,158,Yes,Electronics,447,Low
C08193,25,Employed,39197.0,686.0,1,212,No,Fashion,57,Low
C08194,22,Employed,40955.0,662.0,6,570,No,Electronics,348,Low
C08195,19,Student,13017.0,547.0,3,496,Yes,Fashion,45,Medium
C08196,44,Student,19021.0,557.0,2,165,Yes,Fashion,106,Low
C08197,28,Employed,85722.0,698.0,3,129,No,Electronics,327,Low
C08198,21,Employed,72124.0,764.0,3,651,Yes,Groceries/Essentials,71,Low
C08199,43,Employed,76494.0,631.0,4,604,No,Travel,1039,Low
C08200,23,Employed,59638.0,720.0,5,1017,No,Electronics,480,Low
C08201,19,Student,16036.0,631.0,2,217,Yes,Electronics,570,Low
C08202,45,Freelancer,21293.0,675.0,1,218,No,Groceries/Essentials,64,Low
C08203,64,Student,16855.0,627.0,0,0,No,Electronics,481,Low
C08204,56,Employed,49433.0,672.0,1,202,Yes,Groceries/Essentials,64,Low
C08205,26,Employed,54770.0,572.0,6,1290,No,Fashion,119,Low
C08206,34,Employed,72491.0,700.0,1,254,No,Electronics,362,Low
C08207,32,Student,16226.0,634.0,1,208,Yes,Home/Furniture,348,Low
C08208,39,Student,15089.0,516.0,3,300,Yes,Electronics,396,Low
C08209,26,Employed,59899.0,723.0,0,0,No,Home/Furniture,343,Low
C08210,61,Freelancer,26310.0,586.0,3,598,No,Home/Furniture,406,Low
C08211,23,Employed,64344.0,723.0,5,566,No,Fashion,111,Low
C08212,20,Student,15235.0,523.0,2,559,Yes,Electronics,589,High
C08213,19,Employed,99200.0,681.0,2,245,No,Home/Furniture,382,Low
C08214,44,Employed,92084.0,742.0,4,471,No,Electronics,540,Low
C08215,41,Employed,82951.0,750.0,2,385,Yes,Electronics,675,Low
C08216,18,Employed,94411.0,764.0,2,337,No,Fashion,211,Low
C08217,18,Employed,94137.0,686.0,2,365,Yes,Fashion,131,Low
C08218,23,Employed,64941.0,632.0,7,791,No,Fashion,203,Low
C08219,23,Freelancer,37507.0,647.0,0,0,No,Home/Furniture,520,Low
C08220,19,Student,21976.0,624.0,3,293,Yes,Fashion,160,Low
C08221,38,Employed,49133.0,647.0,0,0,Yes,Travel,644,Low
C08222,19,Employed,78495.0,784.0,0,0,No,Electronics,259,Low
C08223,29,Employed,75886.0,726.0,3,500,No,Electronics,473,Low
C08224,49,Student,20904.0,460.0,8,1661,Yes,Home/Furniture,355,High
C08225,25,Employed,75058.0,698.0,3,220,No,Electronics,454,Low
C08226,39,Employed,70825.0,656.0,0,0,No,Fashion,81,Low
C08227,54,Student,20744.0,617.0,1,224,No,Electronics,758,Low
C08228,34,Employed,85081.0,658.0,0,0,No,Home/Furniture,488,Low
C08229,21,Employed,47694.0,715.0,4,626,No,Travel,828,Low
C08230,18,Freelancer,92986.0,716.0,0,0,No,Fashion,113,Low
C08231,38,Unemployed,7541.0,709.0,0,0,Yes,Fashion,43,Low
C08232,20,Student,19254.0,552.0,1,127,No,Groceries/Essentials,48,Low
C08233,22,Employed,47160.0,651.0,2,281,No,Fashion,85,Low
C08234,19,Employed,82588.0,711.0,7,1302,No,Electronics,550,Low
C08235,31,Employed,69787.0,618.0,0,0,Yes,Electronics,743,Low
C08236,21,Employed,86566.0,730.0,1,119,No,Electronics,413,Low
C08237,27,Employed,76305.0,714.0,2,208,No,Electronics,593,Low
C08238,41,Unemployed,5000.0,493.0,5,1061,No,Electronics,130,High
C08239,41,Freelancer,38920.0,572.0,0,0,No,Electronics,527,Low
C08240,20,Freelancer,37686.0,726.0,4,449,No,Fashion,114,Low
C08241,26,Employed,48140.0,730.0,4,826,No,Fashion,98,Low
C08242,33,Freelancer,95536.0,730.0,1,116,No,Fashion,68,Low
C08243,40,Employed,80721.0,733.0,2,334,No,Travel,766,Low
C08244,19,Freelancer,63593.0,646.0,5,1082,No,Fashion,135,Low
C08245,24,Employed,92064.0,615.0,2,361,Yes,Home/Furniture,446,Low
C08246,58,Employed,68317.0,693.0,1,205,No,Electronics,401,Low
C08247,48,Student,19574.0,510.0,10,1815,No,Home/Furniture,262,High
C08248,23,Freelancer,57642.0,739.0,2,222,No,Fashion,110,Low
C08249,20,Employed,116466.0,750.0,1,165,No,Electronics,737,Low
C08250,55,Student,10849.0,696.0,4,684,Yes,Home/Furniture,372,High
C08251,52,Student,23850.0,578.0,0,0,No,Groceries/Essentials,53,Low
C08252,29,Unemployed,9725.0,534.0,1,117,No,Groceries/Essentials,57,Low
C08253,25,Student,17568.0,573.0,1,282,No,Travel,821,Low
C08254,30,Employed,62267.0,557.0,4,755,No,Fashion,78,Low
C08255,47,Freelancer,58796.0,704.0,6,1046,No,Travel,1180,Low
C08256,53,Employed,81051.0,666.0,4,502,No,Fashion,62,Low
C08257,18,Employed,32089.0,635.0,2,142,Yes,Electronics,306,Low
C08258,50,Employed,59072.0,674.0,3,606,No,Electronics,333,Low
C08259,52,Employed,95296.0,663.0,1,150,No,Fashion,71,Low
C08260,55,Student,10304.0,674.0,2,213,Yes,Fashion,172,Low
C08261,19,Unemployed,18497.0,583.0,6,1184,No,Fashion,139,High
C08262,39,Employed,46628.0,760.0,3,328,Yes,Home/Furniture,373,Low
C08263,28,Freelancer,92416.0,563.0,2,321,Yes,Electronics,475,Low
C08264,25,Freelancer,57984.0,689.0,1,125,No,Fashion,140,Low
C08265,18,Employed,54701.0,681.0,1,138,No,Electronics,727,Low
C08266,29,Employed,75757.0,629.0,3,473,No,Electronics,173,Low
C08267,19,Employed,31129.0,651.0,2,167,No,Electronics,340,Low
C08268,28,Employed,56233.0,719.0,2,496,No,Home/Furniture,514,Low
C08269,36,Employed,100564.0,695.0,3,393,No,Fashion,109,Low
C08270,53,Employed,45944.0,654.0,3,492,No,Groceries/Essentials,81,Low
C08271,34,Student,10581.0,688.0,1,156,No,Groceries/Essentials,48,Low
C08272,20,Employed,56586.0,727.0,1,81,No,Travel,1122,Low
C08273,38,Unemployed,6325.0,,0,0,No,Electronics,455,Low
C08274,24,Employed,89832.0,724.0,3,225,Yes,Home/Furniture,586,Low
C08275,19,Unemployed,7292.0,429.0,2,340,No,Fashion,139,High
C08276,20,Student,16589.0,652.0,0,0,No,Fashion,71,Low
C08277,46,Freelancer,42737.0,606.0,2,209,No,Fashion,129,Low
C08278,24,Employed,59083.0,696.0,2,445,No,Home/Furniture,399,Low
C08279,51,Employed,86126.0,712.0,3,748,No,Fashion,79,Low
C08280,52,Student,8688.0,670.0,0,0,No,Electronics,508,Low
C08281,21,Employed,26580.0,743.0,0,0,No,Fashion,155,Low
C08282,42,Employed,79098.0,664.0,2,96,No,Electronics,181,Low
C08283,26,Employed,78947.0,695.0,4,968,No,Electronics,540,Low
C08284,36,Unemployed,18189.0,553.0,1,128,No,Fashion,94,Low
C08285,50,Employed,51959.0,693.0,3,613,No,Fashion,174,Low
C08286,34,Employed,92525.0,755.0,2,313,Yes,Electronics,326,Low
C08287,34,Employed,52753.0,655.0,1,182,No,Travel,706,Low
C08288,20,Employed,78931.0,769.0,3,641,No,Groceries/Essentials,39,Low
C08289,19,Freelancer,15417.0,562.0,0,0,No,Travel,641,Low
C08290,19,Freelancer,47281.0,632.0,0,0,No,Electronics,212,Low
C08291,23,Student,5301.0,524.0,1,148,No,Electronics,448,Low
C08292,56,Employed,109277.0,740.0,3,485,No,Home/Furniture,487,Low
C08293,20,Employed,75550.0,637.0,0,0,Yes,Fashion,112,Low
C08294,23,Employed,74941.0,589.0,2,379,No,Home/Furniture,491,Low
C08295,53,Student,17714.0,645.0,1,128,No,Electronics,545,Low
C08296,34,Employed,66321.0,596.0,1,233,No,Fashion,83,Low
C08297,29,Employed,76473.0,668.0,2,355,Yes,Fashion,142,Low
C08298,24,Student,21717.0,610.0,1,148,Yes,Home/Furniture,504,Low
C08299,40,Employed,68916.0,728.0,7,1709,No,Fashion,42,Low
C08300,36,Employed,56167.0,733.0,3,395,No,Fashion,56,Low
C08301,44,Employed,66157.0,730.0,6,832,No,Electronics,635,Low
C08302,49,Employed,58462.0,658.0,3,640,No,Fashion,99,Low
C08303,34,Employed,37207.0,690.0,1,149,No,Fashion,106,Low
C08304,35,Freelancer,57258.0,562.0,1,127,No,Fashion,74,Low
C08305,47,Freelancer,63861.0,663.0,2,279,Yes,Electronics,624,Low
C08306,33,Freelancer,22378.0,664.0,4,901,No,Electronics,458,Medium
C08307,24,Student,16336.0,595.0,7,1132,No,Fashion,47,High
C08308,32,Employed,83332.0,714.0,2,258,No,Fashion,123,Low
C08309,20,Employed,,724.0,0,0,No,Fashion,60,Low
C08310,32,Employed,72751.0,675.0,5,713,No,Fashion,55,Low
C08311,19,Employed,66546.0,,1,240,No,Home/Furniture,299,Low
C08312,23,Employed,70705.0,679.0,2,437,No,Travel,917,Low
C08313,23,Employed,91062.0,777.0,2,419,No,Fashion,119,Low
C08314,30,Employed,87746.0,723.0,0,0,No,Fashion,80,Low
C08315,51,Employed,89759.0,663.0,3,658,No,Home/Furniture,525,Low
C08316,41,Employed,69715.0,667.0,5,650,No,Fashion,88,Low
C08317,57,Employed,93449.0,695.0,1,148,No,Fashion,54,Low
C08318,59,Employed,79556.0,769.0,0,0,No,Home/Furniture,431,Low
C08319,23,Student,12794.0,541.0,1,199,No,Electronics,630,Low
C08320,18,Freelancer,25697.0,694.0,3,272,No,Fashion,128,Low
C08321,26,Employed,107297.0,754.0,4,641,No,Travel,630,Low
C08322,44,Unemployed,5000.0,490.0,3,321,No,Electronics,689,High
C08323,30,Employed,66492.0,667.0,4,847,No,Fashion,97,Low
C08324,42,Student,13106.0,531.0,2,428,Yes,Fashion,34,Medium
C08325,27,Employed,75447.0,652.0,1,185,No,Travel,1129,Low
C08326,20,Employed,,672.0,5,493,Yes,Electronics,345,Low
C08327,36,Employed,76351.0,767.0,4,791,No,Home/Furniture,593,Low
C08328,31,Employed,85811.0,659.0,3,531,No,Travel,1063,Low
C08329,44,Employed,86893.0,680.0,5,1048,No,Fashion,149,Low
C08330,64,Employed,62802.0,692.0,0,0,No,Groceries/Essentials,56,Low
C08331,57,Employed,136662.0,711.0,2,365,No,Travel,699,Low
C08332,27,Employed,87693.0,628.0,2,279,No,Fashion,136,Low
C08333,19,Student,14977.0,545.0,1,145,Yes,Fashion,139,Low
C08334,26,Employed,83082.0,809.0,0,0,No,Fashion,193,Low
C08335,54,Freelancer,34363.0,687.0,4,652,No,Home/Furniture,289,Low
C08336,31,Unemployed,23820.0,506.0,10,1723,Yes,Travel,933,High
C08337,19,Employed,71404.0,756.0,1,124,No,Fashion,75,Low
C08338,64,Employed,58291.0,676.0,3,740,No,Fashion,153,Low
C08339,25,Employed,90478.0,733.0,5,1041,No,Electronics,98,Low
C08340,49,Student,5000.0,455.0,1,175,Yes,Home/Furniture,301,Medium
C08341,40,Employed,77429.0,722.0,3,405,No,Fashion,62,Low
C08342,19,Freelancer,92586.0,666.0,1,93,No,Electronics,313,Low
C08343,30,Student,12181.0,591.0,2,344,No,Electronics,572,Low
C08344,56,Student,10907.0,544.0,1,171,Yes,Fashion,130,Low
C08345,28,Student,13631.0,617.0,2,154,Yes,Home/Furniture,173,Low
C08346,22,Employed,67402.0,721.0,1,112,No,Travel,905,Low
C08347,35,Unemployed,5000.0,566.0,0,0,No,Electronics,425,Low
C08348,19,Employed,82349.0,643.0,1,114,No,Electronics,817,Low
C08349,54,Unemployed,16110.0,630.0,0,0,Yes,Electronics,442,Low
C08350,49,Employed,55086.0,801.0,1,83,No,Travel,612,Low
C08351,31,Student,6328.0,611.0,1,157,No,Electronics,566,Low
C08352,20,Employed,68418.0,680.0,0,0,No,Electronics,511,Low
C08353,19,Employed,69097.0,746.0,1,115,No,Travel,670,Low
C08354,25,Student,10269.0,602.0,0,0,No,Electronics,548,Low
C08355,38,Student,17190.0,718.0,4,696,No,Electronics,333,Low
C08356,18,Freelancer,19719.0,679.0,2,184,No,Fashion,115,Low
C08357,21,Employed,54316.0,639.0,1,133,No,Electronics,425,Low
C08358,24,Freelancer,57632.0,755.0,2,223,No,Fashion,188,Low
C08359,42,Employed,66828.0,678.0,2,448,No,Fashion,78,Low
C08360,20,Employed,61584.0,656.0,1,86,No,Fashion,66,Low
C08361,32,Student,13813.0,609.0,1,149,Yes,Travel,1142,Low
C08362,27,Student,17146.0,589.0,1,161,No,Electronics,344,Low
C08363,20,Employed,84398.0,708.0,2,220,No,Electronics,606,Low
C08364,48,Freelancer,53328.0,666.0,1,179,No,Travel,1234,Low
C08365,19,Employed,69042.0,663.0,8,806,No,Fashion,136,Low
C08366,27,Employed,48662.0,559.0,2,287,No,Fashion,98,Low
C08367,56,Freelancer,55915.0,601.0,1,175,Yes,Groceries/Essentials,58,Low
C08368,18,Employed,81124.0,755.0,8,1137,No,Travel,623,Low
C08369,18,Employed,91152.0,628.0,0,0,Yes,Electronics,525,Low
C08370,22,Freelancer,62677.0,645.0,6,1117,Yes,Fashion,109,Low
C08371,34,Student,9910.0,564.0,2,380,Yes,Fashion,125,Medium
C08372,23,Employed,67104.0,783.0,3,607,Yes,Electronics,569,Low
C08373,22,Unemployed,8379.0,538.0,2,389,Yes,Fashion,130,High
C08374,56,Employed,74674.0,737.0,1,260,No,Fashion,158,Low
C08375,19,Employed,66813.0,745.0,3,561,No,Fashion,108,Low
C08376,51,Student,13559.0,653.0,1,160,No,Electronics,291,Low
C08377,31,Employed,37359.0,602.0,2,312,No,Fashion,116,Low
C08378,28,Employed,59026.0,811.0,2,138,No,Fashion,168,Low
C08379,35,Student,17418.0,572.0,6,2003,Yes,Fashion,87,High
C08380,21,Employed,27830.0,686.0,0,0,Yes,Fashion,128,Low
C08381,18,Employed,89966.0,711.0,2,311,No,Travel,911,Low
C08382,26,Employed,67252.0,686.0,3,722,No,Fashion,68,Low
C08383,36,Student,7449.0,557.0,5,211,Yes,Groceries/Essentials,30,Medium
C08384,26,Employed,47738.0,655.0,0,0,No,Electronics,605,Low
C08385,19,Employed,93596.0,744.0,2,266,No,Fashion,133,Low
C08386,20,Student,18990.0,529.0,1,205,No,Fashion,89,Low
C08387,21,Employed,100247.0,650.0,5,1010,No,Fashion,110,Low
C08388,34,Unemployed,5000.0,479.0,3,402,Yes,Fashion,110,High
C08389,18,Freelancer,38244.0,583.0,0,0,Yes,Electronics,548,Low
C08390,23,Student,5575.0,651.0,2,189,No,Electronics,694,Low
C08391,49,Employed,92545.0,675.0,1,181,No,Travel,873,Low
C08392,39,Employed,66338.0,693.0,7,905,Yes,Electronics,308,Low
C08393,26,Student,17204.0,624.0,3,482,Yes,Fashion,91,Low
C08394,23,Freelancer,51237.0,683.0,2,302,No,Electronics,187,Low
C08395,31,Employed,79593.0,696.0,2,384,No,Electronics,666,Low
C08396,36,Employed,75207.0,723.0,3,353,No,Fashion,112,Low
C08397,23,Employed,59965.0,685.0,1,244,No,Fashion,141,Low
C08398,32,Student,19433.0,604.0,3,363,Yes,Fashion,169,Medium
C08399,44,Employed,48697.0,660.0,3,658,No,Travel,895,Low
C08400,39,Freelancer,15765.0,670.0,3,574,No,Electronics,327,Low
C08401,33,Employed,95910.0,754.0,1,178,No,Fashion,40,Low
C08402,23,Employed,87217.0,683.0,2,417,No,Fashion,137,Low
C08403,43,Employed,51248.0,667.0,2,413,No,Fashion,189,Low
C08404,30,Freelancer,48676.0,633.0,1,117,No,Travel,802,Low
C08405,53,Employed,58934.0,765.0,1,162,No,Groceries/Essentials,68,Low
C08406,26,Employed,41391.0,698.0,3,466,Yes,Fashion,145,Low
C08407,43,Unemployed,9133.0,454.0,0,0,Yes,Electronics,559,Low
C08408,30,Freelancer,60642.0,660.0,1,190,No,Fashion,67,Low
C08409,59,Employed,84197.0,748.0,2,222,No,Electronics,381,Low
C08410,48,Employed,45600.0,701.0,2,294,No,Home/Furniture,560,Low
C08411,41,Student,16455.0,,2,377,No,Groceries/Essentials,76,Low
C08412,27,Employed,74426.0,650.0,1,55,No,Fashion,139,Low
C08413,19,Student,22627.0,620.0,1,110,No,Fashion,95,Low
C08414,45,Employed,80987.0,734.0,1,165,No,Fashion,85,Low
C08415,19,Unemployed,21979.0,455.0,2,553,No,Electronics,279,Low
C08416,44,Employed,91560.0,681.0,3,335,Yes,Home/Furniture,524,Low
C08417,29,Employed,78065.0,738.0,8,855,No,Electronics,405,Low
C08418,52,Employed,49470.0,597.0,1,124,Yes,Fashion,123,Low
C08419,54,Employed,59588.0,705.0,3,126,No,Fashion,73,Low
C08420,32,Employed,93006.0,692.0,2,472,No,Groceries/Essentials,45,Low
C08421,55,Unemployed,10992.0,563.0,4,239,No,Electronics,393,Low
C08422,27,Employed,104132.0,669.0,3,458,No,Home/Furniture,312,Low
C08423,35,Unemployed,7906.0,569.0,1,100,No,Groceries/Essentials,54,Low
C08424,22,Student,23105.0,572.0,7,1268,Yes,Fashion,61,High
C08425,27,Unemployed,5000.0,658.0,1,39,No,Electronics,442,Low
C08426,49,Employed,82408.0,,0,0,No,Electronics,357,Low
C08427,49,Student,18973.0,513.0,0,0,Yes,Groceries/Essentials,58,Low
C08428,58,Employed,82512.0,643.0,1,129,Yes,Fashion,69,Low
C08429,31,Employed,76749.0,724.0,4,634,No,Fashion,75,Low
C08430,27,Employed,100632.0,698.0,2,132,No,Fashion,88,Low
C08431,33,Freelancer,31329.0,556.0,2,195,No,Home/Furniture,314,Low
C08432,29,Employed,89094.0,763.0,1,179,Yes,Travel,570,Low
C08433,20,Employed,73474.0,675.0,2,121,No,Electronics,707,Low
C08434,54,Student,19690.0,449.0,2,374,Yes,Electronics,635,Low
C08435,49,Employed,,649.0,1,125,Yes,Fashion,124,Low
C08436,18,Employed,101082.0,687.0,4,587,No,Groceries/Essentials,62,Low
C08437,22,Employed,60340.0,759.0,1,116,No,Home/Furniture,395,Low
C08438,54,Freelancer,5000.0,592.0,4,463,No,Fashion,61,High
C08439,34,Employed,38455.0,759.0,2,344,No,Fashion,43,Low
C08440,41,Employed,75671.0,692.0,7,1091,No,Electronics,503,Low
C08441,25,Student,17327.0,479.0,1,93,Yes,Fashion,190,Low
C08442,44,Employed,73880.0,585.0,5,1078,No,Fashion,68,Low
C08443,20,Employed,58430.0,743.0,3,398,No,Fashion,91,Low
C08444,43,Employed,42589.0,694.0,4,832,No,Fashion,133,Low
C08445,19,Freelancer,66697.0,522.0,4,489,Yes,Fashion,143,Medium
C08446,60,Employed,65146.0,656.0,0,0,Yes,Home/Furniture,433,Low
C08447,24,Employed,61640.0,692.0,5,763,No,Fashion,67,Low
C08448,64,Employed,91965.0,723.0,1,185,No,Electronics,866,Low
C08449,29,Employed,88777.0,694.0,4,594,No,Home/Furniture,418,Low
C08450,54,Employed,,661.0,4,342,No,Electronics,498,Low
C08451,39,Employed,80185.0,693.0,2,289,No,Electronics,614,Low
C08452,19,Employed,49014.0,716.0,1,119,No,Fashion,125,Low
C08453,62,Employed,43138.0,698.0,0,0,No,Fashion,90,Low
C08454,51,Employed,81829.0,640.0,1,176,Yes,Home/Furniture,428,Low
C08455,23,Student,11278.0,643.0,4,1002,Yes,Home/Furniture,461,High
C08456,35,Freelancer,21084.0,618.0,5,665,No,Groceries/Essentials,55,Medium
C08457,53,Unemployed,9742.0,501.0,1,127,Yes,Fashion,205,Medium
C08458,21,Employed,55677.0,,1,199,No,Electronics,392,Low
C08459,20,Employed,82624.0,759.0,2,82,Yes,Electronics,605,Low
C08460,25,Unemployed,16597.0,516.0,2,408,Yes,Electronics,409,Medium
C08461,27,Employed,70991.0,744.0,1,176,No,Fashion,120,Low
C08462,62,Employed,76912.0,668.0,3,615,No,Home/Furniture,487,Low
C08463,32,Student,14128.0,631.0,1,82,No,Home/Furniture,399,Low
C08464,20,Student,17383.0,608.0,1,246,No,Fashion,88,Low
C08465,39,Freelancer,13679.0,635.0,1,110,No,Home/Furniture,569,Low
C08466,37,Employed,68723.0,676.0,3,353,No,Electronics,411,Low
C08467,61,Student,25666.0,576.0,3,420,Yes,Fashion,93,Medium
C08468,25,Employed,67509.0,637.0,2,430,Yes,Groceries/Essentials,55,Low
C08469,38,Student,18021.0,635.0,2,312,Yes,Electronics,367,Low
C08470,34,Unemployed,14258.0,526.0,3,343,No,Electronics,543,Low
C08471,23,Student,12925.0,668.0,1,188,Yes,Electronics,456,Low
C08472,32,Employed,86251.0,657.0,4,767,No,Fashion,95,Low
C08473,25,Student,23283.0,557.0,1,101,No,Travel,991,Low
C08474,21,Student,5000.0,684.0,1,144,No,Fashion,124,Low
C08475,48,Employed,16630.0,703.0,3,108,No,Fashion,86,Low
C08476,43,Unemployed,12275.0,596.0,1,226,No,Groceries/Essentials,39,Low
C08477,22,Student,11155.0,548.0,4,787,Yes,Fashion,87,High
C08478,20,Employed,63446.0,744.0,2,428,No,Fashion,74,Low
C08479,25,Employed,58761.0,748.0,4,798,No,Home/Furniture,290,Low
C08480,37,Student,14686.0,647.0,2,179,No,Electronics,750,Low
C08481,32,Employed,76582.0,732.0,2,401,No,Electronics,676,Low
C08482,63,Employed,93638.0,701.0,2,341,Yes,Home/Furniture,616,Low
C08483,34,Student,16340.0,580.0,1,113,No,Home/Furniture,576,Low
C08484,32,Employed,72138.0,672.0,0,0,No,Fashion,126,Low
C08485,19,Employed,72935.0,768.0,0,0,No,Travel,880,Low
C08486,32,Employed,56036.0,721.0,2,335,No,Fashion,21,Low
C08487,37,Employed,,668.0,3,532,No,Travel,1076,Low
C08488,41,Student,17955.0,597.0,5,394,Yes,Fashion,90,Medium
C08489,21,Student,16841.0,530.0,4,589,Yes,Fashion,179,Medium
C08490,34,Freelancer,12383.0,629.0,1,67,No,Fashion,80,Low
C08491,53,Employed,74009.0,683.0,2,382,No,Electronics,382,Low
C08492,24,Freelancer,51861.0,750.0,3,520,No,Home/Furniture,319,Low
C08493,36,Student,9795.0,699.0,2,305,No,Home/Furniture,495,Low
C08494,54,Employed,61058.0,770.0,3,458,No,Groceries/Essentials,49,Low
C08495,48,Employed,45338.0,705.0,3,430,Yes,Fashion,42,Low
C08496,28,Employed,55878.0,723.0,2,215,No,Fashion,72,Low
C08497,29,Employed,54925.0,682.0,2,244,No,Fashion,124,Low
C08498,27,Employed,97767.0,745.0,0,0,No,Fashion,30,Low
C08499,52,Employed,,684.0,5,797,No,Fashion,68,Low
C08500,20,Freelancer,51644.0,713.0,2,288,Yes,Groceries/Essentials,62,Low
C08501,39,Unemployed,31591.0,612.0,2,93,Yes,Electronics,254,Low
C08502,24,Employed,73773.0,721.0,1,201,No,Fashion,94,Low
C08503,26,Freelancer,54833.0,813.0,2,510,Yes,Groceries/Essentials,36,Low
C08504,48,Student,9823.0,,7,1232,No,Home/Furniture,506,High
C08505,25,Freelancer,38815.0,586.0,1,110,No,Electronics,591,Low
C08506,62,Student,10429.0,700.0,2,358,No,Fashion,122,Low
C08507,18,Employed,82687.0,,5,1028,No,Fashion,145,Low
C08508,25,Freelancer,122052.0,618.0,1,119,No,Groceries/Essentials,57,Low
C08509,19,Employed,122288.0,694.0,3,645,No,Fashion,33,Low
C08510,21,Employed,65278.0,604.0,1,128,Yes,Fashion,62,Low
C08511,33,Employed,89795.0,652.0,2,363,No,Electronics,624,Low
C08512,27,Student,9387.0,569.0,6,1008,Yes,Electronics,601,High
C08513,42,Freelancer,48476.0,708.0,1,130,No,Fashion,91,Low
C08514,39,Unemployed,11505.0,447.0,2,264,Yes,Electronics,547,Medium
C08515,29,Freelancer,58760.0,628.0,1,94,Yes,Fashion,47,Low
C08516,28,Employed,42874.0,803.0,8,1297,No,Electronics,542,Low
C08517,41,Employed,48020.0,719.0,0,0,No,Fashion,94,Low
C08518,46,Student,14281.0,717.0,2,346,No,Fashion,124,Low
C08519,47,Employed,67574.0,715.0,4,640,No,Electronics,515,Low
C08520,42,Employed,37191.0,559.0,2,325,No,Fashion,35,Low
C08521,22,Employed,86326.0,726.0,1,128,No,Fashion,116,Low
C08522,34,Employed,99202.0,720.0,0,0,No,Groceries/Essentials,47,Low
C08523,37,Employed,55175.0,781.0,4,501,No,Home/Furniture,534,Low
C08524,29,Student,15226.0,687.0,1,53,No,Fashion,188,Low
C08525,30,Employed,91765.0,637.0,1,160,No,Travel,903,Low
C08526,40,Employed,47911.0,664.0,3,507,No,Fashion,135,Low
C08527,49,Freelancer,67272.0,644.0,4,462,No,Fashion,45,Low
C08528,30,Employed,80070.0,648.0,4,762,No,Travel,709,Low
C08529,62,Student,17472.0,654.0,5,538,No,Fashion,101,Low
C08530,35,Employed,65753.0,687.0,1,174,No,Fashion,79,Low
C08531,44,Employed,54724.0,676.0,1,131,No,Home/Furniture,465,Low
C08532,43,Employed,58564.0,577.0,1,236,Yes,Electronics,560,Low
C08533,26,Employed,53717.0,675.0,3,559,No,Home/Furniture,348,Low
C08534,29,Employed,42729.0,650.0,5,579,No,Electronics,542,Low
C08535,18,Freelancer,73592.0,614.0,6,1140,No,Electronics,739,Low
C08536,31,Employed,95401.0,646.0,3,216,No,Travel,681,Low
C08537,34,Student,28471.0,648.0,1,55,Yes,Fashion,121,Low
C08538,44,Freelancer,48147.0,747.0,3,467,No,Electronics,337,Low
C08539,25,Employed,93707.0,679.0,1,106,No,Electronics,480,Low
C08540,27,Employed,64252.0,640.0,5,876,Yes,Fashion,78,Low
C08541,19,Freelancer,77882.0,614.0,4,823,Yes,Fashion,156,Low
C08542,18,Employed,57022.0,,2,185,Yes,Electronics,595,Low
C08543,32,Student,19276.0,597.0,0,0,Yes,Electronics,612,Low
C08544,22,Freelancer,68494.0,599.0,1,157,Yes,Home/Furniture,433,Low
C08545,43,Unemployed,8964.0,630.0,6,1026,No,Electronics,668,High
C08546,20,Employed,70549.0,711.0,3,419,Yes,Home/Furniture,229,Low
C08547,39,Employed,96730.0,716.0,3,436,No,Home/Furniture,449,Low
C08548,34,Employed,85176.0,694.0,1,92,No,Fashion,33,Low
C08549,57,Freelancer,21122.0,624.0,2,383,No,Travel,582,Low
C08550,50,Employed,80710.0,657.0,2,594,No,Electronics,531,Low
C08551,55,Employed,54959.0,706.0,1,198,No,Fashion,119,Low
C08552,18,Student,12324.0,607.0,0,0,Yes,Fashion,179,Low
C08553,40,Student,23314.0,751.0,4,696,No,Home/Furniture,408,Low
C08554,22,Freelancer,59237.0,724.0,2,236,No,Home/Furniture,454,Low
C08555,40,Freelancer,75424.0,568.0,1,166,No,Electronics,655,Low
C08556,24,Student,8139.0,640.0,1,176,Yes,Fashion,63,Medium
C08557,24,Student,14662.0,540.0,3,563,No,Fashion,103,Medium
C08558,22,Employed,61959.0,667.0,2,246,No,Electronics,639,Low
C08559,50,Employed,91139.0,775.0,0,0,No,Travel,822,Low
C08560,26,Employed,57336.0,725.0,1,148,No,Home/Furniture,271,Low
C08561,25,Unemployed,15735.0,491.0,4,207,Yes,Electronics,318,Medium
C08562,20,Employed,70507.0,722.0,2,395,No,Travel,728,Low
C08563,42,Student,5000.0,663.0,1,163,Yes,Fashion,70,Low
C08564,46,Employed,80192.0,666.0,2,285,No,Electronics,497,Low
C08565,24,Employed,67558.0,774.0,1,145,No,Electronics,723,Low
C08566,22,Employed,49949.0,654.0,3,407,Yes,Fashion,45,Low
C08567,35,Employed,80512.0,718.0,0,0,No,Fashion,122,Low
C08568,31,Freelancer,27371.0,609.0,0,0,No,Travel,596,Low
C08569,33,Employed,61977.0,695.0,1,173,No,Electronics,431,Low
C08570,63,Unemployed,5488.0,578.0,2,124,No,Fashion,56,Low
C08571,23,Employed,53990.0,733.0,1,206,Yes,Electronics,582,Low
C08572,40,Employed,76568.0,693.0,2,359,No,Travel,850,Low
C08573,18,Freelancer,12840.0,643.0,2,324,Yes,Electronics,460,Medium
C08574,30,Employed,53095.0,693.0,3,404,No,Fashion,63,Low
C08575,22,Employed,109134.0,667.0,3,269,No,Fashion,76,Low
C08576,35,Employed,73877.0,790.0,1,148,No,Fashion,116,Low
C08577,41,Employed,67074.0,663.0,3,316,No,Fashion,92,Low
C08578,49,Employed,38769.0,747.0,5,969,No,Electronics,465,Low
C08579,39,Student,17171.0,648.0,1,108,Yes,Electronics,368,Low
C08580,18,Student,12953.0,611.0,1,14,No,Travel,966,Low
C08581,38,Student,8993.0,614.0,2,344,Yes,Fashion,105,Medium
C08582,33,Employed,60139.0,602.0,1,53,Yes,Travel,887,Low
C08583,25,Freelancer,49023.0,570.0,5,1250,No,Electronics,454,Medium
C08584,20,Employed,76432.0,672.0,3,417,No,Fashion,132,Low
C08585,51,Student,6157.0,546.0,1,171,Yes,Fashion,109,Medium
C08586,51,Freelancer,56473.0,617.0,3,551,Yes,Fashion,85,Low
C08587,35,Employed,83770.0,642.0,1,176,Yes,Fashion,47,Low
C08588,26,Employed,33697.0,710.0,1,102,No,Fashion,97,Low
C08589,24,Employed,76191.0,760.0,9,1615,Yes,Fashion,114,Medium
C08590,18,Student,14358.0,684.0,1,96,Yes,Fashion,144,Low
C08591,26,Student,11074.0,578.0,1,148,No,Fashion,85,Low
C08592,18,Employed,48987.0,721.0,2,164,No,Groceries/Essentials,31,Low
C08593,57,Employed,55781.0,775.0,7,1433,No,Home/Furniture,373,Low
C08594,38,Employed,84302.0,799.0,5,674,No,Electronics,597,Low
C08595,18,Employed,84019.0,665.0,3,621,No,Electronics,355,Low
C08596,24,Employed,65961.0,679.0,2,151,No,Electronics,659,Low
C08597,18,Employed,53335.0,652.0,1,173,No,Fashion,174,Low
C08598,34,Freelancer,54000.0,766.0,8,1617,No,Groceries/Essentials,33,Low
C08599,46,Employed,40072.0,716.0,10,1306,No,Fashion,145,Medium
C08600,19,Employed,75450.0,758.0,3,725,No,Fashion,43,Low
C08601,30,Employed,78647.0,712.0,4,705,No,Electronics,530,Low
C08602,29,Employed,57314.0,647.0,2,259,No,Fashion,96,Low
C08603,21,Employed,59058.0,677.0,2,176,No,Electronics,633,Low
C08604,45,Employed,82802.0,734.0,0,0,No,Travel,682,Low
C08605,19,Employed,64294.0,664.0,2,490,No,Home/Furniture,467,Low
C08606,54,Student,15910.0,567.0,1,182,No,Home/Furniture,459,Low
C08607,52,Employed,93565.0,709.0,1,182,No,Electronics,389,Low
C08608,55,Student,14118.0,808.0,2,333,No,Fashion,142,Low
C08609,21,Unemployed,16542.0,437.0,0,0,Yes,Travel,856,Low
C08610,25,Employed,38306.0,716.0,3,476,No,Home/Furniture,287,Low
C08611,22,Freelancer,56861.0,699.0,2,251,No,Fashion,20,Low
C08612,24,Student,19553.0,634.0,5,804,Yes,Electronics,479,High
C08613,39,Freelancer,98228.0,540.0,2,328,Yes,Fashion,96,Low
C08614,57,Employed,68292.0,722.0,10,1084,No,Fashion,80,Low
C08615,47,Employed,42682.0,695.0,4,666,No,Fashion,98,Low
C08616,55,Student,16555.0,634.0,2,296,No,Fashion,88,Low
C08617,21,Student,15262.0,636.0,3,427,No,Fashion,67,Low
C08618,25,Employed,45511.0,645.0,1,113,Yes,Home/Furniture,447,Low
C08619,19,Freelancer,62215.0,640.0,1,184,No,Fashion,22,Low
C08620,31,Employed,91612.0,729.0,1,175,No,Electronics,308,Low
C08621,29,Employed,36499.0,712.0,1,142,No,Fashion,179,Low
C08622,42,Freelancer,51227.0,686.0,2,261,No,Travel,739,Low
C08623,20,Student,15077.0,611.0,1,137,Yes,Electronics,463,Low
C08624,21,Employed,52052.0,690.0,4,423,No,Groceries/Essentials,29,Low
C08625,28,Employed,73352.0,797.0,1,106,Yes,Fashion,109,Low
C08626,24,Student,21065.0,543.0,3,539,No,Electronics,314,Low
C08627,38,Employed,47060.0,732.0,3,449,No,Fashion,46,Low
C08628,32,Employed,61990.0,671.0,1,116,No,Fashion,113,Low
C08629,25,Employed,56215.0,747.0,2,266,No,Fashion,59,Low
C08630,54,Employed,70119.0,742.0,2,107,No,Electronics,307,Low
C08631,33,Employed,74623.0,664.0,4,771,No,Home/Furniture,307,Low
C08632,47,Employed,108894.0,694.0,2,320,Yes,Electronics,583,Low
C08633,22,Student,5000.0,457.0,1,264,Yes,Travel,839,High
C08634,21,Employed,63494.0,658.0,1,163,No,Fashion,90,Low
C08635,54,Employed,74683.0,669.0,3,272,No,Electronics,379,Low
C08636,20,Student,5938.0,642.0,10,1684,Yes,Groceries/Essentials,65,High
C08637,60,Freelancer,91317.0,552.0,0,0,No,Fashion,71,Low
C08638,41,Employed,75946.0,716.0,5,679,No,Electronics,523,Low
C08639,27,Employed,33941.0,706.0,2,238,No,Electronics,414,Low
C08640,23,Employed,73656.0,674.0,4,495,No,Travel,724,Low
C08641,24,Freelancer,70059.0,580.0,2,101,No,Home/Furniture,446,Low
C08642,20,Employed,47186.0,615.0,1,169,No,Fashion,99,Low
C08643,33,Employed,72638.0,739.0,1,142,No,Fashion,137,Low
C08644,40,Employed,105489.0,682.0,3,572,No,Fashion,165,Low
C08645,29,Employed,47027.0,632.0,1,203,No,Home/Furniture,436,Low
C08646,22,Employed,59623.0,728.0,1,145,No,Fashion,109,Low
C08647,23,Student,19015.0,559.0,3,393,Yes,Fashion,75,Medium
C08648,34,Freelancer,46814.0,663.0,1,164,No,Electronics,716,Low
C08649,41,Employed,55964.0,717.0,1,77,No,Electronics,648,Low
C08650,41,Employed,85647.0,712.0,1,144,No,Home/Furniture,466,Low
C08651,34,Employed,,,1,49,No,Travel,887,Low
C08652,21,Employed,100774.0,686.0,2,429,No,Fashion,124,Low
C08653,21,Employed,116180.0,737.0,1,95,No,Fashion,100,Low
C08654,45,Employed,67873.0,765.0,3,679,No,Travel,685,Low
C08655,20,Student,16716.0,611.0,1,112,No,Home/Furniture,343,Low
C08656,26,Employed,85480.0,,1,234,No,Fashion,118,Low
C08657,48,Employed,58739.0,685.0,6,1365,No,Electronics,589,Low
C08658,44,Student,,711.0,3,655,No,Travel,1184,Low
C08659,35,Student,13077.0,551.0,2,237,No,Electronics,505,Low
C08660,23,Student,11510.0,685.0,5,311,No,Fashion,159,Low
C08661,64,Employed,66190.0,643.0,0,0,No,Home/Furniture,554,Low
C08662,24,Employed,83128.0,726.0,1,117,No,Fashion,55,Low
C08663,44,Employed,83200.0,728.0,0,0,Yes,Electronics,463,Low
C08664,25,Employed,77487.0,649.0,3,392,No,Electronics,362,Low
C08665,58,Employed,72281.0,672.0,1,170,Yes,Home/Furniture,367,Low
C08666,37,Student,14475.0,653.0,4,465,No,Travel,830,Medium
C08667,47,Student,7662.0,622.0,1,193,No,Fashion,119,Low
C08668,26,Student,17348.0,586.0,1,162,Yes,Home/Furniture,308,Low
C08669,53,Student,12582.0,562.0,1,173,No,Electronics,537,Low
C08670,36,Freelancer,91207.0,667.0,1,253,No,Electronics,810,Low
C08671,24,Freelancer,68730.0,619.0,1,201,No,Fashion,93,Low
C08672,29,Freelancer,5000.0,516.0,7,936,Yes,Fashion,104,High
C08673,40,Employed,78335.0,747.0,5,762,No,Home/Furniture,480,Low
C08674,29,Employed,70746.0,671.0,1,79,No,Home/Furniture,497,Low
C08675,32,Employed,78630.0,676.0,2,370,No,Electronics,599,Low
C08676,31,Employed,65658.0,718.0,1,188,No,Fashion,108,Low
C08677,26,Employed,76481.0,635.0,1,150,No,Electronics,680,Low
C08678,40,Freelancer,75443.0,636.0,4,452,No,Electronics,481,Low
C08679,18,Student,5000.0,405.0,3,541,Yes,Home/Furniture,374,High
C08680,26,Unemployed,14452.0,589.0,3,565,Yes,Fashion,154,High
C08681,62,Student,11877.0,640.0,2,166,No,Home/Furniture,470,Low
C08682,22,Freelancer,20390.0,655.0,2,232,No,Groceries/Essentials,44,Low
C08683,23,Student,23437.0,717.0,1,210,No,Fashion,111,Low
C08684,44,Freelancer,5000.0,665.0,3,146,No,Fashion,51,Low
C08685,23,Freelancer,6711.0,678.0,2,346,No,Travel,940,Medium
C08686,22,Employed,62890.0,748.0,0,0,No,Fashion,138,Low
C08687,34,Employed,59611.0,660.0,2,459,No,Fashion,78,Low
C08688,39,Student,9508.0,582.0,3,519,No,Home/Furniture,210,Medium
C08689,31,Student,17439.0,631.0,2,461,No,Fashion,127,Low
C08690,18,Employed,78692.0,658.0,4,990,Yes,Home/Furniture,502,Low
C08691,60,Employed,71548.0,742.0,2,250,No,Electronics,492,Low
C08692,45,Freelancer,78433.0,633.0,3,461,Yes,Travel,703,Low
C08693,38,Freelancer,97921.0,577.0,3,443,No,Home/Furniture,388,Low
C08694,56,Employed,66007.0,681.0,10,1992,No,Electronics,330,Medium
C08695,38,Employed,72335.0,614.0,0,0,Yes,Travel,702,Low
C08696,27,Student,24391.0,637.0,5,684,No,Fashion,56,Low
C08697,57,Employed,67646.0,649.0,6,675,Yes,Fashion,62,Low
C08698,37,Student,7658.0,550.0,2,275,No,Electronics,267,Low
C08699,31,Employed,42716.0,762.0,1,240,No,Fashion,139,Low
C08700,40,Freelancer,69486.0,567.0,1,147,No,Fashion,162,Low
C08701,32,Freelancer,,623.0,3,454,Yes,Travel,814,High
C08702,19,Employed,69864.0,762.0,0,0,Yes,Fashion,104,Low
C08703,30,Student,10878.0,572.0,1,32,No,Groceries/Essentials,61,Low
C08704,23,Employed,88577.0,736.0,1,267,No,Electronics,525,Low
C08705,22,Employed,71159.0,765.0,1,220,No,Electronics,403,Low
C08706,22,Employed,66171.0,640.0,2,198,No,Fashion,146,Low
C08707,22,Employed,95017.0,697.0,1,131,Yes,Fashion,76,Low
C08708,24,Unemployed,12485.0,506.0,1,199,Yes,Fashion,110,Medium
C08709,24,Student,19520.0,616.0,2,257,No,Travel,1037,Low
C08710,21,Employed,72454.0,646.0,5,504,Yes,Fashion,126,Low
C08711,28,Student,12957.0,538.0,3,451,Yes,Electronics,536,Medium
C08712,22,Employed,59406.0,537.0,3,699,Yes,Home/Furniture,420,Low
C08713,37,Employed,100470.0,659.0,1,135,No,Fashion,132,Low
C08714,19,Employed,89246.0,681.0,2,317,Yes,Fashion,95,Low
C08715,38,Unemployed,12701.0,525.0,1,183,No,Electronics,330,Low
C08716,43,Employed,65525.0,655.0,4,382,No,Home/Furniture,281,Low
C08717,62,Employed,52477.0,690.0,3,224,No,Electronics,518,Low
C08718,29,Student,6894.0,621.0,2,438,No,Fashion,66,Medium
C08719,51,Student,9123.0,730.0,3,549,Yes,Fashion,49,High
C08720,20,Student,26937.0,629.0,4,73,Yes,Electronics,656,Low
C08721,52,Student,12003.0,516.0,3,650,Yes,Home/Furniture,462,High
C08722,18,Employed,98280.0,764.0,2,364,No,Fashion,70,Low
C08723,19,Employed,76480.0,642.0,2,345,No,Home/Furniture,314,Low
C08724,18,Employed,33538.0,741.0,0,0,No,Home/Furniture,436,Low
C08725,50,Employed,41429.0,749.0,3,421,Yes,Home/Furniture,392,Low
C08726,20,Freelancer,92390.0,720.0,1,151,No,Fashion,135,Low
C08727,63,Employed,70566.0,691.0,2,327,No,Fashion,98,Low
C08728,22,Employed,69506.0,698.0,3,481,No,Fashion,99,Low
C08729,23,Student,20121.0,667.0,3,485,No,Electronics,479,Low
C08730,22,Freelancer,80549.0,668.0,6,709,No,Electronics,362,Low
C08731,26,Student,19113.0,645.0,2,328,No,Electronics,496,Low
C08732,58,Employed,62702.0,760.0,1,175,No,Groceries/Essentials,64,Low
C08733,24,Freelancer,42894.0,649.0,4,288,Yes,Electronics,305,Low
C08734,30,Employed,73207.0,746.0,1,105,No,Fashion,139,Low
C08735,60,Employed,96670.0,670.0,3,409,No,Fashion,48,Low
C08736,57,Employed,71087.0,714.0,1,215,No,Fashion,99,Low
C08737,29,Freelancer,93675.0,550.0,2,228,No,Travel,934,Low
C08738,32,Freelancer,52003.0,677.0,8,950,No,Fashion,77,Low
C08739,19,Employed,67407.0,718.0,1,163,No,Fashion,129,Low
C08740,64,Employed,99297.0,723.0,2,402,No,Electronics,446,Low
C08741,37,Employed,50121.0,745.0,1,197,No,Fashion,105,Low
C08742,34,Student,13848.0,665.0,1,121,No,Fashion,95,Low
C08743,27,Employed,82884.0,648.0,3,581,Yes,Electronics,524,Low
C08744,61,Employed,86226.0,810.0,1,136,No,Fashion,101,Low
C08745,61,Employed,55229.0,706.0,4,689,No,Electronics,634,Low
C08746,20,Employed,87792.0,688.0,3,698,No,Electronics,607,Low
C08747,21,Employed,58699.0,560.0,2,208,Yes,Electronics,438,Low
C08748,36,Freelancer,32900.0,597.0,2,225,No,Fashion,98,Low
C08749,37,Freelancer,19535.0,526.0,4,737,Yes,Home/Furniture,358,High
C08750,19,Employed,82115.0,692.0,0,0,No,Fashion,119,Low
C08751,18,Freelancer,38340.0,581.0,5,762,Yes,Fashion,154,Medium
C08752,58,Unemployed,11922.0,548.0,1,266,Yes,Electronics,391,Medium
C08753,29,Employed,109505.0,827.0,1,152,No,Electronics,320,Low
C08754,38,Employed,47688.0,706.0,3,303,Yes,Fashion,10,Low
C08755,53,Employed,60082.0,651.0,3,428,Yes,Fashion,83,Low
C08756,32,Employed,94969.0,715.0,2,220,No,Home/Furniture,449,Low
C08757,27,Employed,104790.0,719.0,3,410,Yes,Fashion,108,Low
C08758,22,Employed,61832.0,709.0,1,205,No,Fashion,62,Low
C08759,27,Student,12503.0,735.0,1,212,No,Electronics,508,Low
C08760,20,Employed,72157.0,730.0,2,184,No,Electronics,612,Low
C08761,31,Student,14317.0,644.0,2,283,No,Home/Furniture,369,Low
C08762,19,Employed,61368.0,690.0,1,131,Yes,Fashion,100,Low
C08763,54,Employed,69803.0,674.0,3,374,Yes,Groceries/Essentials,19,Low
C08764,22,Freelancer,66107.0,619.0,4,378,No,Fashion,188,Low
C08765,45,Employed,42073.0,,2,367,No,Fashion,93,Low
C08766,46,Student,14944.0,739.0,2,355,No,Home/Furniture,541,Low
C08767,18,Unemployed,5986.0,528.0,2,92,Yes,Fashion,146,Medium
C08768,23,Employed,63276.0,617.0,3,736,No,Fashion,100,Low
C08769,43,Freelancer,72643.0,682.0,2,148,No,Fashion,135,Low
C08770,20,Freelancer,67236.0,661.0,3,574,No,Electronics,275,Low
C08771,43,Employed,62176.0,658.0,1,104,No,Home/Furniture,382,Low
C08772,25,Freelancer,57642.0,693.0,1,191,No,Electronics,497,Low
C08773,53,Employed,64480.0,809.0,0,0,No,Electronics,735,Low
C08774,32,Employed,44222.0,645.0,5,589,No,Home/Furniture,427,Low
C08775,64,Employed,108844.0,729.0,4,485,No,Fashion,119,Low
C08776,60,Unemployed,6114.0,721.0,4,663,No,Travel,456,High
C08777,21,Employed,54670.0,682.0,10,1300,No,Home/Furniture,260,Low
C08778,23,Freelancer,63300.0,605.0,1,137,No,Fashion,92,Low
C08779,64,Freelancer,23746.0,662.0,2,220,No,Fashion,76,Low
C08780,24,Employed,102345.0,656.0,1,106,Yes,Groceries/Essentials,34,Low
C08781,32,Employed,64828.0,721.0,1,252,No,Electronics,412,Low
C08782,26,Student,8896.0,663.0,1,163,No,Fashion,68,Low
C08783,19,Student,26126.0,522.0,1,143,No,Fashion,19,Low
C08784,24,Employed,67825.0,695.0,2,170,No,Groceries/Essentials,74,Low
C08785,20,Employed,77440.0,738.0,1,167,No,Travel,1032,Low
C08786,55,Employed,55843.0,672.0,3,466,No,Electronics,331,Low
C08787,20,Student,6841.0,503.0,0,0,Yes,Electronics,593,Low
C08788,64,Freelancer,39521.0,550.0,1,125,Yes,Home/Furniture,363,Low
C08789,32,Student,12375.0,518.0,1,97,Yes,Fashion,113,Low
C08790,40,Freelancer,51718.0,614.0,4,608,No,Electronics,460,Low
C08791,41,Student,20827.0,644.0,1,217,No,Fashion,78,Low
C08792,27,Employed,44942.0,711.0,2,487,No,Home/Furniture,442,Low
C08793,55,Employed,77782.0,704.0,1,210,Yes,Travel,1043,Low
C08794,60,Employed,63604.0,574.0,0,0,Yes,Electronics,849,Low
C08795,32,Employed,71062.0,715.0,1,88,No,Electronics,758,Low
C08796,41,Employed,24271.0,592.0,2,341,Yes,Electronics,502,Low
C08797,49,Employed,50069.0,684.0,1,223,No,Home/Furniture,460,Low
C08798,56,Employed,76587.0,647.0,3,439,No,Home/Furniture,259,Low
C08799,22,Employed,90327.0,662.0,0,0,No,Fashion,174,Low
C08800,50,Employed,58165.0,743.0,2,366,No,Fashion,57,Low
C08801,18,Employed,62851.0,686.0,2,149,No,Fashion,85,Low
C08802,33,Student,19824.0,570.0,1,35,No,Electronics,423,Low
C08803,22,Employed,88920.0,677.0,2,371,No,Travel,699,Low
C08804,21,Student,14291.0,652.0,7,1041,No,Electronics,761,High
C08805,32,Employed,72084.0,668.0,1,128,No,Fashion,56,Low
C08806,58,Freelancer,48120.0,768.0,6,1199,No,Travel,767,Low
C08807,18,Freelancer,20416.0,580.0,1,181,No,Electronics,641,Low
C08808,59,Student,11464.0,607.0,3,576,Yes,Fashion,85,High
C08809,48,Employed,61449.0,641.0,3,161,No,Home/Furniture,565,Low
C08810,25,Employed,,694.0,2,233,No,Fashion,90,Low
C08811,22,Employed,45153.0,644.0,2,212,Yes,Electronics,369,Low
C08812,23,Employed,96408.0,746.0,4,306,No,Electronics,429,Low
C08813,34,Student,9632.0,544.0,3,413,Yes,Travel,777,High
C08814,23,Freelancer,72169.0,677.0,1,105,No,Home/Furniture,332,Low
C08815,19,Employed,69433.0,670.0,5,577,No,Electronics,491,Low
C08816,34,Student,5660.0,,3,544,No,Electronics,491,High
C08817,35,Employed,41233.0,652.0,2,234,No,Home/Furniture,516,Low
C08818,61,Employed,56604.0,715.0,0,0,No,Electronics,503,Low
C08819,35,Employed,82967.0,676.0,1,206,No,Home/Furniture,373,Low
C08820,28,Employed,34820.0,758.0,4,441,No,Fashion,53,Low
C08821,62,Student,5000.0,557.0,2,269,Yes,Electronics,474,High
C08822,34,Student,14632.0,548.0,2,312,Yes,Fashion,104,Medium
C08823,41,Employed,51429.0,720.0,1,150,Yes,Fashion,117,Low
C08824,44,Freelancer,77053.0,657.0,0,0,No,Fashion,23,Low
C08825,20,Employed,21160.0,681.0,1,185,No,Home/Furniture,473,Low
C08826,34,Student,16667.0,580.0,2,298,No,Home/Furniture,454,Low
C08827,28,Employed,88834.0,798.0,2,217,No,Fashion,99,Low
C08828,28,Employed,81869.0,700.0,8,1115,No,Home/Furniture,365,Low
C08829,21,Student,5000.0,575.0,1,127,Yes,Home/Furniture,393,Medium
C08830,36,Employed,71171.0,727.0,2,244,No,Fashion,92,Low
C08831,23,Employed,103081.0,716.0,7,985,Yes,Home/Furniture,573,Low
C08832,50,Employed,83537.0,743.0,2,211,Yes,Fashion,56,Low
C08833,61,Employed,49256.0,699.0,1,141,No,Travel,764,Low
C08834,32,Student,8968.0,536.0,1,145,Yes,Home/Furniture,235,Low
C08835,31,Employed,70213.0,703.0,1,184,Yes,Fashion,103,Low
C08836,42,Employed,60292.0,751.0,1,171,No,Groceries/Essentials,75,Low
C08837,39,Employed,56966.0,777.0,2,330,No,Electronics,352,Low
C08838,19,Freelancer,60489.0,569.0,2,141,Yes,Fashion,105,Low
C08839,53,Freelancer,67741.0,667.0,2,320,No,Electronics,513,Low
C08840,21,Employed,47324.0,764.0,3,347,No,Home/Furniture,424,Low
C08841,23,Student,13905.0,551.0,2,412,No,Electronics,770,Low
C08842,20,Employed,33653.0,690.0,5,1005,No,Fashion,77,Low
C08843,37,Employed,90575.0,693.0,1,101,No,Home/Furniture,421,Low
C08844,21,Employed,47694.0,728.0,3,288,No,Travel,457,Low
C08845,61,Employed,91392.0,759.0,6,1012,No,Home/Furniture,472,Low
C08846,50,Employed,45828.0,747.0,2,321,No,Home/Furniture,511,Low
C08847,26,Employed,82627.0,641.0,4,1005,No,Electronics,548,Low
C08848,51,Employed,,697.0,2,462,No,Electronics,256,Low
C08849,60,Employed,78235.0,658.0,1,210,No,Electronics,699,Low
C08850,24,Student,21977.0,594.0,2,335,No,Fashion,66,Low
C08851,22,Employed,91688.0,671.0,4,611,No,Electronics,591,Low
C08852,27,Employed,90017.0,641.0,1,160,Yes,Electronics,470,Low
C08853,37,Employed,68749.0,660.0,1,144,No,Electronics,713,Low
C08854,27,Employed,76915.0,655.0,3,392,No,Fashion,116,Low
C08855,22,Employed,88690.0,610.0,2,307,No,Travel,1094,Low
C08856,20,Employed,82661.0,741.0,5,445,No,Fashion,124,Low
C08857,31,Employed,61413.0,670.0,5,461,No,Electronics,495,Low
C08858,27,Freelancer,72168.0,655.0,1,130,No,Fashion,74,Low
C08859,35,Student,17065.0,560.0,0,0,Yes,Fashion,70,Low
C08860,23,Employed,,677.0,2,273,Yes,Groceries/Essentials,34,Low
C08861,18,Employed,78548.0,633.0,2,215,Yes,Fashion,102,Low
C08862,25,Student,23325.0,531.0,4,695,Yes,Electronics,567,Medium
C08863,18,Student,14679.0,538.0,0,0,Yes,Home/Furniture,345,Low
C08864,26,Student,13992.0,570.0,6,1017,No,Fashion,100,High
C08865,21,Employed,50549.0,692.0,1,114,No,Travel,757,Low
C08866,23,Employed,64418.0,608.0,2,406,No,Groceries/Essentials,44,Low
C08867,60,Employed,53608.0,784.0,2,306,No,Fashion,76,Low
C08868,30,Freelancer,62004.0,626.0,1,129,No,Electronics,447,Low
C08869,31,Employed,78206.0,,2,302,No,Fashion,126,Low
C08870,23,Student,8234.0,564.0,7,951,No,Electronics,499,High
C08871,51,Employed,45168.0,640.0,2,433,No,Groceries/Essentials,47,Low
C08872,24,Freelancer,40539.0,625.0,1,140,No,Electronics,784,Low
C08873,20,Employed,51258.0,662.0,1,228,No,Fashion,108,Low
C08874,52,Employed,93993.0,687.0,2,350,No,Electronics,716,Low
C08875,30,Employed,78544.0,733.0,1,140,No,Fashion,142,Low
C08876,37,Employed,46899.0,734.0,3,372,No,Fashion,92,Low
C08877,26,Student,11040.0,566.0,5,1085,No,Fashion,148,High
C08878,45,Employed,81653.0,661.0,2,121,No,Fashion,67,Low
C08879,20,Employed,51342.0,679.0,3,522,No,Fashion,80,Low
C08880,60,Student,12316.0,519.0,1,59,Yes,Home/Furniture,235,Low
C08881,46,Freelancer,15031.0,585.0,1,163,Yes,Groceries/Essentials,60,Low
C08882,40,Student,12590.0,603.0,0,0,No,Travel,608,Low
C08883,33,Employed,64655.0,779.0,1,135,Yes,Fashion,118,Low
C08884,23,Employed,76047.0,762.0,2,415,No,Home/Furniture,430,Low
C08885,40,Student,13456.0,634.0,0,0,No,Fashion,172,Low
C08886,28,Student,20351.0,478.0,1,160,Yes,Electronics,840,Low
C08887,23,Employed,68480.0,669.0,4,526,No,Fashion,72,Low
C08888,20,Freelancer,78851.0,630.0,2,324,Yes,Home/Furniture,415,Low
C08889,26,Employed,53177.0,681.0,1,127,No,Fashion,165,Low
C08890,18,Freelancer,24805.0,583.0,2,203,No,Electronics,458,Low
C08891,53,Student,15206.0,618.0,2,387,No,Fashion,92,Low
C08892,48,Student,14365.0,565.0,2,223,No,Travel,824,Low
C08893,33,Student,17734.0,661.0,1,119,No,Electronics,508,Low
C08894,18,Employed,73200.0,731.0,5,603,No,Home/Furniture,267,Low
C08895,23,Employed,53423.0,652.0,1,111,No,Electronics,729,Low
C08896,36,Student,,597.0,2,332,Yes,Fashion,65,Medium
C08897,19,Employed,63400.0,717.0,3,390,No,Fashion,74,Low
C08898,46,Employed,87427.0,706.0,1,183,No,Home/Furniture,296,Low
C08899,26,Employed,85814.0,735.0,1,201,No,Electronics,487,Low
C08900,21,Employed,68871.0,703.0,0,0,No,Electronics,333,Low
C08901,47,Student,8811.0,524.0,2,122,No,Electronics,711,Low
C08902,24,Student,20362.0,639.0,2,247,Yes,Fashion,66,Low
C08903,21,Employed,33818.0,746.0,6,1252,No,Electronics,332,Low
C08904,23,Student,6835.0,589.0,1,98,No,Fashion,115,Low
C08905,32,Unemployed,20736.0,490.0,3,542,Yes,Travel,733,High
C08906,42,Student,19788.0,648.0,3,641,Yes,Home/Furniture,489,Medium
C08907,43,Employed,50548.0,704.0,1,199,No,Electronics,190,Low
C08908,53,Employed,33908.0,709.0,1,168,No,Fashion,118,Low
C08909,21,Employed,71829.0,722.0,3,310,No,Fashion,181,Low
C08910,32,Employed,89944.0,754.0,3,454,No,Electronics,397,Low
C08911,39,Employed,63151.0,632.0,1,147,Yes,Home/Furniture,463,Low
C08912,35,Employed,83553.0,638.0,0,0,Yes,Fashion,105,Low
C08913,20,Student,18382.0,603.0,1,196,No,Home/Furniture,461,Low
C08914,24,Student,19673.0,607.0,3,487,No,Fashion,69,Low
C08915,45,Employed,58665.0,819.0,0,0,No,Travel,658,Low
C08916,19,Unemployed,5757.0,658.0,0,0,No,Home/Furniture,320,Low
C08917,41,Student,15847.0,629.0,1,81,Yes,Electronics,625,Low
C08918,29,Employed,41250.0,689.0,2,197,No,Electronics,540,Low
C08919,28,Employed,80284.0,710.0,1,161,No,Electronics,664,Low
C08920,50,Employed,81450.0,743.0,1,120,No,Fashion,160,Low
C08921,60,Unemployed,17426.0,511.0,1,98,Yes,Home/Furniture,390,Medium
C08922,58,Student,10523.0,550.0,3,556,Yes,Electronics,569,High
C08923,48,Employed,77528.0,615.0,4,771,No,Electronics,657,Low
C08924,25,Employed,76567.0,622.0,2,449,No,Travel,737,Low
C08925,54,Student,11352.0,595.0,1,174,No,Fashion,103,Low
C08926,34,Employed,44053.0,564.0,1,189,No,Fashion,111,Low
C08927,19,Freelancer,28155.0,768.0,3,334,Yes,Fashion,127,Low
C08928,33,Student,5000.0,625.0,5,1017,Yes,Home/Furniture,467,High
C08929,30,Employed,98156.0,674.0,6,1336,No,Fashion,75,Low
C08930,43,Student,25478.0,695.0,2,359,No,Travel,527,Low
C08931,33,Employed,73071.0,660.0,3,490,No,Fashion,10,Low
C08932,32,Employed,83235.0,696.0,8,1079,No,Home/Furniture,388,Low
C08933,29,Employed,51481.0,697.0,0,0,No,Electronics,632,Low
C08934,30,Employed,67698.0,699.0,5,615,No,Fashion,33,Low
C08935,31,Student,,697.0,0,0,No,Fashion,157,Low
C08936,40,Employed,61353.0,741.0,1,132,Yes,Fashion,26,Low
C08937,40,Employed,23403.0,751.0,5,382,No,Fashion,118,Low
C08938,28,Employed,61666.0,632.0,1,115,No,Electronics,774,Low
C08939,22,Employed,45895.0,671.0,1,156,Yes,Fashion,122,Low
C08940,22,Employed,82389.0,657.0,4,785,No,Fashion,136,Low
C08941,26,Student,14415.0,540.0,2,305,Yes,Fashion,91,Medium
C08942,23,Employed,81034.0,702.0,1,195,No,Home/Furniture,237,Low
C08943,31,Student,10124.0,636.0,2,277,No,Fashion,112,Low
C08944,19,Employed,26275.0,693.0,5,637,No,Electronics,314,Low
C08945,35,Employed,102609.0,642.0,2,220,No,Home/Furniture,509,Low
C08946,38,Unemployed,25841.0,529.0,0,0,No,Groceries/Essentials,78,Low
C08947,35,Employed,72994.0,583.0,3,353,No,Fashion,84,Low
C08948,63,Employed,60770.0,746.0,0,0,No,Fashion,145,Low
C08949,52,Employed,,692.0,3,517,No,Fashion,89,Low
C08950,61,Employed,94680.0,639.0,2,401,No,Fashion,101,Low
C08951,23,Employed,37866.0,702.0,1,213,No,Travel,884,Low
C08952,27,Freelancer,34133.0,798.0,1,90,No,Fashion,119,Low
C08953,27,Employed,57105.0,767.0,4,616,No,Travel,1077,Low
C08954,39,Employed,90680.0,725.0,1,266,No,Fashion,159,Low
C08955,19,Employed,66497.0,720.0,2,329,No,Electronics,391,Low
C08956,36,Employed,78599.0,662.0,4,567,No,Fashion,18,Low
C08957,21,Freelancer,35621.0,543.0,2,248,Yes,Electronics,477,Low
C08958,25,Employed,51308.0,645.0,1,131,Yes,Fashion,76,Low
C08959,45,Freelancer,61855.0,555.0,1,97,Yes,Fashion,70,Low
C08960,21,Employed,109152.0,679.0,1,122,No,Home/Furniture,331,Low
C08961,31,Employed,56912.0,758.0,2,252,No,Fashion,79,Low
C08962,23,Employed,63156.0,685.0,2,292,No,Electronics,678,Low
C08963,40,Student,18464.0,735.0,3,368,No,Home/Furniture,407,Low
C08964,23,Employed,84991.0,678.0,2,431,No,Home/Furniture,242,Low
C08965,40,Employed,51829.0,735.0,1,126,No,Electronics,277,Low
C08966,34,Student,5338.0,573.0,6,781,No,Home/Furniture,442,High
C08967,35,Employed,56176.0,670.0,2,400,No,Fashion,58,Low
C08968,23,Employed,27904.0,649.0,1,207,No,Home/Furniture,558,Low
C08969,27,Employed,72810.0,679.0,0,0,No,Fashion,116,Low
C08970,61,Student,11949.0,558.0,2,408,Yes,Fashion,105,Medium
C08971,19,Employed,92141.0,,3,400,Yes,Electronics,490,Low
C08972,20,Student,18357.0,618.0,1,159,Yes,Fashion,82,Low
C08973,22,Student,11993.0,734.0,2,479,No,Fashion,62,Low
C08974,35,Employed,75996.0,663.0,1,113,Yes,Electronics,906,Low
C08975,33,Freelancer,85281.0,708.0,3,423,Yes,Groceries/Essentials,51,Low
C08976,40,Student,9778.0,544.0,2,301,Yes,Electronics,480,Medium
C08977,38,Employed,35381.0,676.0,8,1583,No,Electronics,414,Medium
C08978,42,Student,11453.0,532.0,2,404,Yes,Groceries/Essentials,29,Medium
C08979,33,Freelancer,37090.0,612.0,1,79,No,Electronics,789,Low
C08980,18,Employed,30717.0,687.0,2,187,No,Fashion,92,Low
C08981,21,Freelancer,31530.0,660.0,4,556,No,Electronics,307,Low
C08982,37,Student,9173.0,705.0,3,553,No,Home/Furniture,445,Medium
C08983,32,Freelancer,35863.0,707.0,2,335,No,Electronics,401,Low
C08984,41,Student,22288.0,586.0,4,301,No,Fashion,48,Low
C08985,37,Student,15984.0,500.0,1,138,Yes,Electronics,255,Low
C08986,24,Employed,87066.0,716.0,1,106,No,Travel,797,Low
C08987,64,Freelancer,62870.0,619.0,3,382,Yes,Home/Furniture,239,Low
C08988,34,Employed,59629.0,664.0,1,176,No,Groceries/Essentials,61,Low
C08989,52,Freelancer,60340.0,629.0,1,172,No,Home/Furniture,338,Low
C08990,18,Unemployed,5000.0,561.0,3,384,No,Electronics,464,High
C08991,22,Employed,123609.0,720.0,2,293,No,Electronics,576,Low
C08992,23,Student,11554.0,599.0,1,225,No,Fashion,114,Low
C08993,33,Employed,66172.0,726.0,2,289,No,Home/Furniture,223,Low
C08994,25,Freelancer,46972.0,647.0,6,503,No,Fashion,99,Low
C08995,20,Student,12929.0,540.0,2,284,Yes,Electronics,313,Medium
C08996,52,Employed,90507.0,736.0,0,0,No,Travel,742,Low
C08997,38,Unemployed,17480.0,,3,379,No,Groceries/Essentials,65,Low
C08998,40,Employed,71840.0,712.0,1,149,No,Fashion,49,Low
C08999,37,Employed,96200.0,723.0,5,775,No,Travel,635,Low
C09000,23,Employed,97562.0,704.0,4,866,No,Fashion,81,Low
C09001,18,Employed,67320.0,621.0,1,114,Yes,Travel,658,Low
C09002,19,Employed,70816.0,606.0,2,371,No,Groceries/Essentials,49,Low
C09003,30,Employed,63450.0,744.0,2,6,No,Home/Furniture,473,Low
C09004,20,Employed,78752.0,697.0,5,774,No,Fashion,161,Low
C09005,27,Unemployed,9716.0,539.0,2,213,Yes,Fashion,137,Medium
C09006,25,Unemployed,24386.0,,3,305,Yes,Fashion,70,Low
C09007,23,Employed,76049.0,696.0,1,140,No,Electronics,598,Low
C09008,27,Employed,84981.0,606.0,5,854,No,Fashion,46,Low
C09009,22,Freelancer,75899.0,613.0,2,221,No,Fashion,148,Low
C09010,41,Freelancer,85896.0,645.0,1,151,No,Fashion,10,Low
C09011,63,Employed,45172.0,713.0,1,145,No,Electronics,480,Low
C09012,20,Employed,63795.0,702.0,3,744,No,Home/Furniture,427,Low
C09013,57,Employed,101614.0,632.0,0,0,No,Home/Furniture,230,Low
C09014,48,Employed,81866.0,730.0,1,202,No,Groceries/Essentials,37,Low
C09015,38,Employed,62961.0,683.0,1,172,No,Home/Furniture,455,Low
C09016,33,Student,7185.0,634.0,1,160,No,Fashion,73,Low
C09017,28,Employed,104047.0,680.0,2,233,No,Electronics,103,Low
C09018,34,Freelancer,8074.0,612.0,1,119,No,Fashion,62,Low
C09019,37,Freelancer,61049.0,691.0,3,547,Yes,Travel,792,Low
C09020,23,Employed,102191.0,711.0,3,346,No,Electronics,616,Low
C09021,50,Employed,75119.0,733.0,1,200,No,Fashion,118,Low
C09022,31,Employed,83407.0,716.0,1,99,No,Fashion,80,Low
C09023,56,Employed,60254.0,638.0,2,60,No,Home/Furniture,423,Low
C09024,24,Employed,73864.0,624.0,2,457,No,Fashion,163,Low
C09025,21,Student,16438.0,485.0,3,612,Yes,Fashion,102,Medium
C09026,34,Employed,,766.0,3,208,No,Fashion,62,Low
C09027,28,Employed,70579.0,631.0,1,71,Yes,Electronics,546,Low
C09028,34,Employed,72722.0,764.0,4,390,No,Fashion,59,Low
C09029,19,Student,14706.0,533.0,2,219,Yes,Fashion,105,Low
C09030,43,Employed,69532.0,777.0,2,340,No,Fashion,51,Low
C09031,18,Employed,90328.0,632.0,5,635,Yes,Fashion,20,Low
C09032,23,Student,13426.0,555.0,4,957,No,Electronics,295,High
C09033,54,Freelancer,35578.0,669.0,1,140,No,Fashion,107,Low
C09034,53,Freelancer,53093.0,611.0,7,1336,No,Fashion,31,Low
C09035,63,Employed,91950.0,680.0,0,0,No,Electronics,370,Low
C09036,23,Student,10329.0,648.0,4,1040,Yes,Home/Furniture,448,High
C09037,19,Employed,107636.0,720.0,4,357,No,Fashion,36,Low
C09038,39,Employed,23069.0,700.0,1,151,No,Home/Furniture,443,Low
C09039,19,Employed,55581.0,755.0,2,215,No,Groceries/Essentials,33,Low
C09040,29,Unemployed,5000.0,546.0,1,193,Yes,Electronics,621,High
C09041,23,Employed,69796.0,651.0,1,133,No,Fashion,20,Low
C09042,34,Student,13882.0,678.0,1,216,No,Groceries/Essentials,10,Low
C09043,22,Employed,77094.0,,1,166,No,Fashion,130,Low
C09044,22,Employed,52608.0,609.0,1,193,No,Home/Furniture,421,Low
C09045,55,Student,18463.0,697.0,0,0,No,Electronics,758,Low
C09046,35,Employed,65982.0,692.0,6,585,No,Travel,947,Low
C09047,28,Employed,48881.0,728.0,1,128,No,Electronics,533,Low
C09048,29,Employed,102124.0,,4,466,Yes,Travel,554,Low
C09049,26,Employed,65897.0,636.0,5,418,No,Home/Furniture,423,Low
C09050,49,Student,19071.0,675.0,2,373,No,Electronics,307,Low
C09051,56,Employed,72731.0,612.0,1,150,Yes,Electronics,399,Low
C09052,18,Freelancer,28601.0,748.0,2,430,No,Travel,803,Low
C09053,27,Employed,96196.0,740.0,2,253,No,Fashion,196,Low
C09054,46,Employed,95455.0,686.0,5,683,No,Home/Furniture,436,Low
C09055,20,Freelancer,5000.0,577.0,4,237,Yes,Fashion,142,High
C09056,32,Employed,58031.0,695.0,2,228,No,Fashion,173,Low
C09057,39,Employed,100470.0,784.0,2,350,No,Electronics,411,Low
C09058,22,Freelancer,33293.0,637.0,6,1345,No,Electronics,479,Medium
C09059,21,Student,22613.0,702.0,1,81,No,Fashion,128,Low
C09060,25,Employed,55817.0,742.0,2,384,No,Travel,554,Low
C09061,44,Employed,70631.0,674.0,2,461,No,Fashion,86,Low
C09062,57,Student,20469.0,678.0,0,0,Yes,Home/Furniture,427,Low
C09063,32,Employed,68134.0,643.0,1,37,Yes,Fashion,88,Low
C09064,44,Freelancer,12596.0,551.0,3,491,No,Electronics,544,Low
C09065,63,Employed,,735.0,2,96,No,Electronics,588,Low
C09066,53,Student,17961.0,613.0,0,0,No,Electronics,661,Low
C09067,43,Unemployed,8406.0,493.0,0,0,Yes,Fashion,10,Low
C09068,51,Employed,53082.0,776.0,1,89,No,Electronics,725,Low
C09069,22,Employed,96916.0,,2,268,No,Home/Furniture,446,Low
C09070,33,Employed,42403.0,605.0,4,789,Yes,Electronics,661,Low
C09071,20,Employed,78098.0,753.0,2,366,No,Fashion,105,Low
C09072,18,Student,5000.0,562.0,2,538,No,Travel,1010,High
C09073,58,Student,19075.0,552.0,2,330,Yes,Fashion,154,Medium
C09074,60,Employed,67305.0,669.0,2,316,No,Home/Furniture,480,Low
C09075,21,Student,12710.0,499.0,0,0,Yes,Electronics,564,Low
C09076,58,Employed,80028.0,651.0,2,392,Yes,Fashion,112,Low
C09077,31,Freelancer,58366.0,732.0,1,187,No,Fashion,101,Low
C09078,25,Freelancer,40293.0,635.0,1,200,No,Fashion,131,Low
C09079,25,Employed,61747.0,605.0,10,1342,Yes,Fashion,95,Medium
C09080,29,Student,21643.0,549.0,3,315,Yes,Electronics,590,Low
C09081,61,Employed,109142.0,695.0,6,699,No,Electronics,662,Low
C09082,53,Unemployed,10753.0,615.0,2,377,Yes,Groceries/Essentials,69,Medium
C09083,33,Employed,47601.0,689.0,3,422,No,Travel,482,Low
C09084,21,Student,11878.0,536.0,2,269,No,Electronics,381,Low
C09085,25,Employed,77511.0,604.0,1,151,No,Fashion,152,Low
C09086,39,Employed,58357.0,682.0,6,824,No,Electronics,462,Low
C09087,19,Freelancer,46753.0,545.0,4,654,Yes,Electronics,627,Medium
C09088,27,Freelancer,106680.0,689.0,1,103,No,Electronics,493,Low
C09089,32,Employed,78646.0,696.0,3,580,No,Fashion,121,Low
C09090,25,Employed,94777.0,701.0,1,79,No,Electronics,712,Low
C09091,52,Employed,76676.0,719.0,2,441,No,Groceries/Essentials,24,Low
C09092,33,Employed,97576.0,693.0,0,0,No,Home/Furniture,455,Low
C09093,48,Freelancer,92781.0,714.0,5,492,No,Electronics,360,Low
C09094,41,Employed,63636.0,742.0,3,358,Yes,Travel,1287,Low
C09095,20,Freelancer,62455.0,556.0,2,337,No,Fashion,67,Low
C09096,41,Employed,113395.0,683.0,3,674,No,Fashion,71,Low
C09097,59,Freelancer,90124.0,619.0,2,296,No,Electronics,590,Low
C09098,19,Employed,55559.0,679.0,5,433,Yes,Electronics,408,Low
C09099,26,Freelancer,48010.0,563.0,2,356,No,Electronics,441,Low
C09100,31,Employed,70313.0,640.0,1,116,Yes,Electronics,466,Low
C09101,32,Employed,69459.0,746.0,3,545,No,Home/Furniture,451,Low
C09102,26,Employed,78892.0,644.0,2,371,Yes,Electronics,509,Low
C09103,32,Employed,61486.0,701.0,1,177,No,Fashion,41,Low
C09104,36,Employed,84905.0,716.0,1,117,No,Travel,803,Low
C09105,32,Student,,562.0,1,99,No,Electronics,585,Low
C09106,64,Freelancer,20053.0,605.0,2,207,No,Fashion,82,Low
C09107,41,Employed,100418.0,678.0,0,0,No,Groceries/Essentials,59,Low
C09108,39,Freelancer,81197.0,591.0,1,157,No,Fashion,113,Low
C09109,18,Employed,93819.0,676.0,1,355,No,Travel,1003,Low
C09110,21,Student,14628.0,610.0,1,209,No,Fashion,53,Low
C09111,18,Freelancer,10486.0,628.0,1,165,Yes,Fashion,126,Low
C09112,37,Employed,62418.0,661.0,0,0,No,Fashion,90,Low
C09113,40,Student,11336.0,599.0,2,63,No,Fashion,39,Low
C09114,23,Freelancer,64637.0,607.0,5,264,No,Fashion,77,Low
C09115,26,Employed,74472.0,646.0,2,330,Yes,Fashion,94,Low
C09116,59,Employed,61068.0,638.0,5,715,Yes,Electronics,618,Low
C09117,28,Employed,59935.0,646.0,3,462,No,Fashion,91,Low
C09118,21,Unemployed,,591.0,3,459,No,Groceries/Essentials,51,High
C09119,27,Employed,46825.0,723.0,2,246,No,Home/Furniture,372,Low
C09120,52,Freelancer,53232.0,719.0,2,271,No,Home/Furniture,433,Low
C09121,18,Employed,85509.0,754.0,2,294,No,Electronics,427,Low
C09122,26,Freelancer,52945.0,743.0,2,368,No,Fashion,77,Low
C09123,30,Employed,77144.0,693.0,1,169,No,Home/Furniture,504,Low
C09124,21,Employed,79382.0,574.0,2,334,No,Home/Furniture,418,Low
C09125,61,Freelancer,91637.0,660.0,3,621,No,Fashion,116,Low
C09126,19,Employed,34084.0,660.0,5,491,No,Electronics,718,Low
C09127,18,Employed,76796.0,615.0,2,418,No,Fashion,11,Low
C09128,50,Student,13817.0,688.0,4,677,No,Electronics,495,Medium
C09129,44,Employed,,698.0,8,1066,No,Electronics,312,Low
C09130,41,Unemployed,8891.0,644.0,5,1008,Yes,Fashion,92,High
C09131,40,Student,17488.0,640.0,2,204,Yes,Home/Furniture,385,Low
C09132,50,Employed,62940.0,722.0,3,678,No,Fashion,84,Low
C09133,28,Freelancer,63398.0,477.0,1,192,Yes,Home/Furniture,311,Low
C09134,48,Employed,88782.0,681.0,2,262,No,Fashion,97,Low
C09135,28,Student,6439.0,602.0,2,234,No,Home/Furniture,529,Low
C09136,36,Employed,62210.0,715.0,2,258,No,Home/Furniture,330,Low
C09137,34,Freelancer,47085.0,584.0,1,184,Yes,Travel,711,Low
C09138,36,Employed,100135.0,702.0,2,429,No,Fashion,33,Low
C09139,27,Freelancer,75937.0,674.0,1,241,No,Travel,1043,Low
C09140,60,Employed,81816.0,776.0,7,1225,No,Fashion,123,Low
C09141,24,Employed,100421.0,755.0,2,92,No,Travel,531,Low
C09142,56,Employed,115756.0,792.0,1,128,No,Home/Furniture,599,Low
C09143,20,Employed,81777.0,660.0,2,363,No,Groceries/Essentials,83,Low
C09144,20,Student,18520.0,555.0,2,305,No,Fashion,10,Low
C09145,19,Employed,50362.0,662.0,6,719,No,Fashion,109,Low
C09146,20,Student,14996.0,580.0,5,775,No,Electronics,139,Medium
C09147,30,Employed,84809.0,658.0,2,287,No,Home/Furniture,358,Low
C09148,52,Employed,50547.0,685.0,3,707,No,Fashion,77,Low
C09149,34,Freelancer,61361.0,664.0,2,226,No,Fashion,112,Low
C09150,44,Employed,71985.0,710.0,4,811,No,Home/Furniture,366,Low
C09151,21,Student,23156.0,689.0,3,572,No,Fashion,76,Low
C09152,28,Unemployed,12994.0,572.0,1,203,No,Fashion,167,Low
C09153,38,Employed,102922.0,633.0,3,301,Yes,Travel,296,Low
C09154,36,Employed,91585.0,678.0,4,263,No,Travel,614,Low
C09155,38,Student,14056.0,626.0,1,111,No,Electronics,234,Low
C09156,27,Employed,72291.0,804.0,2,277,No,Home/Furniture,319,Low
C09157,45,Unemployed,5000.0,484.0,3,697,Yes,Fashion,104,High
C09158,46,Employed,62294.0,799.0,3,332,No,Home/Furniture,205,Low
C09159,26,Employed,126766.0,670.0,1,130,No,Electronics,543,Low
C09160,48,Student,18493.0,620.0,0,0,No,Fashion,89,Low
C09161,45,Employed,35844.0,630.0,3,749,No,Home/Furniture,359,Low
C09162,22,Employed,61168.0,699.0,6,1089,Yes,Electronics,480,Medium
C09163,38,Student,5000.0,723.0,1,192,No,Electronics,405,Low
C09164,42,Freelancer,34555.0,608.0,1,207,Yes,Fashion,96,Low
C09165,41,Employed,43233.0,698.0,1,101,No,Fashion,45,Low
C09166,48,Employed,79737.0,646.0,2,180,No,Fashion,101,Low
C09167,38,Employed,55444.0,649.0,7,795,Yes,Electronics,674,Medium
C09168,21,Employed,83600.0,701.0,5,794,No,Electronics,382,Low
C09169,28,Employed,23983.0,645.0,3,540,Yes,Electronics,432,Low
C09170,21,Employed,28396.0,767.0,2,324,No,Electronics,111,Low
C09171,24,Employed,56688.0,679.0,1,119,No,Fashion,21,Low
C09172,23,Unemployed,16488.0,558.0,2,450,No,Electronics,621,Low
C09173,32,Freelancer,94387.0,611.0,2,496,Yes,Fashion,75,Low
C09174,24,Employed,54981.0,729.0,3,542,No,Fashion,45,Low
C09175,49,Student,7491.0,431.0,0,0,Yes,Electronics,455,Low
C09176,48,Employed,110450.0,708.0,2,403,No,Travel,1086,Low
C09177,33,Employed,73255.0,737.0,2,283,No,Travel,1109,Low
C09178,21,Student,18727.0,547.0,1,260,Yes,Fashion,117,Low
C09179,19,Employed,61806.0,655.0,1,256,No,Electronics,498,Low
C09180,27,Freelancer,75431.0,612.0,1,239,No,Fashion,112,Low
C09181,42,Employed,38984.0,717.0,7,596,No,Electronics,558,Low
C09182,28,Freelancer,18885.0,526.0,3,454,Yes,Fashion,93,Medium
C09183,34,Student,13575.0,623.0,2,467,Yes,Electronics,428,Medium
C09184,64,Student,19507.0,596.0,3,452,Yes,Electronics,225,Medium
C09185,30,Employed,101225.0,668.0,2,216,No,Home/Furniture,245,Low
C09186,26,Employed,43040.0,628.0,1,98,No,Electronics,351,Low
C09187,28,Employed,113658.0,737.0,1,237,No,Fashion,93,Low
C09188,26,Employed,109033.0,764.0,1,105,No,Electronics,486,Low
C09189,41,Employed,24113.0,684.0,2,152,No,Fashion,121,Low
C09190,34,Employed,66571.0,634.0,0,0,Yes,Fashion,45,Low
C09191,52,Employed,79797.0,730.0,2,253,No,Electronics,558,Low
C09192,50,Employed,45144.0,704.0,1,169,No,Fashion,83,Low
C09193,40,Employed,13899.0,730.0,0,0,No,Electronics,431,Low
C09194,51,Employed,55054.0,711.0,1,108,No,Electronics,577,Low
C09195,28,Unemployed,7456.0,367.0,2,356,Yes,Fashion,128,High
C09196,29,Student,10548.0,558.0,4,99,No,Fashion,146,Low
C09197,32,Freelancer,94388.0,618.0,0,0,Yes,Electronics,602,Low
C09198,50,Student,14078.0,661.0,1,116,No,Home/Furniture,556,Low
C09199,22,Employed,83659.0,702.0,3,473,No,Fashion,30,Low
C09200,31,Student,13969.0,605.0,4,546,Yes,Fashion,176,High
C09201,64,Employed,77468.0,653.0,2,351,No,Fashion,42,Low
C09202,22,Student,14770.0,531.0,1,158,Yes,Groceries/Essentials,48,Low
C09203,44,Employed,107224.0,690.0,1,232,No,Fashion,55,Low
C09204,49,Employed,84035.0,679.0,2,259,No,Fashion,122,Low
C09205,31,Freelancer,31586.0,709.0,2,144,No,Fashion,153,Low
C09206,23,Freelancer,54767.0,677.0,4,1077,No,Electronics,524,Low
C09207,21,Employed,54922.0,673.0,2,478,No,Fashion,76,Low
C09208,37,Student,11213.0,734.0,7,889,No,Electronics,545,High
C09209,47,Employed,83338.0,673.0,2,312,Yes,Electronics,399,Low
C09210,51,Employed,103393.0,712.0,4,689,No,Fashion,104,Low
C09211,23,Employed,73475.0,666.0,2,327,No,Electronics,658,Low
C09212,23,Employed,66865.0,763.0,3,444,No,Electronics,742,Low
C09213,42,Freelancer,77364.0,576.0,2,149,No,Electronics,449,Low
C09214,35,Employed,79560.0,659.0,3,335,No,Fashion,147,Low
C09215,31,Freelancer,47369.0,707.0,0,0,No,Travel,555,Low
C09216,33,Employed,59937.0,754.0,2,458,No,Travel,705,Low
C09217,22,Employed,64037.0,691.0,2,286,No,Electronics,365,Low
C09218,40,Freelancer,5000.0,719.0,1,138,No,Electronics,615,Low
C09219,19,Student,15617.0,584.0,2,261,No,Fashion,77,Low
C09220,30,Employed,96561.0,602.0,1,120,No,Fashion,93,Low
C09221,54,Student,15650.0,668.0,2,306,No,Fashion,189,Low
C09222,44,Freelancer,98723.0,725.0,3,507,Yes,Electronics,379,Low
C09223,18,Employed,36406.0,756.0,1,89,No,Electronics,344,Low
C09224,29,Employed,85377.0,630.0,6,1317,No,Electronics,303,Low
C09225,57,Employed,52520.0,619.0,2,242,No,Electronics,382,Low
C09226,22,Employed,61843.0,687.0,1,188,No,Groceries/Essentials,42,Low
C09227,51,Employed,19546.0,689.0,3,526,No,Groceries/Essentials,55,Low
C09228,24,Employed,57477.0,681.0,2,282,No,Electronics,394,Low
C09229,20,Student,23476.0,612.0,1,128,No,Fashion,112,Low
C09230,25,Student,10690.0,492.0,1,98,No,Fashion,115,Low
C09231,54,Student,17774.0,625.0,5,919,Yes,Fashion,124,High
C09232,20,Student,12384.0,469.0,3,469,No,Home/Furniture,329,Medium
C09233,19,Student,7430.0,800.0,1,95,Yes,Fashion,58,Low
C09234,34,Employed,43462.0,777.0,2,266,No,Home/Furniture,319,Low
C09235,34,Employed,82807.0,739.0,5,1064,No,Electronics,716,Low
C09236,54,Unemployed,11503.0,606.0,4,578,Yes,Electronics,547,High
C09237,24,Unemployed,24893.0,518.0,1,144,Yes,Electronics,547,Medium
C09238,42,Employed,72625.0,,2,201,No,Groceries/Essentials,64,Low
C09239,24,Employed,99427.0,755.0,1,200,No,Fashion,72,Low
C09240,42,Employed,34922.0,684.0,4,243,Yes,Fashion,30,Low
C09241,31,Employed,66415.0,678.0,2,362,No,Home/Furniture,490,Low
C09242,23,Freelancer,115073.0,696.0,2,380,No,Electronics,622,Low
C09243,29,Employed,81867.0,745.0,4,560,No,Travel,728,Low
C09244,24,Employed,78771.0,717.0,2,434,No,Electronics,368,Low
C09245,27,Employed,81495.0,703.0,2,286,No,Home/Furniture,458,Low
C09246,63,Freelancer,90604.0,683.0,1,209,No,Fashion,87,Low
C09247,21,Employed,48443.0,665.0,1,242,No,Electronics,492,Low
C09248,29,Employed,51950.0,730.0,1,182,No,Fashion,115,Low
C09249,25,Employed,84642.0,675.0,1,175,No,Home/Furniture,474,Low
C09250,43,Employed,107181.0,752.0,2,415,No,Travel,888,Low
C09251,24,Employed,102970.0,613.0,2,258,No,Electronics,342,Low
C09252,22,Freelancer,59284.0,557.0,2,322,No,Fashion,140,Low
C09253,28,Employed,118886.0,620.0,1,33,No,Travel,946,Low
C09254,58,Student,11702.0,585.0,5,645,No,Fashion,50,Medium
C09255,29,Freelancer,79436.0,604.0,2,253,No,Fashion,129,Low
C09256,36,Unemployed,5000.0,512.0,0,0,Yes,Home/Furniture,512,Low
C09257,19,Student,9595.0,560.0,2,456,No,Electronics,405,Medium
C09258,47,Student,9507.0,524.0,5,499,No,Fashion,119,High
C09259,38,Employed,45503.0,743.0,2,112,No,Fashion,122,Low
C09260,43,Employed,82457.0,751.0,3,343,No,Electronics,720,Low
C09261,43,Employed,82655.0,752.0,1,207,No,Travel,760,Low
C09262,18,Student,16661.0,579.0,2,432,No,Groceries/Essentials,68,Low
C09263,47,Freelancer,84404.0,585.0,1,128,No,Fashion,74,Low
C09264,36,Employed,76741.0,679.0,1,152,No,Home/Furniture,148,Low
C09265,59,Employed,117519.0,719.0,1,224,No,Fashion,50,Low
C09266,38,Employed,105384.0,656.0,1,180,No,Travel,785,Low
C09267,61,Unemployed,8821.0,584.0,1,154,No,Fashion,98,Low
C09268,58,Employed,42977.0,703.0,2,343,No,Fashion,78,Low
C09269,28,Student,12687.0,,4,636,Yes,Fashion,22,High
C09270,22,Employed,50431.0,752.0,2,354,No,Home/Furniture,317,Low
C09271,53,Employed,96590.0,741.0,3,509,No,Electronics,471,Low
C09272,47,Freelancer,42489.0,648.0,1,102,No,Electronics,298,Low
C09273,27,Employed,,692.0,0,0,No,Fashion,92,Low
C09274,47,Unemployed,14936.0,693.0,1,131,No,Fashion,100,Low
C09275,18,Employed,78361.0,770.0,0,0,No,Electronics,477,Low
C09276,44,Employed,104569.0,713.0,0,0,No,Fashion,52,Low
C09277,38,Unemployed,5000.0,743.0,10,1481,No,Electronics,467,High
C09278,21,Employed,80574.0,847.0,2,275,No,Fashion,95,Low
C09279,54,Employed,36663.0,786.0,0,0,No,Fashion,119,Low
C09280,55,Student,9631.0,560.0,1,221,Yes,Electronics,686,Low
C09281,20,Student,16160.0,644.0,1,133,No,Fashion,34,Low
C09282,21,Freelancer,,593.0,3,329,Yes,Fashion,123,Low
C09283,64,Employed,70704.0,676.0,1,137,No,Home/Furniture,411,Low
C09284,42,Employed,72772.0,753.0,8,1390,No,Groceries/Essentials,69,Low
C09285,58,Employed,83287.0,677.0,2,247,No,Fashion,93,Low
C09286,46,Freelancer,59900.0,609.0,3,526,Yes,Fashion,101,Low
C09287,25,Employed,37476.0,667.0,0,0,No,Home/Furniture,311,Low
C09288,43,Employed,74672.0,744.0,3,505,No,Electronics,504,Low
C09289,51,Freelancer,59212.0,608.0,1,98,Yes,Fashion,151,Low
C09290,43,Employed,102884.0,645.0,3,330,No,Fashion,123,Low
C09291,64,Freelancer,86229.0,667.0,1,156,No,Fashion,91,Low
C09292,24,Employed,31696.0,638.0,1,201,Yes,Groceries/Essentials,29,Low
C09293,42,Unemployed,5000.0,374.0,2,347,Yes,Travel,893,High
C09294,42,Employed,12827.0,738.0,0,0,No,Fashion,76,Low
C09295,21,Employed,56442.0,636.0,5,885,No,Fashion,103,Low
C09296,42,Employed,40910.0,666.0,3,646,No,Electronics,400,Low
C09297,53,Employed,100719.0,654.0,1,122,No,Fashion,58,Low
C09298,39,Employed,83575.0,706.0,1,99,Yes,Home/Furniture,317,Low
C09299,33,Employed,98884.0,785.0,4,721,No,Electronics,365,Low
C09300,24,Freelancer,66139.0,609.0,3,386,Yes,Electronics,446,Low
C09301,20,Employed,51804.0,634.0,3,735,Yes,Electronics,626,Low
C09302,19,Employed,54751.0,656.0,2,226,No,Fashion,211,Low
C09303,24,Unemployed,5527.0,541.0,1,172,Yes,Home/Furniture,449,Medium
C09304,53,Employed,54223.0,729.0,5,756,No,Electronics,296,Low
C09305,60,Student,13739.0,625.0,0,0,No,Electronics,651,Low
C09306,46,Employed,74018.0,684.0,1,143,No,Home/Furniture,465,Low
C09307,26,Employed,77755.0,683.0,0,0,No,Fashion,117,Low
C09308,43,Employed,59345.0,695.0,2,338,No,Fashion,116,Low
C09309,62,Student,14787.0,676.0,4,554,No,Home/Furniture,275,Medium
C09310,21,Freelancer,9520.0,690.0,1,111,No,Fashion,91,Low
C09311,20,Student,19653.0,709.0,2,68,No,Travel,537,Low
C09312,37,Freelancer,48381.0,691.0,0,0,No,Groceries/Essentials,57,Low
C09313,18,Employed,53279.0,723.0,5,582,No,Electronics,272,Low
C09314,23,Employed,91715.0,649.0,5,546,Yes,Fashion,93,Low
C09315,28,Student,15440.0,617.0,1,199,Yes,Electronics,516,Low
C09316,30,Employed,98790.0,644.0,1,167,No,Electronics,652,Low
C09317,45,Employed,49310.0,714.0,1,102,No,Fashion,69,Low
C09318,34,Employed,93105.0,711.0,1,157,No,Electronics,231,Low
C09319,41,Student,13060.0,546.0,2,397,Yes,Fashion,156,Medium
C09320,28,Employed,25713.0,770.0,0,0,No,Electronics,513,Low
C09321,50,Employed,70609.0,713.0,0,0,No,Fashion,112,Low
C09322,32,Employed,87660.0,,5,720,No,Electronics,250,Low
C09323,23,Student,19026.0,653.0,2,246,No,Electronics,363,Low
C09324,50,Employed,99419.0,,5,797,No,Home/Furniture,407,Low
C09325,22,Freelancer,72278.0,690.0,3,492,No,Electronics,410,Low
C09326,62,Employed,50317.0,602.0,1,177,No,Electronics,508,Low
C09327,30,Employed,87156.0,729.0,2,353,No,Electronics,463,Low
C09328,25,Employed,73253.0,725.0,5,1067,No,Electronics,408,Low
C09329,31,Student,16265.0,589.0,3,294,No,Home/Furniture,503,Low
C09330,22,Employed,42938.0,675.0,4,499,No,Travel,673,Low
C09331,54,Freelancer,58184.0,741.0,1,168,No,Travel,993,Low
C09332,28,Freelancer,17574.0,671.0,2,69,No,Fashion,145,Low
C09333,27,Student,12428.0,612.0,5,711,No,Fashion,203,High
C09334,48,Employed,59049.0,770.0,2,449,No,Fashion,141,Low
C09335,56,Employed,85879.0,789.0,1,174,No,Electronics,454,Low
C09336,21,Student,11924.0,629.0,2,293,No,Home/Furniture,430,Low
C09337,39,Employed,83604.0,636.0,0,0,No,Home/Furniture,427,Low
C09338,61,Employed,83277.0,667.0,2,272,No,Home/Furniture,374,Low
C09339,32,Employed,77912.0,675.0,5,738,No,Electronics,546,Low
C09340,47,Employed,,642.0,1,142,Yes,Electronics,533,Low
C09341,22,Freelancer,60697.0,590.0,1,99,No,Fashion,123,Low
C09342,23,Freelancer,38247.0,624.0,3,472,Yes,Groceries/Essentials,10,Low
C09343,36,Employed,100181.0,723.0,0,0,Yes,Fashion,74,Low
C09344,18,Employed,89377.0,683.0,6,549,No,Fashion,139,Low
C09345,32,Employed,47117.0,721.0,2,353,No,Fashion,154,Low
C09346,40,Employed,60377.0,748.0,2,358,No,Travel,598,Low
C09347,32,Student,15687.0,441.0,4,770,Yes,Fashion,143,High
C09348,27,Employed,86518.0,675.0,0,0,No,Fashion,181,Low
C09349,39,Employed,75615.0,628.0,4,387,No,Electronics,428,Low
C09350,54,Employed,42735.0,744.0,1,0,No,Fashion,94,Low
C09351,24,Student,9770.0,651.0,0,0,No,Fashion,129,Low
C09352,39,Employed,51603.0,671.0,3,488,Yes,Travel,594,Low
C09353,21,Student,12683.0,600.0,2,299,Yes,Electronics,596,Medium
C09354,44,Student,17671.0,585.0,6,1099,No,Fashion,86,High
C09355,24,Employed,41392.0,724.0,7,1350,No,Electronics,692,Low
C09356,52,Student,13558.0,488.0,2,0,Yes,Home/Furniture,308,Low
C09357,24,Student,12471.0,688.0,6,235,No,Electronics,843,Low
C09358,36,Freelancer,46151.0,751.0,3,476,Yes,Home/Furniture,468,Low
C09359,18,Employed,78523.0,793.0,0,0,No,Fashion,88,Low
C09360,28,Employed,59548.0,694.0,2,269,No,Fashion,89,Low
C09361,64,Student,10055.0,675.0,1,175,No,Electronics,285,Low
C09362,61,Freelancer,20027.0,665.0,2,158,No,Groceries/Essentials,48,Low
C09363,21,Employed,71294.0,836.0,2,213,No,Fashion,117,Low
C09364,24,Employed,72392.0,744.0,1,82,No,Home/Furniture,369,Low
C09365,45,Student,13548.0,586.0,1,136,No,Electronics,501,Low
C09366,24,Unemployed,12086.0,400.0,2,84,Yes,Electronics,434,Medium
C09367,27,Employed,43422.0,749.0,3,769,No,Fashion,142,Low
C09368,59,Employed,58572.0,717.0,5,757,No,Home/Furniture,519,Low
C09369,35,Employed,73903.0,695.0,4,478,Yes,Home/Furniture,332,Low
C09370,26,Freelancer,57167.0,688.0,1,116,No,Fashion,123,Low
C09371,21,Unemployed,5000.0,489.0,1,87,No,Fashion,141,Low
C09372,35,Employed,84724.0,727.0,1,108,No,Electronics,662,Low
C09373,42,Student,14797.0,536.0,4,291,Yes,Electronics,371,Medium
C09374,26,Employed,72013.0,693.0,9,583,No,Home/Furniture,446,Low
C09375,28,Freelancer,63549.0,572.0,3,455,No,Electronics,139,Low
C09376,38,Employed,86707.0,723.0,2,234,No,Groceries/Essentials,22,Low
C09377,20,Student,17821.0,543.0,3,680,Yes,Fashion,47,Medium
C09378,44,Student,16377.0,677.0,7,1390,No,Home/Furniture,369,High
C09379,30,Student,15407.0,598.0,3,456,No,Home/Furniture,307,Low
C09380,40,Freelancer,43935.0,730.0,1,155,No,Fashion,68,Low
C09381,19,Freelancer,19414.0,579.0,4,753,No,Electronics,536,Medium
C09382,23,Student,20267.0,588.0,3,195,Yes,Fashion,187,Low
C09383,42,Employed,84234.0,626.0,1,174,No,Electronics,615,Low
C09384,21,Unemployed,7963.0,413.0,2,309,Yes,Electronics,599,High
C09385,27,Employed,36279.0,680.0,4,901,No,Electronics,501,Low
C09386,63,Student,17029.0,574.0,1,42,No,Home/Furniture,523,Low
C09387,24,Student,13088.0,620.0,1,192,No,Electronics,353,Low
C09388,24,Student,10527.0,478.0,1,116,Yes,Home/Furniture,421,Low
C09389,23,Student,15293.0,581.0,3,523,Yes,Home/Furniture,451,Medium
C09390,18,Freelancer,44806.0,576.0,5,756,Yes,Electronics,257,Medium
C09391,50,Employed,106228.0,684.0,3,267,No,Electronics,641,Low
C09392,29,Freelancer,53121.0,793.0,2,291,No,Electronics,271,Low
C09393,22,Freelancer,48344.0,726.0,3,437,No,Electronics,471,Low
C09394,45,Employed,66785.0,798.0,4,430,Yes,Electronics,287,Low
C09395,19,Employed,56628.0,718.0,0,0,No,Home/Furniture,344,Low
C09396,52,Student,21643.0,584.0,3,228,Yes,Fashion,95,Low
C09397,33,Employed,101866.0,716.0,3,373,No,Fashion,167,Low
C09398,25,Employed,75683.0,773.0,1,192,No,Home/Furniture,570,Low
C09399,35,Employed,75001.0,724.0,7,1329,No,Electronics,511,Low
C09400,36,Freelancer,49322.0,593.0,2,298,Yes,Electronics,602,Low
C09401,29,Employed,87294.0,707.0,2,438,No,Electronics,453,Low
C09402,23,Employed,86878.0,703.0,1,188,No,Fashion,88,Low
C09403,23,Freelancer,5000.0,634.0,1,50,No,Fashion,48,Low
C09404,27,Employed,86154.0,741.0,4,641,No,Groceries/Essentials,57,Low
C09405,43,Employed,82114.0,685.0,3,488,No,Fashion,96,Low
C09406,33,Student,8552.0,574.0,2,306,Yes,Fashion,83,Medium
C09407,30,Employed,103704.0,710.0,2,122,No,Electronics,855,Low
C09408,51,Employed,78318.0,739.0,1,224,No,Home/Furniture,379,Low
C09409,40,Employed,,639.0,4,721,Yes,Electronics,470,Low
C09410,47,Employed,80254.0,715.0,5,853,No,Groceries/Essentials,58,Low
C09411,25,Freelancer,61612.0,670.0,6,1377,No,Electronics,654,Low
C09412,40,Freelancer,29822.0,687.0,1,174,No,Home/Furniture,461,Low
C09413,53,Employed,31454.0,711.0,0,0,Yes,Fashion,160,Low
C09414,19,Student,14135.0,559.0,3,419,Yes,Groceries/Essentials,48,Medium
C09415,57,Student,12580.0,559.0,0,0,Yes,Home/Furniture,484,Low
C09416,41,Employed,76128.0,719.0,2,290,No,Travel,665,Low
C09417,28,Student,17588.0,612.0,0,0,No,Home/Furniture,330,Low
C09418,37,Employed,60205.0,570.0,1,206,No,Fashion,43,Low
C09419,32,Freelancer,31810.0,719.0,0,0,No,Groceries/Essentials,67,Low
C09420,29,Employed,65892.0,755.0,1,116,No,Groceries/Essentials,31,Low
C09421,18,Employed,54680.0,628.0,1,148,No,Home/Furniture,388,Low
C09422,45,Employed,100791.0,720.0,2,174,No,Home/Furniture,459,Low
C09423,57,Employed,94187.0,688.0,1,240,No,Home/Furniture,442,Low
C09424,36,Employed,78206.0,756.0,2,406,No,Fashion,107,Low
C09425,33,Freelancer,28220.0,586.0,3,597,No,Groceries/Essentials,75,Low
C09426,47,Employed,81836.0,648.0,1,230,Yes,Electronics,387,Low
C09427,34,Student,20913.0,509.0,10,1810,Yes,Groceries/Essentials,83,High
C09428,20,Employed,66185.0,697.0,1,123,No,Electronics,572,Low
C09429,20,Freelancer,81930.0,535.0,1,249,Yes,Electronics,689,Low
C09430,47,Employed,81183.0,691.0,4,406,No,Fashion,138,Low
C09431,60,Employed,54712.0,683.0,0,0,No,Home/Furniture,334,Low
C09432,21,Freelancer,24460.0,673.0,2,270,No,Electronics,691,Low
C09433,38,Employed,91455.0,702.0,2,169,Yes,Electronics,699,Low
C09434,35,Employed,69761.0,743.0,8,771,No,Home/Furniture,306,Low
C09435,24,Employed,,678.0,3,685,No,Electronics,434,Low
C09436,22,Freelancer,96068.0,682.0,1,193,No,Electronics,348,Low
C09437,18,Student,8022.0,596.0,5,928,Yes,Home/Furniture,370,High
C09438,28,Student,17791.0,491.0,3,461,Yes,Home/Furniture,428,Medium
C09439,44,Employed,31577.0,805.0,3,495,No,Home/Furniture,271,Low
C09440,23,Employed,109187.0,812.0,10,2182,No,Home/Furniture,444,Low
C09441,47,Employed,81192.0,682.0,3,362,No,Fashion,51,Low
C09442,19,Employed,29081.0,660.0,0,0,No,Travel,758,Low
C09443,20,Employed,59077.0,765.0,5,558,No,Fashion,127,Low
C09444,24,Freelancer,62448.0,517.0,1,120,Yes,Electronics,227,Low
C09445,22,Student,5000.0,438.0,2,195,Yes,Fashion,109,High
C09446,37,Student,14828.0,612.0,2,296,Yes,Electronics,531,Low
C09447,33,Employed,98899.0,723.0,2,76,No,Fashion,112,Low
C09448,27,Employed,43686.0,719.0,6,1248,No,Electronics,562,Low
C09449,62,Employed,65100.0,753.0,10,1303,No,Electronics,262,Low
C09450,18,Employed,,818.0,2,233,No,Fashion,98,Low
C09451,29,Employed,87124.0,641.0,3,434,No,Electronics,488,Low
C09452,50,Unemployed,,647.0,2,266,No,Home/Furniture,374,Medium
C09453,28,Employed,62456.0,710.0,2,62,No,Electronics,706,Low
C09454,20,Employed,87602.0,628.0,4,761,Yes,Fashion,108,Low
C09455,22,Employed,88998.0,822.0,0,0,No,Electronics,520,Low
C09456,24,Employed,103118.0,720.0,0,0,No,Fashion,52,Low
C09457,21,Student,12818.0,485.0,1,141,Yes,Fashion,115,Low
C09458,38,Employed,54968.0,618.0,3,414,No,Fashion,12,Low
C09459,41,Employed,84983.0,713.0,0,0,No,Fashion,30,Low
C09460,47,Employed,67361.0,673.0,1,257,No,Fashion,93,Low
C09461,20,Freelancer,84716.0,666.0,1,128,No,Fashion,126,Low
C09462,45,Freelancer,77132.0,717.0,3,266,No,Fashion,119,Low
C09463,42,Employed,101583.0,751.0,1,78,No,Electronics,182,Low
C09464,32,Freelancer,46722.0,619.0,2,199,No,Electronics,453,Low
C09465,47,Student,19817.0,532.0,2,323,Yes,Electronics,315,Low
C09466,47,Student,16572.0,625.0,1,73,No,Groceries/Essentials,55,Low
C09467,25,Employed,100835.0,559.0,3,417,No,Electronics,439,Low
C09468,43,Employed,55934.0,693.0,2,393,No,Home/Furniture,289,Low
C09469,19,Employed,58028.0,781.0,1,141,Yes,Travel,829,Low
C09470,28,Employed,106191.0,636.0,1,12,No,Fashion,31,Low
C09471,42,Employed,67696.0,736.0,7,2032,No,Electronics,337,Low
C09472,53,Employed,71125.0,682.0,8,1630,No,Fashion,120,Medium
C09473,40,Freelancer,25676.0,710.0,1,127,No,Groceries/Essentials,88,Low
C09474,27,Employed,82443.0,683.0,5,825,No,Electronics,305,Low
C09475,25,Employed,110241.0,687.0,3,655,No,Fashion,133,Low
C09476,24,Employed,46239.0,720.0,0,0,No,Home/Furniture,605,Low
C09477,27,Employed,64275.0,706.0,1,166,No,Fashion,109,Low
C09478,63,Employed,92055.0,668.0,1,153,No,Fashion,38,Low
C09479,55,Student,29160.0,643.0,1,190,Yes,Electronics,390,Low
C09480,31,Freelancer,51149.0,637.0,2,119,No,Fashion,140,Low
C09481,26,Student,16794.0,525.0,1,150,Yes,Travel,257,Low
C09482,24,Employed,71042.0,677.0,3,572,No,Fashion,64,Low
C09483,22,Employed,112162.0,694.0,7,1179,No,Fashion,63,Low
C09484,22,Employed,92482.0,781.0,5,484,No,Fashion,60,Low
C09485,48,Employed,108274.0,708.0,2,316,No,Electronics,754,Low
C09486,42,Student,22275.0,555.0,2,374,Yes,Electronics,642,Low
C09487,27,Freelancer,54917.0,688.0,2,269,No,Electronics,543,Low
C09488,34,Employed,99846.0,657.0,1,117,No,Fashion,168,Low
C09489,47,Freelancer,46688.0,633.0,2,299,No,Home/Furniture,477,Low
C09490,43,Employed,61887.0,739.0,1,173,No,Home/Furniture,303,Low
C09491,25,Student,22123.0,560.0,3,345,Yes,Electronics,335,Low
C09492,23,Freelancer,89452.0,658.0,0,0,Yes,Home/Furniture,376,Low
C09493,19,Employed,45693.0,677.0,3,300,No,Fashion,79,Low
C09494,33,Student,12542.0,552.0,5,902,No,Fashion,105,High
C09495,37,Employed,62889.0,732.0,2,271,No,Fashion,81,Low
C09496,30,Employed,84266.0,725.0,2,201,No,Electronics,557,Low
C09497,61,Employed,69345.0,589.0,6,746,No,Fashion,139,Low
C09498,23,Employed,57627.0,620.0,9,1261,No,Home/Furniture,484,Medium
C09499,24,Employed,22448.0,,1,124,No,Fashion,101,Low
C09500,22,Employed,75743.0,657.0,2,312,Yes,Electronics,487,Low
C09501,48,Employed,96849.0,731.0,4,464,No,Fashion,41,Low
C09502,39,Employed,87315.0,687.0,0,0,No,Fashion,91,Low
C09503,48,Student,11033.0,503.0,4,406,Yes,Electronics,314,High
C09504,27,Employed,78002.0,752.0,3,467,No,Groceries/Essentials,31,Low
C09505,23,Employed,100127.0,774.0,6,1144,Yes,Fashion,114,Low
C09506,23,Employed,62870.0,731.0,1,81,No,Fashion,112,Low
C09507,48,Employed,38001.0,645.0,0,0,Yes,Fashion,78,Low
C09508,18,Employed,49734.0,647.0,1,177,No,Home/Furniture,450,Low
C09509,39,Employed,55836.0,630.0,1,187,No,Fashion,103,Low
C09510,27,Student,18325.0,646.0,2,304,Yes,Groceries/Essentials,21,Low
C09511,31,Employed,71869.0,726.0,2,362,No,Fashion,143,Low
C09512,64,Employed,51935.0,783.0,7,512,No,Fashion,62,Low
C09513,23,Employed,37940.0,649.0,1,166,No,Fashion,10,Low
C09514,64,Unemployed,7616.0,576.0,1,159,No,Electronics,480,Low
C09515,29,Employed,73254.0,656.0,2,342,No,Home/Furniture,513,Low
C09516,52,Student,12611.0,619.0,1,150,Yes,Groceries/Essentials,60,Low
C09517,27,Student,11926.0,446.0,0,0,No,Travel,804,Low
C09518,26,Student,,577.0,2,206,No,Electronics,245,Low
C09519,28,Freelancer,71710.0,687.0,2,385,No,Fashion,154,Low
C09520,38,Freelancer,30708.0,694.0,1,108,No,Electronics,196,Low
C09521,41,Student,18491.0,,0,0,No,Fashion,45,Low
C09522,59,Employed,79483.0,656.0,1,69,No,Groceries/Essentials,60,Low
C09523,24,Employed,66284.0,702.0,2,114,No,Electronics,208,Low
C09524,38,Employed,45478.0,655.0,1,115,No,Electronics,557,Low
C09525,26,Employed,73742.0,778.0,3,726,No,Electronics,534,Low
C09526,25,Employed,65395.0,677.0,1,92,No,Electronics,335,Low
C09527,26,Employed,68056.0,715.0,3,593,No,Fashion,51,Low
C09528,24,Employed,68477.0,724.0,3,643,No,Electronics,561,Low
C09529,37,Employed,74991.0,756.0,0,0,No,Fashion,111,Low
C09530,29,Employed,82100.0,760.0,1,143,No,Fashion,53,Low
C09531,28,Employed,73322.0,694.0,3,186,Yes,Fashion,108,Low
C09532,63,Employed,86183.0,708.0,1,141,No,Electronics,273,Low
C09533,24,Unemployed,12638.0,563.0,4,877,Yes,Fashion,133,High
C09534,23,Freelancer,43611.0,644.0,0,0,No,Groceries/Essentials,13,Low
C09535,18,Student,15130.0,589.0,0,0,No,Home/Furniture,283,Low
C09536,32,Employed,94133.0,699.0,2,205,No,Travel,488,Low
C09537,23,Student,5000.0,607.0,1,140,No,Home/Furniture,352,Low
C09538,23,Student,18597.0,600.0,1,284,No,Fashion,146,Low
C09539,61,Employed,95271.0,639.0,2,407,No,Travel,429,Low
C09540,19,Employed,45313.0,693.0,2,193,Yes,Home/Furniture,359,Low
C09541,41,Freelancer,,613.0,3,701,Yes,Home/Furniture,456,Low
C09542,42,Student,14137.0,,3,465,Yes,Home/Furniture,321,Medium
C09543,22,Employed,51406.0,717.0,1,154,No,Electronics,405,Low
C09544,23,Freelancer,75215.0,682.0,4,753,No,Electronics,689,Low
C09545,49,Employed,,685.0,2,341,No,Electronics,766,Low
C09546,29,Employed,82045.0,625.0,1,179,No,Fashion,173,Low
C09547,60,Freelancer,35766.0,671.0,1,105,No,Electronics,789,Low
C09548,28,Employed,37835.0,736.0,1,88,No,Home/Furniture,420,Low
C09549,20,Employed,60919.0,711.0,5,691,No,Fashion,89,Low
C09550,32,Freelancer,,673.0,0,0,No,Fashion,58,Low
C09551,27,Student,16354.0,570.0,1,135,Yes,Groceries/Essentials,36,Low
C09552,30,Student,6828.0,682.0,6,1123,No,Fashion,75,High
C09553,18,Employed,65735.0,681.0,3,362,No,Home/Furniture,374,Low
C09554,60,Freelancer,123839.0,607.0,1,240,No,Electronics,591,Low
C09555,22,Employed,73488.0,681.0,1,66,No,Electronics,592,Low
C09556,21,Employed,52366.0,734.0,2,142,No,Electronics,529,Low
C09557,57,Employed,48020.0,566.0,5,624,No,Home/Furniture,269,Low
C09558,35,Employed,79279.0,708.0,4,785,No,Home/Furniture,477,Low
C09559,51,Student,9633.0,577.0,3,549,No,Home/Furniture,427,Medium
C09560,26,Employed,55544.0,650.0,1,198,No,Home/Furniture,324,Low
C09561,32,Freelancer,52871.0,531.0,1,193,No,Fashion,134,Low
C09562,24,Employed,81951.0,711.0,2,296,No,Fashion,63,Low
C09563,18,Unemployed,20057.0,496.0,4,497,No,Electronics,737,Medium
C09564,41,Freelancer,110153.0,627.0,2,253,No,Electronics,679,Low
C09565,41,Employed,66525.0,661.0,7,1334,No,Electronics,133,Low
C09566,47,Employed,81794.0,705.0,3,638,No,Fashion,124,Low
C09567,23,Employed,67976.0,733.0,1,157,No,Electronics,582,Low
C09568,51,Student,21724.0,661.0,6,997,No,Fashion,107,Medium
C09569,26,Employed,72753.0,676.0,4,436,No,Travel,923,Low
C09570,46,Employed,103987.0,749.0,1,199,No,Home/Furniture,441,Low
C09571,49,Unemployed,28368.0,404.0,2,321,Yes,Fashion,146,Medium
C09572,20,Employed,78153.0,667.0,0,0,No,Fashion,162,Low
C09573,22,Employed,71347.0,757.0,1,162,No,Electronics,474,Low
C09574,27,Employed,77238.0,703.0,2,339,No,Fashion,72,Low
C09575,18,Employed,43829.0,724.0,2,282,No,Electronics,811,Low
C09576,53,Student,16980.0,523.0,2,122,Yes,Electronics,543,Low
C09577,57,Employed,94353.0,673.0,2,353,No,Fashion,86,Low
C09578,30,Employed,79802.0,774.0,3,482,No,Electronics,294,Low
C09579,54,Employed,101624.0,671.0,2,284,No,Fashion,129,Low
C09580,64,Student,17450.0,635.0,4,526,No,Electronics,527,Low
C09581,19,Employed,84022.0,728.0,2,292,No,Travel,731,Low
C09582,24,Freelancer,59459.0,656.0,3,748,No,Travel,985,Low
C09583,25,Unemployed,19523.0,631.0,3,500,Yes,Fashion,127,Medium
C09584,41,Unemployed,10399.0,564.0,1,147,No,Fashion,33,Low
C09585,28,Freelancer,46504.0,616.0,3,525,No,Fashion,60,Low
C09586,50,Employed,80947.0,716.0,2,389,No,Fashion,62,Low
C09587,44,Student,20063.0,571.0,3,872,No,Travel,607,Medium
C09588,21,Employed,20679.0,730.0,3,342,No,Travel,776,Low
C09589,19,Employed,76110.0,776.0,1,167,No,Fashion,98,Low
C09590,24,Employed,95184.0,733.0,0,0,No,Home/Furniture,383,Low
C09591,32,Employed,71263.0,695.0,4,391,No,Fashion,131,Low
C09592,26,Employed,105342.0,615.0,3,656,No,Fashion,80,Low
C09593,39,Employed,79746.0,810.0,4,627,No,Fashion,96,Low
C09594,40,Employed,43060.0,646.0,4,843,Yes,Fashion,83,Low
C09595,51,Employed,68580.0,633.0,4,552,Yes,Fashion,65,Low
C09596,18,Student,20702.0,531.0,1,164,Yes,Home/Furniture,495,Low
C09597,21,Freelancer,72763.0,474.0,1,171,Yes,Electronics,215,Low
C09598,18,Employed,83914.0,661.0,1,154,No,Travel,728,Low
C09599,30,Employed,78050.0,686.0,0,0,No,Fashion,109,Low
C09600,18,Student,5000.0,623.0,2,348,No,Fashion,44,Medium
C09601,18,Employed,54499.0,653.0,6,881,No,Travel,730,Low
C09602,25,Freelancer,20154.0,653.0,2,300,No,Electronics,568,Low
C09603,39,Freelancer,29852.0,664.0,2,200,No,Fashion,167,Low
C09604,44,Employed,74028.0,688.0,2,280,No,Fashion,123,Low
C09605,26,Employed,54716.0,593.0,1,200,Yes,Home/Furniture,394,Low
C09606,19,Employed,96368.0,766.0,2,183,Yes,Fashion,26,Low
C09607,22,Employed,38461.0,727.0,2,362,No,Home/Furniture,360,Low
C09608,24,Unemployed,9775.0,612.0,4,651,Yes,Electronics,688,High
C09609,52,Student,19983.0,650.0,3,91,No,Fashion,97,Low
C09610,21,Employed,86631.0,685.0,5,565,No,Electronics,502,Low
C09611,27,Employed,,749.0,3,344,No,Electronics,366,Low
C09612,42,Employed,96534.0,695.0,1,118,No,Electronics,596,Low
C09613,26,Employed,59748.0,586.0,3,474,No,Electronics,557,Low
C09614,57,Student,22245.0,605.0,0,0,Yes,Fashion,94,Low
C09615,22,Employed,76650.0,698.0,2,407,No,Home/Furniture,439,Low
C09616,18,Employed,59501.0,668.0,0,0,No,Fashion,113,Low
C09617,46,Employed,43054.0,717.0,3,369,No,Fashion,83,Low
C09618,32,Student,12905.0,617.0,0,0,No,Home/Furniture,282,Low
C09619,36,Employed,65009.0,,0,0,No,Groceries/Essentials,58,Low
C09620,42,Student,22783.0,584.0,1,127,Yes,Fashion,41,Low
C09621,40,Unemployed,11734.0,602.0,6,739,Yes,Electronics,718,High
C09622,34,Student,20282.0,436.0,0,0,Yes,Electronics,282,Low
C09623,19,Employed,41409.0,665.0,8,426,No,Home/Furniture,329,Low
C09624,19,Student,16231.0,625.0,3,490,No,Fashion,47,Low
C09625,37,Employed,64253.0,764.0,4,534,No,Electronics,391,Low
C09626,20,Student,14408.0,601.0,1,141,Yes,Travel,989,Low
C09627,18,Student,16791.0,651.0,1,256,No,Fashion,110,Low
C09628,60,Employed,103009.0,766.0,1,51,No,Fashion,101,Low
C09629,18,Student,14575.0,518.0,2,372,Yes,Travel,728,Medium
C09630,22,Employed,81576.0,742.0,2,404,No,Electronics,679,Low
C09631,19,Student,11324.0,641.0,3,454,No,Electronics,828,Low
C09632,24,Employed,62381.0,663.0,1,117,No,Fashion,95,Low
C09633,33,Employed,56865.0,672.0,6,1376,No,Fashion,15,Low
C09634,22,Employed,59473.0,623.0,5,1146,No,Fashion,88,Low
C09635,63,Employed,73674.0,703.0,1,82,No,Electronics,306,Low
C09636,22,Employed,68522.0,681.0,0,0,No,Home/Furniture,417,Low
C09637,38,Freelancer,58022.0,678.0,0,0,No,Travel,433,Low
C09638,63,Student,13469.0,618.0,0,0,No,Fashion,108,Low
C09639,49,Student,18098.0,574.0,4,835,No,Electronics,447,Medium
C09640,59,Student,20916.0,661.0,4,773,No,Fashion,177,Low
C09641,46,Employed,76164.0,684.0,0,0,No,Electronics,455,Low
C09642,48,Freelancer,,702.0,0,0,No,Home/Furniture,315,Low
C09643,23,Freelancer,25968.0,609.0,1,119,No,Electronics,441,Low
C09644,20,Freelancer,64969.0,669.0,2,222,Yes,Fashion,10,Low
C09645,51,Employed,51938.0,724.0,1,168,Yes,Fashion,85,Low
C09646,18,Freelancer,57295.0,693.0,7,1326,No,Home/Furniture,550,Low
C09647,19,Student,19833.0,697.0,1,135,No,Fashion,136,Low
C09648,23,Employed,24043.0,709.0,1,160,No,Home/Furniture,311,Low
C09649,37,Freelancer,65706.0,632.0,8,869,No,Fashion,122,Low
C09650,49,Employed,42338.0,634.0,2,438,No,Home/Furniture,426,Low
C09651,22,Student,16877.0,412.0,3,317,Yes,Fashion,77,Medium
C09652,19,Employed,84330.0,674.0,1,151,No,Home/Furniture,369,Low
C09653,34,Employed,68975.0,747.0,1,161,No,Electronics,631,Low
C09654,20,Employed,97766.0,689.0,3,686,No,Electronics,614,Low
C09655,64,Student,13079.0,551.0,0,0,Yes,Electronics,558,Low
C09656,23,Employed,75928.0,687.0,0,0,No,Fashion,50,Low
C09657,28,Freelancer,34594.0,628.0,0,0,No,Home/Furniture,470,Low
C09658,54,Employed,29796.0,686.0,1,240,No,Electronics,469,Low
C09659,34,Freelancer,33399.0,572.0,2,223,No,Electronics,766,Low
C09660,34,Employed,82125.0,702.0,3,580,No,Fashion,114,Low
C09661,56,Employed,63386.0,700.0,6,1322,No,Fashion,77,Low
C09662,37,Employed,99802.0,677.0,0,0,Yes,Home/Furniture,416,Low
C09663,48,Unemployed,5934.0,480.0,0,0,No,Fashion,86,Low
C09664,41,Freelancer,25015.0,611.0,1,110,Yes,Electronics,442,Low
C09665,31,Student,17597.0,563.0,1,73,Yes,Electronics,480,Low
C09666,18,Employed,101616.0,727.0,0,0,No,Travel,701,Low
C09667,54,Employed,78098.0,706.0,4,642,No,Home/Furniture,352,Low
C09668,20,Student,20012.0,531.0,2,331,Yes,Electronics,531,Medium
C09669,60,Freelancer,45810.0,680.0,3,371,No,Electronics,614,Low
C09670,29,Freelancer,12974.0,566.0,2,327,Yes,Travel,854,Medium
C09671,42,Employed,25003.0,676.0,4,433,No,Electronics,511,Low
C09672,54,Employed,47901.0,750.0,1,176,No,Electronics,645,Low
C09673,36,Employed,65802.0,734.0,2,220,No,Electronics,588,Low
C09674,60,Employed,78954.0,775.0,2,347,No,Fashion,64,Low
C09675,42,Employed,77534.0,685.0,0,0,No,Groceries/Essentials,52,Low
C09676,31,Employed,58067.0,630.0,3,287,Yes,Fashion,98,Low
C09677,30,Employed,76105.0,670.0,1,123,No,Fashion,203,Low
C09678,19,Freelancer,50196.0,722.0,2,366,No,Home/Furniture,591,Low
C09679,56,Employed,72988.0,722.0,1,208,Yes,Fashion,163,Low
C09680,47,Employed,36656.0,650.0,1,185,No,Electronics,441,Low
C09681,24,Employed,50396.0,713.0,2,283,No,Fashion,120,Low
C09682,39,Employed,75152.0,646.0,3,474,No,Fashion,84,Low
C09683,19,Student,10401.0,600.0,3,513,No,Electronics,424,Medium
C09684,43,Employed,84721.0,674.0,1,67,No,Fashion,163,Low
C09685,24,Unemployed,5000.0,661.0,5,611,No,Fashion,122,High
C09686,38,Employed,65954.0,717.0,1,84,Yes,Electronics,760,Low
C09687,24,Employed,44544.0,755.0,1,111,No,Electronics,570,Low
C09688,61,Employed,76775.0,750.0,2,188,No,Electronics,356,Low
C09689,32,Employed,,684.0,0,0,No,Groceries/Essentials,64,Low
C09690,46,Employed,56073.0,718.0,2,167,No,Travel,648,Low
C09691,23,Employed,112993.0,660.0,2,324,Yes,Fashion,162,Low
C09692,48,Freelancer,56300.0,587.0,3,288,No,Home/Furniture,261,Low
C09693,34,Unemployed,5000.0,585.0,4,584,No,Fashion,83,High
C09694,24,Employed,50628.0,749.0,2,209,No,Travel,893,Low
C09695,32,Employed,75323.0,730.0,1,159,Yes,Home/Furniture,392,Low
C09696,40,Employed,83576.0,635.0,1,161,No,Home/Furniture,268,Low
C09697,19,Unemployed,10155.0,330.0,1,151,Yes,Electronics,439,Medium
C09698,40,Freelancer,60863.0,686.0,1,171,No,Fashion,132,Low
C09699,28,Employed,94455.0,670.0,1,134,No,Travel,838,Low
C09700,60,Student,22689.0,585.0,4,641,No,Fashion,74,Low
C09701,40,Freelancer,64204.0,795.0,1,155,No,Travel,927,Low
C09702,34,Employed,57475.0,682.0,2,274,No,Electronics,368,Low
C09703,28,Student,14711.0,610.0,0,0,No,Fashion,63,Low
C09704,24,Employed,52312.0,591.0,2,336,Yes,Home/Furniture,353,Low
C09705,24,Employed,99259.0,749.0,6,952,No,Fashion,123,Low
C09706,33,Student,12258.0,605.0,0,0,No,Electronics,591,Low
C09707,30,Employed,47051.0,670.0,3,224,No,Electronics,352,Low
C09708,35,Employed,72360.0,,3,382,No,Fashion,138,Low
C09709,20,Unemployed,11808.0,477.0,4,801,Yes,Home/Furniture,373,High
C09710,32,Employed,88215.0,780.0,2,300,No,Electronics,476,Low
C09711,26,Student,24740.0,785.0,0,0,No,Electronics,577,Low
C09712,31,Student,11735.0,715.0,2,273,No,Fashion,141,Low
C09713,18,Employed,41376.0,809.0,0,0,No,Fashion,108,Low
C09714,61,Employed,71970.0,707.0,1,211,No,Fashion,67,Low
C09715,40,Employed,40241.0,743.0,1,143,No,Travel,854,Low
C09716,39,Student,12338.0,617.0,3,648,Yes,Electronics,350,High
C09717,22,Employed,76025.0,756.0,3,514,No,Fashion,138,Low
C09718,19,Employed,48968.0,709.0,0,0,No,Electronics,266,Low
C09719,51,Employed,51005.0,630.0,2,205,Yes,Travel,1005,Low
C09720,41,Employed,42716.0,703.0,3,356,No,Groceries/Essentials,69,Low
C09721,52,Unemployed,13659.0,492.0,2,182,No,Fashion,27,Low
C09722,26,Student,16442.0,636.0,2,321,No,Fashion,93,Low
C09723,21,Employed,51081.0,779.0,5,879,No,Home/Furniture,499,Low
C09724,64,Employed,80205.0,765.0,2,271,No,Electronics,259,Low
C09725,19,Employed,65157.0,699.0,1,160,No,Travel,888,Low
C09726,33,Employed,106949.0,669.0,5,697,No,Home/Furniture,316,Low
C09727,40,Employed,66400.0,650.0,1,231,No,Home/Furniture,536,Low
C09728,31,Employed,59052.0,733.0,3,540,No,Fashion,70,Low
C09729,19,Employed,59663.0,654.0,3,348,No,Fashion,119,Low
C09730,49,Employed,97980.0,727.0,2,356,No,Electronics,544,Low
C09731,48,Student,13755.0,610.0,5,564,No,Home/Furniture,439,Medium
C09732,46,Employed,70949.0,717.0,7,667,No,Fashion,81,Low
C09733,56,Student,13250.0,425.0,1,113,Yes,Electronics,360,Low
C09734,45,Freelancer,76386.0,663.0,2,248,No,Fashion,98,Low
C09735,38,Employed,79591.0,645.0,1,132,Yes,Fashion,124,Low
C09736,27,Employed,81767.0,713.0,2,215,Yes,Home/Furniture,527,Low
C09737,43,Employed,58227.0,722.0,2,251,No,Electronics,357,Low
C09738,48,Freelancer,48170.0,619.0,1,49,No,Travel,503,Low
C09739,18,Employed,72676.0,722.0,3,426,No,Home/Furniture,369,Low
C09740,22,Student,10302.0,610.0,2,396,Yes,Fashion,128,Medium
C09741,38,Freelancer,65038.0,533.0,1,92,Yes,Electronics,405,Low
C09742,19,Employed,72095.0,729.0,1,119,No,Electronics,470,Low
C09743,31,Employed,97513.0,687.0,2,409,Yes,Electronics,606,Low
C09744,24,Student,23591.0,551.0,4,633,Yes,Groceries/Essentials,34,Medium
C09745,36,Employed,48473.0,742.0,1,133,Yes,Home/Furniture,436,Low
C09746,42,Employed,71689.0,629.0,1,215,No,Fashion,74,Low
C09747,28,Unemployed,5000.0,592.0,2,352,Yes,Fashion,64,High
C09748,42,Freelancer,49519.0,673.0,2,304,No,Fashion,44,Low
C09749,28,Student,15088.0,575.0,4,662,No,Fashion,120,Medium
C09750,49,Employed,75746.0,690.0,3,219,No,Fashion,119,Low
C09751,35,Student,20990.0,616.0,1,255,No,Fashion,69,Low
C09752,42,Employed,75308.0,732.0,3,376,No,Electronics,303,Low
C09753,22,Employed,59975.0,648.0,0,0,No,Home/Furniture,469,Low
C09754,22,Employed,56454.0,774.0,5,1123,No,Fashion,98,Low
C09755,59,Employed,79994.0,,1,148,Yes,Electronics,408,Low
C09756,42,Employed,83684.0,674.0,2,293,No,Home/Furniture,589,Low
C09757,18,Employed,82436.0,744.0,2,303,No,Travel,763,Low
C09758,21,Student,10565.0,451.0,1,63,Yes,Groceries/Essentials,64,Medium
C09759,26,Employed,56789.0,643.0,2,509,Yes,Fashion,79,Low
C09760,21,Student,6219.0,622.0,4,702,Yes,Fashion,23,High
C09761,49,Employed,,661.0,3,342,Yes,Fashion,94,Low
C09762,53,Freelancer,51419.0,519.0,3,360,Yes,Groceries/Essentials,39,Low
C09763,29,Freelancer,7397.0,625.0,1,150,No,Fashion,82,Low
C09764,29,Employed,,769.0,2,151,No,Home/Furniture,658,Low
C09765,25,Student,15221.0,571.0,1,134,No,Fashion,14,Low
C09766,35,Freelancer,53035.0,615.0,1,140,No,Home/Furniture,326,Low
C09767,40,Student,6882.0,595.0,2,404,Yes,Fashion,194,High
C09768,20,Unemployed,5000.0,446.0,2,277,Yes,Fashion,91,High
C09769,44,Employed,113073.0,696.0,2,362,No,Travel,831,Low
C09770,18,Employed,71909.0,657.0,3,741,No,Electronics,426,Low
C09771,34,Student,5000.0,506.0,0,0,No,Home/Furniture,585,Low
C09772,21,Unemployed,16812.0,544.0,0,0,Yes,Fashion,120,Low
C09773,31,Student,16091.0,622.0,0,0,No,Fashion,10,Low
C09774,34,Employed,59103.0,705.0,3,468,No,Electronics,96,Low
C09775,21,Employed,86988.0,705.0,3,529,No,Fashion,123,Low
C09776,54,Employed,63951.0,658.0,1,140,No,Electronics,851,Low
C09777,45,Freelancer,33240.0,638.0,6,855,Yes,Electronics,430,Medium
C09778,34,Employed,72511.0,692.0,8,1520,No,Electronics,343,Low
C09779,19,Student,12563.0,476.0,3,585,Yes,Electronics,598,Medium
C09780,31,Employed,62163.0,755.0,2,309,No,Home/Furniture,506,Low
C09781,19,Employed,43239.0,732.0,0,0,No,Electronics,556,Low
C09782,57,Employed,92768.0,794.0,1,180,No,Travel,684,Low
C09783,57,Employed,28218.0,687.0,1,200,No,Fashion,71,Low
C09784,40,Employed,76451.0,741.0,3,468,No,Electronics,395,Low
C09785,18,Freelancer,,706.0,2,219,Yes,Home/Furniture,417,Low
C09786,19,Employed,79337.0,814.0,0,0,No,Electronics,477,Low
C09787,31,Freelancer,69465.0,733.0,2,352,No,Fashion,87,Low
C09788,60,Employed,100183.0,625.0,0,0,Yes,Electronics,564,Low
C09789,57,Student,10911.0,672.0,5,971,No,Fashion,131,High
C09790,33,Unemployed,5000.0,611.0,2,355,No,Home/Furniture,175,High
C09791,42,Student,8268.0,601.0,1,173,No,Groceries/Essentials,80,Low
C09792,22,Employed,36790.0,655.0,4,503,No,Fashion,177,Low
C09793,60,Employed,86855.0,744.0,6,1019,No,Fashion,97,Low
C09794,32,Student,17956.0,595.0,2,332,No,Home/Furniture,414,Low
C09795,28,Employed,64231.0,649.0,0,0,No,Electronics,286,Low
C09796,19,Employed,72269.0,671.0,0,0,Yes,Electronics,671,Low
C09797,25,Freelancer,5000.0,671.0,2,313,No,Electronics,564,Medium
C09798,21,Freelancer,74315.0,717.0,2,264,No,Home/Furniture,528,Low
C09799,58,Employed,96120.0,646.0,2,466,No,Travel,799,Low
C09800,29,Employed,44117.0,758.0,4,554,No,Fashion,89,Low
C09801,60,Employed,80945.0,755.0,1,127,No,Electronics,590,Low
C09802,24,Employed,57508.0,681.0,1,124,No,Travel,951,Low
C09803,45,Student,17666.0,640.0,1,171,No,Fashion,121,Low
C09804,37,Employed,,718.0,1,115,No,Travel,837,Low
C09805,18,Employed,69419.0,764.0,1,137,No,Fashion,197,Low
C09806,61,Student,15676.0,431.0,2,350,No,Electronics,589,Low
C09807,28,Employed,78217.0,683.0,0,0,No,Fashion,106,Low
C09808,38,Student,9321.0,647.0,2,251,No,Home/Furniture,235,Low
C09809,30,Employed,84503.0,712.0,1,267,No,Electronics,275,Low
C09810,19,Student,22557.0,627.0,3,455,Yes,Fashion,71,Medium
C09811,46,Student,15961.0,647.0,1,192,No,Home/Furniture,364,Low
C09812,30,Employed,70839.0,737.0,5,562,No,Fashion,64,Low
C09813,23,Student,14344.0,672.0,1,170,No,Fashion,82,Low
C09814,30,Employed,91211.0,616.0,3,548,No,Electronics,293,Low
C09815,29,Employed,65844.0,835.0,3,589,No,Home/Furniture,448,Low
C09816,31,Employed,78022.0,636.0,1,82,Yes,Fashion,155,Low
C09817,37,Employed,70012.0,699.0,4,697,No,Electronics,794,Low
C09818,63,Employed,65272.0,687.0,3,564,No,Electronics,673,Low
C09819,19,Freelancer,56089.0,586.0,1,219,Yes,Electronics,866,Low
C09820,28,Employed,47645.0,705.0,0,0,No,Fashion,75,Low
C09821,36,Employed,49641.0,773.0,0,0,No,Groceries/Essentials,42,Low
C09822,18,Employed,56583.0,706.0,1,122,No,Electronics,510,Low
C09823,30,Freelancer,53716.0,737.0,1,207,No,Home/Furniture,394,Low
C09824,44,Employed,76630.0,671.0,5,452,No,Electronics,558,Low
C09825,18,Employed,58445.0,712.0,0,0,No,Fashion,71,Low
C09826,41,Unemployed,19335.0,614.0,1,121,Yes,Fashion,101,Low
C09827,33,Employed,89567.0,646.0,2,270,Yes,Electronics,232,Low
C09828,37,Employed,50878.0,769.0,2,344,No,Travel,779,Low
C09829,29,Unemployed,14874.0,534.0,1,252,Yes,Fashion,93,Low
C09830,20,Student,19867.0,540.0,3,287,Yes,Electronics,673,Medium
C09831,33,Employed,91236.0,675.0,4,413,No,Groceries/Essentials,34,Low
C09832,38,Student,18370.0,692.0,1,152,No,Travel,837,Low
C09833,35,Employed,,804.0,2,0,Yes,Fashion,50,Low
C09834,24,Employed,64916.0,663.0,4,546,No,Home/Furniture,478,Low
C09835,29,Employed,97207.0,611.0,1,104,No,Fashion,95,Low
C09836,59,Freelancer,11212.0,609.0,4,127,Yes,Electronics,337,Low
C09837,43,Employed,51652.0,653.0,3,247,Yes,Fashion,157,Low
C09838,44,Student,28908.0,551.0,1,180,No,Travel,927,Low
C09839,48,Employed,44916.0,737.0,2,365,No,Travel,637,Low
C09840,19,Freelancer,5000.0,511.0,2,148,No,Travel,585,Low
C09841,36,Employed,49585.0,,1,256,No,Home/Furniture,392,Low
C09842,45,Student,17461.0,561.0,1,57,Yes,Fashion,73,Low
C09843,34,Employed,58927.0,706.0,10,1945,No,Travel,819,Medium
C09844,19,Employed,46203.0,723.0,3,430,No,Home/Furniture,430,Low
C09845,48,Employed,42046.0,688.0,2,325,No,Fashion,66,Low
C09846,25,Freelancer,21888.0,702.0,1,114,Yes,Fashion,75,Low
C09847,32,Employed,78107.0,746.0,3,353,No,Fashion,111,Low
C09848,54,Employed,75112.0,661.0,2,234,No,Fashion,76,Low
C09849,25,Freelancer,67669.0,583.0,2,356,No,Electronics,551,Low
C09850,35,Student,18405.0,661.0,2,201,No,Home/Furniture,461,Low
C09851,43,Student,17104.0,517.0,3,294,No,Electronics,346,Low
C09852,30,Employed,48481.0,707.0,2,316,No,Electronics,399,Low
C09853,22,Student,5980.0,625.0,3,499,No,Fashion,90,High
C09854,48,Employed,52872.0,779.0,3,442,No,Home/Furniture,472,Low
C09855,55,Employed,42338.0,569.0,1,65,No,Groceries/Essentials,66,Low
C09856,29,Employed,84288.0,729.0,0,0,No,Electronics,566,Low
C09857,33,Student,23079.0,536.0,1,79,No,Home/Furniture,475,Low
C09858,38,Employed,94388.0,746.0,2,190,No,Electronics,642,Low
C09859,34,Student,20051.0,573.0,2,285,Yes,Electronics,594,Low
C09860,64,Employed,94917.0,695.0,1,218,No,Fashion,128,Low
C09861,29,Freelancer,60577.0,611.0,5,909,No,Groceries/Essentials,49,Low
C09862,27,Freelancer,63973.0,554.0,7,1605,Yes,Home/Furniture,410,Medium
C09863,44,Employed,88428.0,679.0,3,565,No,Electronics,417,Low
C09864,58,Employed,87532.0,727.0,1,179,No,Home/Furniture,255,Low
C09865,35,Employed,97198.0,711.0,1,126,No,Fashion,114,Low
C09866,39,Employed,118487.0,662.0,5,367,No,Fashion,119,Low
C09867,35,Employed,45960.0,649.0,1,189,Yes,Electronics,363,Low
C09868,39,Employed,67831.0,754.0,1,147,No,Fashion,145,Low
C09869,53,Employed,80498.0,612.0,2,196,Yes,Fashion,63,Low
C09870,26,Student,13087.0,584.0,1,144,No,Fashion,57,Low
C09871,18,Student,9041.0,665.0,1,168,Yes,Travel,732,Low
C09872,63,Student,14764.0,566.0,1,121,No,Fashion,76,Low
C09873,22,Employed,53023.0,736.0,0,0,No,Electronics,441,Low
C09874,18,Student,12011.0,669.0,1,96,No,Electronics,402,Low
C09875,34,Student,15259.0,579.0,0,0,No,Fashion,175,Low
C09876,20,Freelancer,50253.0,705.0,5,1015,No,Electronics,617,Low
C09877,51,Employed,40661.0,691.0,0,0,No,Home/Furniture,315,Low
C09878,26,Employed,47465.0,,1,132,No,Electronics,714,Low
C09879,18,Employed,82343.0,748.0,7,736,No,Home/Furniture,472,Low
C09880,31,Employed,76384.0,728.0,1,138,No,Fashion,112,Low
C09881,53,Employed,38807.0,733.0,3,605,No,Electronics,670,Low
C09882,25,Employed,57548.0,736.0,1,181,No,Home/Furniture,555,Low
C09883,61,Employed,85657.0,686.0,1,214,No,Travel,422,Low
C09884,40,Student,15803.0,536.0,1,173,Yes,Electronics,707,Low
C09885,29,Unemployed,13466.0,484.0,4,318,Yes,Fashion,114,High
C09886,45,Employed,74821.0,670.0,1,77,Yes,Electronics,545,Low
C09887,26,Employed,108817.0,775.0,4,676,No,Travel,1061,Low
C09888,46,Employed,73318.0,739.0,5,598,No,Fashion,56,Low
C09889,41,Employed,49065.0,732.0,0,0,No,Electronics,450,Low
C09890,19,Employed,40261.0,655.0,1,141,No,Fashion,112,Low
C09891,47,Freelancer,93982.0,744.0,1,82,No,Groceries/Essentials,31,Low
C09892,41,Student,10264.0,501.0,2,379,Yes,Home/Furniture,410,Medium
C09893,20,Employed,43315.0,796.0,2,303,No,Electronics,621,Low
C09894,27,Student,,643.0,4,790,Yes,Travel,699,High
C09895,19,Employed,59956.0,718.0,1,114,No,Electronics,581,Low
C09896,21,Employed,54377.0,737.0,0,0,No,Fashion,43,Low
C09897,30,Student,25399.0,732.0,1,105,No,Fashion,34,Low
C09898,22,Employed,77332.0,643.0,0,0,Yes,Fashion,71,Low
C09899,35,Student,13315.0,568.0,3,455,Yes,Home/Furniture,381,Medium
C09900,18,Student,13971.0,606.0,1,109,Yes,Groceries/Essentials,43,Low
C09901,23,Employed,96937.0,699.0,1,185,No,Home/Furniture,317,Low
C09902,51,Employed,72745.0,688.0,7,678,No,Home/Furniture,336,Low
C09903,58,Unemployed,5000.0,585.0,2,263,Yes,Fashion,136,High
C09904,55,Employed,96101.0,706.0,3,393,No,Groceries/Essentials,10,Low
C09905,61,Employed,61712.0,675.0,3,441,No,Fashion,45,Low
C09906,32,Freelancer,38628.0,596.0,1,156,No,Fashion,92,Low
C09907,32,Employed,64185.0,721.0,6,767,No,Fashion,105,Low
C09908,23,Student,20450.0,561.0,2,356,No,Fashion,93,Low
C09909,35,Employed,100527.0,651.0,2,248,No,Electronics,411,Low
C09910,32,Employed,73564.0,676.0,1,131,No,Home/Furniture,313,Low
C09911,20,Employed,103448.0,655.0,3,430,No,Fashion,59,Low
C09912,18,Employed,42178.0,760.0,2,195,No,Electronics,595,Low
C09913,21,Employed,71502.0,714.0,3,299,No,Groceries/Essentials,52,Low
C09914,36,Employed,87259.0,724.0,2,276,No,Electronics,469,Low
C09915,45,Employed,95413.0,737.0,1,133,No,Home/Furniture,400,Low
C09916,21,Employed,34604.0,665.0,6,854,No,Fashion,42,Low
C09917,48,Employed,46493.0,687.0,1,193,No,Electronics,394,Low
C09918,28,Student,18480.0,573.0,0,0,No,Fashion,173,Low
C09919,20,Employed,100408.0,687.0,8,1295,No,Electronics,616,Low
C09920,30,Employed,56757.0,781.0,5,1074,No,Fashion,120,Low
C09921,52,Employed,92287.0,631.0,2,248,Yes,Fashion,61,Low
C09922,32,Employed,50182.0,697.0,2,324,No,Electronics,588,Low
C09923,23,Student,5488.0,555.0,2,192,Yes,Travel,808,Medium
C09924,20,Employed,,791.0,4,734,No,Electronics,480,Low
C09925,35,Employed,82287.0,708.0,3,550,No,Electronics,478,Low
C09926,31,Employed,79279.0,664.0,5,938,No,Groceries/Essentials,44,Low
C09927,26,Employed,56596.0,639.0,0,0,No,Fashion,104,Low
C09928,56,Employed,14626.0,735.0,3,898,No,Home/Furniture,372,Medium
C09929,24,Freelancer,57274.0,715.0,3,421,No,Home/Furniture,345,Low
C09930,34,Freelancer,29264.0,608.0,2,399,No,Electronics,373,Low
C09931,45,Employed,85886.0,779.0,4,844,No,Electronics,398,Low
C09932,44,Student,12725.0,668.0,1,121,No,Fashion,125,Low
C09933,19,Employed,90652.0,672.0,2,303,No,Fashion,116,Low
C09934,53,Employed,58668.0,622.0,3,455,Yes,Travel,972,Low
C09935,27,Student,15508.0,545.0,2,251,Yes,Fashion,87,Medium
C09936,18,Freelancer,69997.0,698.0,0,0,No,Electronics,455,Low
C09937,27,Employed,81798.0,664.0,1,109,No,Home/Furniture,548,Low
C09938,45,Student,14292.0,583.0,1,113,No,Fashion,138,Low
C09939,34,Employed,61588.0,675.0,1,175,Yes,Fashion,148,Low
C09940,45,Freelancer,22011.0,685.0,3,395,No,Fashion,113,Low
C09941,22,Student,8556.0,548.0,1,98,Yes,Electronics,516,Low
C09942,56,Freelancer,71234.0,725.0,1,163,No,Fashion,140,Low
C09943,26,Employed,68857.0,,4,351,No,Electronics,475,Low
C09944,26,Employed,54287.0,,3,446,No,Home/Furniture,507,Low
C09945,31,Employed,59312.0,673.0,2,186,No,Electronics,474,Low
C09946,36,Student,18056.0,725.0,2,286,No,Fashion,10,Low
C09947,23,Student,17383.0,703.0,3,545,No,Travel,562,Low
C09948,18,Employed,85749.0,798.0,3,335,No,Fashion,103,Low
C09949,28,Employed,59038.0,753.0,6,760,No,Travel,297,Low
C09950,23,Unemployed,5000.0,499.0,1,190,Yes,Travel,890,High
C09951,19,Employed,,748.0,3,453,No,Travel,1085,Low
C09952,42,Student,17661.0,565.0,1,223,Yes,Fashion,19,Low
C09953,19,Freelancer,,741.0,1,134,Yes,Home/Furniture,452,Low
C09954,63,Student,17233.0,668.0,1,217,No,Fashion,112,Low
C09955,27,Student,12355.0,599.0,3,416,No,Fashion,132,Low
C09956,18,Employed,80410.0,633.0,1,122,No,Electronics,447,Low
C09957,36,Employed,59830.0,654.0,1,194,No,Home/Furniture,359,Low
C09958,35,Student,22456.0,533.0,2,312,No,Fashion,126,Low
C09959,23,Employed,52344.0,677.0,0,0,No,Home/Furniture,653,Low
C09960,22,Employed,87107.0,718.0,1,120,Yes,Home/Furniture,444,Low
C09961,18,Employed,67705.0,675.0,1,207,Yes,Electronics,533,Low
C09962,22,Student,17720.0,670.0,1,185,No,Travel,773,Low
C09963,63,Employed,51978.0,707.0,3,389,Yes,Travel,544,Low
C09964,18,Employed,67886.0,706.0,4,777,No,Electronics,633,Low
C09965,39,Employed,40840.0,654.0,4,548,No,Electronics,703,Low
C09966,34,Student,25434.0,605.0,3,336,Yes,Fashion,60,Low
C09967,54,Employed,90359.0,737.0,2,468,No,Fashion,26,Low
C09968,27,Student,15926.0,678.0,2,386,No,Electronics,374,Low
C09969,42,Freelancer,88159.0,631.0,3,668,Yes,Fashion,76,Low
C09970,19,Employed,59748.0,664.0,5,608,No,Home/Furniture,284,Low
C09971,29,Student,16755.0,581.0,4,545,No,Fashion,66,Low
C09972,31,Student,20152.0,698.0,1,122,No,Electronics,490,Low
C09973,20,Freelancer,23386.0,716.0,1,206,No,Electronics,597,Low
C09974,22,Employed,78784.0,701.0,1,101,No,Electronics,819,Low
C09975,43,Employed,78488.0,680.0,1,181,No,Fashion,98,Low
C09976,20,Freelancer,64303.0,677.0,3,265,No,Fashion,102,Low
C09977,25,Employed,93821.0,667.0,3,482,No,Home/Furniture,513,Low
C09978,23,Employed,67879.0,721.0,1,138,No,Electronics,526,Low
C09979,54,Student,13464.0,433.0,1,117,Yes,Electronics,240,Low
C09980,27,Student,10318.0,675.0,2,402,No,Electronics,381,Low
C09981,22,Employed,67407.0,650.0,2,331,Yes,Home/Furniture,256,Low
C09982,18,Freelancer,68975.0,742.0,2,436,No,Fashion,102,Low
C09983,18,Student,17504.0,585.0,2,430,Yes,Fashion,140,Medium
C09984,46,Employed,80065.0,642.0,4,887,No,Fashion,176,Low
C09985,19,Employed,72642.0,691.0,0,0,No,Electronics,655,Low
C09986,40,Student,15892.0,512.0,4,736,No,Fashion,126,Medium
C09987,58,Student,18986.0,591.0,1,215,Yes,Home/Furniture,497,Low
C09988,24,Employed,97153.0,684.0,1,188,Yes,Electronics,680,Low
C09989,42,Employed,72256.0,659.0,0,0,No,Fashion,99,Low
C09990,24,Employed,87885.0,641.0,2,129,Yes,Electronics,505,Low
C09991,33,Student,9381.0,609.0,1,128,No,Home/Furniture,376,Low
C09992,25,Employed,72621.0,668.0,5,768,No,Electronics,334,Low
C09993,52,Employed,57511.0,700.0,3,407,No,Home/Furniture,377,Low
C09994,44,Employed,46314.0,662.0,0,0,No,Fashion,158,Low
C09995,39,Student,16250.0,523.0,2,314,Yes,Fashion,76,Low
C09996,21,Freelancer,5000.0,669.0,2,241,No,Electronics,720,Medium
C09997,23,Employed,,709.0,2,249,No,Electronics,652,Low
C09998,44,Student,22309.0,,2,235,No,Groceries/Essentials,69,Low
C09999,30,Employed,62460.0,681.0,3,332,Yes,Fashion,180,Low
C10000,38,Employed,78349.0,807.0,4,525,Yes,Fashion,46,Low
